datetime,symbol,side,order_type,time_in_force,original_quantity,price,average_price,order_status,order_last_filled_quantity,order_filled_accumulated_quantity,order_trade_time,usd_size,LIQ_SIDE
2024-06-04 14:35:34.123,WIF,SELL,LIMIT,IOC,1515.7,3.2590336,3.3091669,FILLED,303.8,1515.7,1717511734123,4939.71722752,L LIQ
2024-06-04 15:28:16.203,WIF,SELL,LIMIT,IOC,1311.7,3.2482668,3.2981675,FILLED,385.4,1311.7,1717514896203,4260.7515615600005,L LIQ
2024-06-04 15:45:59.688,WIF,BUY,LIMIT,IOC,1510.5,3.3762079,3.3284245,FILLED,201.3,1510.5,1717515959688,5099.76203295,S LIQ
2024-06-04 16:04:03.283,WIF,BUY,LIMIT,IOC,1019.3,3.4220319,3.3716316,FILLED,23.1,1019.3,1717517043283,3488.07711567,S LIQ
2024-06-04 16:19:31.411,WIF,BUY,LIMIT,IOC,3475.4,3.5020002,3.4543057,FILLED,21.5,3475.4,1717517971411,12170.85149508,S LIQ
2024-06-04 16:20:10.517,WIF,SELL,LIMIT,IOC,930.0,3.3767869,3.4302597,FILLED,161.5,930.0,1717518010517,3140.411817,L LIQ
2024-06-04 17:49:48.663,WIF,BUY,LIMIT,IOC,1673.1,3.5128697,3.4588,FILLED,8.0,1673.1,1717523388663,5877.38229507,S LIQ
2024-06-04 19:01:33.657,WIF,SELL,LIMIT,IOC,1070.7,3.3860638,3.4383646,FILLED,23.7,1070.7,1717527693657,3625.45851066,L LIQ
2024-06-04 19:07:17.148,WIF,SELL,LIMIT,IOC,1144.9,3.3770033,3.4251965,FILLED,90.6,1144.9,1717528037148,3866.3310781700006,L LIQ
2024-06-04 19:18:46.078,WIF,SELL,LIMIT,IOC,1261.0,3.3603586,3.4110926,FILLED,32.1,1261.0,1717528726078,4237.4121946000005,L LIQ
2024-06-04 19:38:05.095,WIF,SELL,LIMIT,IOC,1459.8,3.3152012,3.3619111,FILLED,148.5,1459.8,1717529885095,4839.5307117600005,L LIQ
2024-06-04 19:38:40.420,WIF,SELL,LIMIT,IOC,1464.6,3.3134416,3.3617757,FILLED,6.8,1464.6,1717529920420,4852.86656736,L LIQ
2024-06-04 21:18:28.098,WIF,SELL,LIMIT,IOC,1383.4,3.3036777,3.3542082,FILLED,155.9,1383.4,1717535908098,4570.30773018,L LIQ
2024-06-04 22:17:48.235,WIF,BUY,LIMIT,IOC,1474.8,3.4349152,3.3873872,FILLED,852.3,1474.8,1717539468235,5065.812936959999,S LIQ
2024-06-05 00:24:19.654,WIF,BUY,LIMIT,IOC,1471.0,3.4822031,3.4313599,FILLED,222.1,1471.0,1717547059654,5122.3207601,S LIQ
2024-06-05 01:49:39.124,WIF,BUY,LIMIT,IOC,1465.0,3.5331144,3.4840429,FILLED,6.7,1465.0,1717552179124,5176.0125960000005,S LIQ
2024-06-05 02:01:11.332,WIF,BUY,LIMIT,IOC,1181.1,3.555374,3.5065587,FILLED,76.3,1181.1,1717552871332,4199.2522314,S LIQ
2024-06-05 02:01:16.346,WIF,BUY,LIMIT,IOC,1432.1,3.5588321,3.5079935,FILLED,71.6,1432.1,1717552876346,5096.60345041,S LIQ
2024-06-05 02:18:15.470,WIF,BUY,LIMIT,IOC,1423.6,3.5800524,3.529017,FILLED,5.0,1423.6,1717553895470,5096.562596639999,S LIQ
2024-06-05 02:19:46.125,WIF,BUY,LIMIT,IOC,4149.3,3.5973929,3.5347086,FILLED,75.2,4149.3,1717553986125,14926.66235997,S LIQ
2024-06-05 02:25:27.184,WIF,BUY,LIMIT,IOC,1777.5,3.6107295,3.5563435,FILLED,250.8,1777.5,1717554327184,6418.07168625,S LIQ
2024-06-05 02:32:22.152,WIF,BUY,LIMIT,IOC,1611.3,3.636317,3.5869565,FILLED,29.9,1611.3,1717554742152,5859.1975821,S LIQ
2024-06-05 05:08:15.475,WIF,SELL,LIMIT,IOC,1365.2,3.4090155,3.4601113,FILLED,140.5,1365.2,1717564095475,4653.9879606,L LIQ
2024-06-05 07:26:25.365,WIF,BUY,LIMIT,IOC,1200.0,3.5953343,3.5388716,FILLED,28.3,1200.0,1717572385365,4314.40116,S LIQ
2024-06-05 07:49:27.388,WIF,BUY,LIMIT,IOC,3665.6,3.6163949,3.5539204,FILLED,137.7,3665.6,1717573767388,13256.25714544,S LIQ
2024-06-05 09:46:18.147,WIF,SELL,LIMIT,IOC,982.6,3.4432698,3.4955841,FILLED,296.7,982.6,1717580778147,3383.35690548,L LIQ
2024-06-05 10:05:13.600,WIF,SELL,LIMIT,IOC,1465.3,3.4342218,3.4859097,FILLED,17.6,1465.3,1717581913600,5032.16520354,L LIQ
2024-06-05 10:25:05.120,WIF,SELL,LIMIT,IOC,960.1,3.4143373,3.4543128,FILLED,105.4,960.1,1717583105120,3278.10524173,L LIQ
2024-06-05 10:25:06.178,WIF,SELL,LIMIT,IOC,4165.9,3.3939469,3.453147,FILLED,1211.8,4165.9,1717583106178,14138.84339071,L LIQ
2024-06-05 10:31:30.635,WIF,SELL,LIMIT,IOC,1395.3,3.3745872,3.4253548,FILLED,19.4,1395.3,1717583490635,4708.56152016,L LIQ
2024-06-05 10:32:21.427,WIF,SELL,LIMIT,IOC,3216.8,3.3627189,3.4210993,FILLED,503.8,3216.8,1717583541427,10817.19415752,L LIQ
2024-06-05 11:04:41.403,WIF,BUY,LIMIT,IOC,1447.1,3.4910752,3.4400614,FILLED,36.0,1447.1,1717585481403,5051.934921919999,S LIQ
2024-06-05 12:26:12.074,WIF,SELL,LIMIT,IOC,1109.3,3.3608036,3.410968,FILLED,100.7,1109.3,1717590372074,3728.13943348,L LIQ
2024-06-05 12:26:30.352,WIF,SELL,LIMIT,IOC,1404.7,3.3538372,3.4021856,FILLED,51.2,1404.7,1717590390352,4711.13511484,L LIQ
2024-06-05 12:26:32.860,WIF,SELL,LIMIT,IOC,8391.4,3.3379756,3.4003172,FILLED,48.5,8391.4,1717590392860,28010.28844984,L LIQ
2024-06-05 13:36:57.683,WIF,SELL,LIMIT,IOC,1046.9,3.3661391,3.4169352,FILLED,35.9,1046.9,1717594617683,3524.0110237900003,L LIQ
2024-06-05 13:37:18.286,WIF,SELL,LIMIT,IOC,2737.4,3.3532617,3.412165,FILLED,88.9,2737.4,1717594638286,9179.21857758,L LIQ
2024-06-05 13:50:23.616,WIF,SELL,LIMIT,IOC,1071.5,3.3381614,3.3852,FILLED,931.5,1071.5,1717595423616,3576.8399401,L LIQ
2024-06-05 14:09:47.141,WIF,SELL,LIMIT,IOC,989.2,3.3232621,3.3743272,FILLED,62.8,989.2,1717596587141,3287.37086932,L LIQ
2024-06-05 14:10:28.187,WIF,SELL,LIMIT,IOC,34381.1,3.2934239,3.3700257,FILLED,32098.5,34381.1,1717596628187,113231.53644829,L LIQ
2024-06-05 14:17:45.158,WIF,BUY,LIMIT,IOC,1022.2,3.4305083,3.3823592,FILLED,220.6,1022.2,1717597065158,3506.6655842600003,S LIQ
2024-06-05 16:05:03.140,WIF,SELL,LIMIT,IOC,1419.3,3.4168419,3.4683,FILLED,1419.3,1419.3,1717603503140,4849.52370867,L LIQ
2024-06-05 16:44:30.604,WIF,SELL,LIMIT,IOC,1085.8,3.3914224,3.4425155,FILLED,810.8,1085.8,1717605870604,3682.40644192,L LIQ
2024-06-05 16:44:32.610,WIF,SELL,LIMIT,IOC,1011.4,3.3907496,3.4422914,FILLED,55.5,1011.4,1717605872610,3429.40414544,L LIQ
2024-06-05 16:47:47.390,WIF,SELL,LIMIT,IOC,975.3,3.3683827,3.4160587,FILLED,337.3,975.3,1717606067390,3285.18364731,L LIQ
2024-06-05 16:55:40.195,WIF,SELL,LIMIT,IOC,1048.3,3.3536571,3.3885888,FILLED,400.5,1048.3,1717606540195,3515.63873793,L LIQ
2024-06-05 18:47:51.124,WIF,SELL,LIMIT,IOC,1221.9,3.3856901,3.4367564,FILLED,8.5,1221.9,1717613271124,4136.974733190001,L LIQ
2024-06-05 22:01:27.177,WIF,SELL,LIMIT,IOC,1106.6,3.3499703,3.4006962,FILLED,126.8,1106.6,1717624887177,3707.0771339799994,L LIQ
2024-06-05 22:13:27.684,WIF,SELL,LIMIT,IOC,1439.5,3.3490001,3.399605,FILLED,1.2,1439.5,1717625607684,4820.8856439500005,L LIQ
2024-06-05 22:27:48.595,WIF,SELL,LIMIT,IOC,1319.9,3.339629,3.3901222,FILLED,3.0,1319.9,1717626468595,4407.9763171,L LIQ
2024-06-06 03:20:12.253,WIF,SELL,LIMIT,IOC,1236.0,3.37991,3.4331321,FILLED,14.6,1236.0,1717644012253,4177.56876,L LIQ
2024-06-06 05:57:00.439,WIF,SELL,LIMIT,IOC,1174.9,3.295694,3.3422211,FILLED,91.8,1174.9,1717653420439,3872.1108806000007,L LIQ
2024-06-06 06:30:32.221,WIF,SELL,LIMIT,IOC,1088.2,3.2871465,3.3359425,FILLED,290.8,1088.2,1717655432221,3577.0728213,L LIQ
2024-06-06 06:31:46.157,WIF,SELL,LIMIT,IOC,1078.8,3.2771194,3.3260137,FILLED,68.8,1078.8,1717655506157,3535.35640872,L LIQ
2024-06-06 06:31:53.601,WIF,SELL,LIMIT,IOC,5971.4,3.2636667,3.3261392,FILLED,765.3,5971.4,1717655513601,19488.659332379997,L LIQ
2024-06-06 06:32:08.110,WIF,SELL,LIMIT,IOC,47099.5,3.244049,3.32,FILLED,23680.1,47099.5,1717655528110,152793.0858755,L LIQ
2024-06-06 06:41:16.379,WIF,SELL,LIMIT,IOC,1549.6,3.2756345,3.3242716,FILLED,150.5,1549.6,1717656076379,5075.9232212,L LIQ
2024-06-06 07:03:41.627,WIF,SELL,LIMIT,IOC,1065.9,3.2625771,3.312406,FILLED,180.7,1065.9,1717657421627,3477.58093089,L LIQ
2024-06-06 08:12:18.239,WIF,SELL,LIMIT,IOC,1257.8,3.2567982,3.3000365,FILLED,21.7,1257.8,1717661538239,4096.40077596,L LIQ
2024-06-06 08:14:13.230,WIF,SELL,LIMIT,IOC,3109.6,3.2282492,3.2870412,FILLED,2694.9,3109.6,1717661653230,10038.56371232,L LIQ
2024-06-06 10:06:01.578,WIF,SELL,LIMIT,IOC,1396.2,3.2736629,3.3226228,FILLED,79.1,1396.2,1717668361578,4570.688140980001,L LIQ
2024-06-06 10:32:52.143,WIF,BUY,LIMIT,IOC,1450.3,3.3922513,3.342907,FILLED,53.4,1450.3,1717669972143,4919.78206039,S LIQ
2024-06-06 11:35:05.671,WIF,BUY,LIMIT,IOC,1512.6,3.3985503,3.3488597,FILLED,111.2,1512.6,1717673705671,5140.64718378,S LIQ
2024-06-06 12:34:23.599,WIF,SELL,LIMIT,IOC,967.7,3.3155221,3.3640035,FILLED,131.2,967.7,1717677263599,3208.4307361700003,L LIQ
2024-06-06 12:34:33.552,WIF,SELL,LIMIT,IOC,1456.4,3.3130719,3.3617654,FILLED,21.4,1456.4,1717677273552,4825.157915160001,L LIQ
2024-06-06 14:00:03.603,WIF,SELL,LIMIT,IOC,1495.8,3.3042215,3.3539397,FILLED,182.0,1495.8,1717682403603,4942.4545197,L LIQ
2024-06-06 14:00:20.468,WIF,SELL,LIMIT,IOC,2104.3,3.2976737,3.3525,FILLED,2104.3,2104.3,1717682420468,6939.29476691,L LIQ
2024-06-06 17:09:26.203,WIF,SELL,LIMIT,IOC,2917.4,3.2402687,3.2971656,FILLED,118.2,2917.4,1717693766203,9453.15990538,L LIQ
2024-06-06 19:05:02.486,WIF,SELL,LIMIT,IOC,977.1,3.2578353,3.3073876,FILLED,474.0,977.1,1717700702486,3183.23087163,L LIQ
2024-06-06 19:30:38.078,WIF,SELL,LIMIT,IOC,1005.1,3.2347726,3.2831149,FILLED,162.6,1005.1,1717702238078,3251.26994026,L LIQ
2024-06-06 19:30:59.588,WIF,SELL,LIMIT,IOC,937.6,3.2255972,3.2722043,FILLED,41.7,937.6,1717702259588,3024.31993472,L LIQ
2024-06-06 19:35:31.295,WIF,SELL,LIMIT,IOC,1505.5,3.2121836,3.2596075,FILLED,16.8,1505.5,1717702531295,4835.9424098,L LIQ
2024-06-06 19:36:59.402,WIF,SELL,LIMIT,IOC,1325.3,3.2135298,3.2632678,FILLED,1.0,1325.3,1717702619402,4258.89104394,L LIQ
2024-06-06 19:40:18.105,WIF,SELL,LIMIT,IOC,1515.1,3.2095481,3.2582307,FILLED,250.6,1515.1,1717702818105,4862.78632631,L LIQ
2024-06-06 19:40:31.262,WIF,SELL,LIMIT,IOC,1396.2,3.2076887,3.2544995,FILLED,169.5,1396.2,1717702831262,4478.57496294,L LIQ
2024-06-06 19:40:36.600,WIF,SELL,LIMIT,IOC,1093.0,3.2055674,3.2555,FILLED,685.0,1093.0,1717702836600,3503.6851682,L LIQ
2024-06-06 19:41:02.291,WIF,SELL,LIMIT,IOC,1500.0,3.1993631,3.2473329,FILLED,172.6,1500.0,1717702862291,4799.04465,L LIQ
2024-06-06 19:41:13.531,WIF,SELL,LIMIT,IOC,1500.2,3.2016205,3.2526518,FILLED,1.5,1500.2,1717702873531,4803.0710741,L LIQ
2024-06-06 20:01:31.778,WIF,SELL,LIMIT,IOC,2927.4,3.1895221,3.2443878,FILLED,21.3,2927.4,1717704091778,9337.00699554,L LIQ
2024-06-06 20:01:48.549,WIF,SELL,LIMIT,IOC,1212.7,3.1883466,3.2364647,FILLED,2.6,1212.7,1717704108549,3866.50792182,L LIQ
2024-06-06 20:01:51.585,WIF,SELL,LIMIT,IOC,1829.5,3.1855782,3.2366718,FILLED,179.4,1829.5,1717704111585,5828.0153169000005,L LIQ
2024-06-06 20:01:59.204,WIF,SELL,LIMIT,IOC,1485.0,3.1884017,3.2346262,FILLED,59.9,1485.0,1717704119204,4734.7765245,L LIQ
2024-06-06 20:02:07.110,WIF,SELL,LIMIT,IOC,1303.3,3.1849846,3.2307224,FILLED,183.0,1303.3,1717704127110,4150.990429179999,L LIQ
2024-06-06 20:02:33.079,WIF,SELL,LIMIT,IOC,1522.5,3.1786731,3.2261463,FILLED,64.4,1522.5,1717704153079,4839.52979475,L LIQ
2024-06-06 21:26:21.090,WIF,SELL,LIMIT,IOC,1365.4,3.2277974,3.2769584,FILLED,119.4,1365.4,1717709181090,4407.23456996,L LIQ
2024-06-06 23:25:08.586,WIF,SELL,LIMIT,IOC,1279.9,3.1934904,3.2407595,FILLED,403.1,1279.9,1717716308586,4087.34836296,L LIQ
2024-06-07 01:35:16.132,WIF,SELL,LIMIT,IOC,1518.5,3.1668203,3.214877,FILLED,654.5,1518.5,1717724116132,4808.81662555,L LIQ
2024-06-07 02:35:57.056,WIF,SELL,LIMIT,IOC,1546.8,3.1705646,3.2183233,FILLED,71.1,1546.8,1717727757056,4904.22932328,L LIQ
2024-06-07 02:37:51.471,WIF,SELL,LIMIT,IOC,1690.4,3.1627299,3.2107164,FILLED,126.0,1690.4,1717727871471,5346.278622960001,L LIQ
2024-06-07 04:31:32.050,WIF,BUY,LIMIT,IOC,1103.4,3.3332404,3.2852281,FILLED,734.8,1103.4,1717734692050,3677.89745736,S LIQ
2024-06-07 06:09:04.522,WIF,SELL,LIMIT,IOC,1515.7,3.2333497,3.2815637,FILLED,244.1,1515.7,1717740544522,4900.78814029,L LIQ
2024-06-07 06:53:57.364,WIF,BUY,LIMIT,IOC,1539.7,3.3576989,3.3321578,FILLED,59.9,1539.7,1717743237364,5169.84899633,S LIQ
2024-06-07 11:38:50.510,WIF,BUY,LIMIT,IOC,1181.8,3.3293578,3.2781259,FILLED,128.4,1181.8,1717760330510,3934.63504804,S LIQ
2024-06-07 12:30:37.493,WIF,SELL,LIMIT,IOC,1527.2,3.2038049,3.2502305,FILLED,447.1,1527.2,1717763437493,4892.850843280001,L LIQ
2024-06-07 12:33:51.594,WIF,SELL,LIMIT,IOC,1155.9,3.1885938,3.2333767,FILLED,53.4,1155.9,1717763631594,3685.695573420001,L LIQ
2024-06-07 12:37:28.593,WIF,SELL,LIMIT,IOC,2959.3,3.1495344,3.2015607,FILLED,991.8,2959.3,1717763848593,9320.41714992,L LIQ
2024-06-07 12:37:34.304,WIF,SELL,LIMIT,IOC,1728.9,3.1533619,3.2024362,FILLED,32.9,1728.9,1717763854304,5451.8473889100005,L LIQ
2024-06-07 12:38:09.091,WIF,SELL,LIMIT,IOC,1526.6,3.1406127,3.1811176,FILLED,472.2,1526.6,1717763889091,4794.4593478199995,L LIQ
2024-06-07 12:38:14.391,WIF,SELL,LIMIT,IOC,3095.2,3.1290622,3.1780005,FILLED,3073.0,3095.2,1717763894391,9685.07332144,L LIQ
2024-06-07 14:22:43.154,WIF,SELL,LIMIT,IOC,1532.2,3.1653831,3.2121417,FILLED,650.2,1532.2,1717770163154,4849.99998582,L LIQ
2024-06-07 15:10:10.438,WIF,SELL,LIMIT,IOC,1263.3,3.1956733,3.2436582,FILLED,156.9,1263.3,1717773010438,4037.09407989,L LIQ
2024-06-07 15:27:25.070,WIF,SELL,LIMIT,IOC,959.3,3.1404237,3.1873691,FILLED,39.6,959.3,1717774045070,3012.60845541,L LIQ
2024-06-07 15:34:22.066,WIF,SELL,LIMIT,IOC,975.0,3.1336492,3.179834,FILLED,61.8,975.0,1717774462066,3055.30797,L LIQ
2024-06-07 15:38:28.240,WIF,SELL,LIMIT,IOC,1096.7,3.1248553,3.1722975,FILLED,33.4,1096.7,1717774708240,3427.02880751,L LIQ
2024-06-07 15:42:30.323,WIF,SELL,LIMIT,IOC,4853.2,3.1089055,3.1633924,FILLED,100.7,4853.2,1717774950323,15088.1401726,L LIQ
2024-06-07 15:42:32.401,WIF,SELL,LIMIT,IOC,2872.0,3.1098319,3.1630074,FILLED,3.4,2872.0,1717774952401,8931.4372168,L LIQ
2024-06-07 16:15:02.503,WIF,SELL,LIMIT,IOC,6045.6,3.0995264,3.1552189,FILLED,14.1,6045.6,1717776902503,18738.49680384,L LIQ
2024-06-07 16:15:21.558,WIF,SELL,LIMIT,IOC,2416.0,3.0988701,3.1500923,FILLED,1200.6,2416.0,1717776921558,7486.8701616,L LIQ
2024-06-07 16:15:43.334,WIF,SELL,LIMIT,IOC,2077.5,3.0997236,3.1501207,FILLED,886.9,2077.5,1717776943334,6439.675779,L LIQ
2024-06-07 16:15:57.377,WIF,SELL,LIMIT,IOC,3735.3,3.0868083,3.1410615,FILLED,80.7,3735.3,1717776957377,11530.15504299,L LIQ
2024-06-07 16:25:35.580,WIF,SELL,LIMIT,IOC,1512.7,3.1315121,3.1795,FILLED,1483.1,1512.7,1717777535580,4737.03835367,L LIQ
2024-06-07 16:55:42.238,WIF,SELL,LIMIT,IOC,1002.5,3.1161461,3.1636113,FILLED,54.3,1002.5,1717779342238,3123.93646525,L LIQ
2024-06-07 16:57:03.220,WIF,SELL,LIMIT,IOC,2688.8,3.1046347,3.1584991,FILLED,485.8,2688.8,1717779423220,8347.74178136,L LIQ
2024-06-07 17:00:45.342,WIF,SELL,LIMIT,IOC,1578.0,3.099582,3.1448888,FILLED,78.5,1578.0,1717779645342,4891.140396,L LIQ
2024-06-07 17:00:53.547,WIF,SELL,LIMIT,IOC,994.2,3.098452,3.1440222,FILLED,104.0,994.2,1717779653547,3080.4809784,L LIQ
2024-06-07 17:01:20.096,WIF,SELL,LIMIT,IOC,2352.9,3.0944974,3.1388223,FILLED,1766.6,2352.9,1717779680096,7281.04293246,L LIQ
2024-06-07 17:10:37.385,WIF,SELL,LIMIT,IOC,1157.4,3.0840592,3.1299822,FILLED,348.3,1157.4,1717780237385,3569.49011808,L LIQ
2024-06-07 17:11:02.190,WIF,SELL,LIMIT,IOC,2238.9,3.0678215,3.1168474,FILLED,39.6,2238.9,1717780262190,6868.54555635,L LIQ
2024-06-07 17:11:04.170,WIF,SELL,LIMIT,IOC,1546.6,3.0713915,3.1131655,FILLED,519.8,1546.6,1717780264170,4750.214093899999,L LIQ
2024-06-07 17:11:06.243,WIF,SELL,LIMIT,IOC,1020.6,3.0687163,3.1114466,FILLED,759.4,1020.6,1717780266243,3131.93185578,L LIQ
2024-06-07 17:12:24.495,WIF,SELL,LIMIT,IOC,1483.0,3.0629162,3.1096,FILLED,1342.0,1483.0,1717780344495,4542.304724600001,L LIQ
2024-06-07 17:12:40.582,WIF,SELL,LIMIT,IOC,987.3,3.0580608,3.1038128,FILLED,77.2,987.3,1717780360582,3019.2234278399997,L LIQ
2024-06-07 17:12:42.245,WIF,SELL,LIMIT,IOC,1519.9,3.0578008,3.1024511,FILLED,60.0,1519.9,1717780362245,4647.55143592,L LIQ
2024-06-07 17:15:40.260,WIF,SELL,LIMIT,IOC,1142.5,3.0551966,3.1009144,FILLED,53.6,1142.5,1717780540260,3490.5621155,L LIQ
2024-06-07 17:17:50.559,WIF,SELL,LIMIT,IOC,1538.4,3.0480217,3.092712,FILLED,273.2,1538.4,1717780670559,4689.076583280001,L LIQ
2024-06-07 17:21:29.079,WIF,SELL,LIMIT,IOC,1560.0,3.0454156,3.0840332,FILLED,140.7,1560.0,1717780889079,4750.848336,L LIQ
2024-06-07 17:21:30.197,WIF,SELL,LIMIT,IOC,1183.8,3.0404368,3.0836729,FILLED,247.8,1183.8,1717780890197,3599.26908384,L LIQ
2024-06-07 17:21:32.469,WIF,SELL,LIMIT,IOC,4232.1,3.0308954,3.0851606,FILLED,724.1,4232.1,1717780892469,12827.05242234,L LIQ
2024-06-07 17:55:14.402,WIF,SELL,LIMIT,IOC,14972.5,3.0266358,3.0855207,FILLED,635.9,14972.5,1717782914402,45316.3045155,L LIQ
2024-06-07 17:56:19.461,WIF,SELL,LIMIT,IOC,15856.6,3.0249561,3.084272,FILLED,270.8,15856.6,1717782979461,47965.51889526,L LIQ
2024-06-07 17:56:25.073,WIF,SELL,LIMIT,IOC,1067.9,3.0369521,3.0828014,FILLED,72.5,1067.9,1717782985073,3243.1611475900004,L LIQ
2024-06-07 17:56:41.262,WIF,SELL,LIMIT,IOC,2515.4,3.0304948,3.0809329,FILLED,2028.0,2515.4,1717783001262,7622.906619920001,L LIQ
2024-06-07 17:56:56.302,WIF,SELL,LIMIT,IOC,1341.8,3.0299042,3.0751005,FILLED,88.5,1341.8,1717783016302,4065.525455559999,L LIQ
2024-06-07 17:56:58.073,WIF,SELL,LIMIT,IOC,3812.8,3.020278,3.0741807,FILLED,14.3,3812.8,1717783018073,11515.7159584,L LIQ
2024-06-07 17:57:03.568,WIF,SELL,LIMIT,IOC,1542.3,3.0296022,3.0755627,FILLED,55.5,1542.3,1717783023568,4672.55547306,L LIQ
2024-06-07 17:58:41.683,WIF,SELL,LIMIT,IOC,2354.0,2.9835336,3.0284285,FILLED,158.4,2354.0,1717783121683,7023.2380944,L LIQ
2024-06-07 17:59:03.152,WIF,SELL,LIMIT,IOC,1878.7,2.9812302,3.0300119,FILLED,118.4,1878.7,1717783143152,5600.83717674,L LIQ
2024-06-07 17:59:57.521,WIF,SELL,LIMIT,IOC,2729.5,2.9686397,3.0158711,FILLED,596.6,2729.5,1717783197521,8102.902061150001,L LIQ
2024-06-07 18:00:01.139,WIF,SELL,LIMIT,IOC,1259.6,2.9698736,3.0158645,FILLED,109.9,1259.6,1717783201139,3740.85278656,L LIQ
2024-06-07 18:00:33.850,WIF,SELL,LIMIT,IOC,1423.8,2.9666766,3.0081054,FILLED,465.8,1423.8,1717783233850,4223.95414308,L LIQ
2024-06-07 18:00:34.956,WIF,SELL,LIMIT,IOC,1312.7,2.9659923,3.0060288,FILLED,1032.4,1312.7,1717783234956,3893.45809221,L LIQ
2024-06-07 18:00:55.516,WIF,SELL,LIMIT,IOC,4115.0,2.931962,2.931962,FILLED,4115.0,4115.0,1717783255516,12065.02363,L LIQ
2024-06-07 18:01:02.060,WIF,SELL,LIMIT,IOC,1307.1,2.9122469,2.9122469,FILLED,1307.1,1307.1,1717783262060,3806.59792299,L LIQ
2024-06-07 18:01:08.636,WIF,SELL,LIMIT,IOC,1498.4,2.8829333,2.8829333,FILLED,1498.4,1498.4,1717783268636,4319.78725672,L LIQ
2024-06-07 18:01:10.657,WIF,SELL,LIMIT,IOC,1752.1,2.8724762,2.8724762,FILLED,1752.1,1752.1,1717783270657,5032.865550019999,L LIQ
2024-06-07 18:01:11.660,WIF,SELL,LIMIT,IOC,1091.3,2.8651432,2.8651432,FILLED,1091.3,1091.3,1717783271660,3126.73077416,L LIQ
2024-06-07 18:01:20.076,WIF,SELL,LIMIT,IOC,5962.2,2.9228815,2.9228815,FILLED,5962.2,5962.2,1717783280076,17426.8040793,L LIQ
2024-06-07 18:01:26.907,WIF,SELL,LIMIT,IOC,3197.6,2.8009815,2.8392,FILLED,3197.6,3197.6,1717783286907,8956.418444399998,L LIQ
2024-06-07 18:01:27.928,WIF,SELL,LIMIT,IOC,23411.7,2.7933484,2.8147792,FILLED,57.8,23411.7,1717783287928,65397.03473628001,L LIQ
2024-06-07 18:01:38.279,WIF,SELL,LIMIT,IOC,22903.7,2.7636953,2.7708954,FILLED,4608.5,22903.7,1717783298279,63298.84804261001,L LIQ
2024-06-07 18:01:41.929,WIF,SELL,LIMIT,IOC,1116.4,2.7771037,2.7852118,FILLED,223.1,1116.4,1717783301929,3100.3585706800004,L LIQ
2024-06-07 18:01:46.607,WIF,SELL,LIMIT,IOC,3201.2,2.7652662,2.8225,FILLED,166.3,3201.2,1717783306607,8852.17015944,L LIQ
2024-06-07 18:01:49.524,WIF,BUY,LIMIT,IOC,1572.8,2.8706644,2.8433681,FILLED,18.3,1572.8,1717783309524,4514.98096832,S LIQ
2024-06-07 18:02:49.271,WIF,SELL,LIMIT,IOC,3203.3,2.8338682,2.8513482,FILLED,328.7,3203.3,1717783369271,9077.73000506,L LIQ
2024-06-07 18:02:53.127,WIF,SELL,LIMIT,IOC,59144.4,2.8067243,2.8217998,FILLED,14652.7,59144.4,1717783373127,166002.02468892,L LIQ
2024-06-07 18:02:56.209,WIF,SELL,LIMIT,IOC,4107.5,2.821171,2.8469966,FILLED,865.7,4107.5,1717783376209,11587.9598825,L LIQ
2024-06-07 18:04:42.387,WIF,SELL,LIMIT,IOC,1226.2,2.7896046,2.7896046,FILLED,1226.2,1226.2,1717783482387,3420.6131605200003,L LIQ
2024-06-07 18:04:56.781,WIF,SELL,LIMIT,IOC,2245.0,2.7002248,2.7002248,FILLED,2245.0,2245.0,1717783496781,6062.004676,L LIQ
2024-06-07 18:05:01.912,WIF,SELL,LIMIT,IOC,3222.2,2.6760854,2.6760854,FILLED,3222.2,3222.2,1717783501912,8622.882375879999,L LIQ
2024-06-07 18:05:08.100,WIF,SELL,LIMIT,IOC,1583.7,2.6130501,2.6130501,FILLED,1583.7,1583.7,1717783508100,4138.287443370001,L LIQ
2024-06-07 18:05:20.013,WIF,SELL,LIMIT,IOC,5000.0,2.581106,2.5956,FILLED,5000.0,5000.0,1717783520013,12905.53,L LIQ
2024-06-07 18:14:26.488,WIF,SELL,LIMIT,IOC,1436.5,2.681362,2.7227757,FILLED,85.3,1436.5,1717784066488,3851.776513,L LIQ
2024-06-07 18:14:56.787,WIF,SELL,LIMIT,IOC,9777.4,2.6249484,2.6249484,FILLED,9777.4,9777.4,1717784096787,25665.17048616,L LIQ
2024-06-07 18:15:00.974,WIF,SELL,LIMIT,IOC,1855.6,2.60795,2.60795,FILLED,1855.6,1855.6,1717784100974,4839.31202,L LIQ
2024-06-07 18:15:14.758,WIF,SELL,LIMIT,IOC,1516.0,2.5848837,2.6277528,FILLED,1018.8,1516.0,1717784114758,3918.6836892,L LIQ
2024-06-07 18:18:53.568,WIF,BUY,LIMIT,IOC,1683.6,2.7827306,2.7441712,FILLED,265.6,1683.6,1717784333568,4685.00523816,S LIQ
2024-06-07 18:23:14.310,WIF,BUY,LIMIT,IOC,13484.6,2.9006651,2.8638431,FILLED,1630.1,13484.6,1717784594310,39114.30860746,S LIQ
2024-06-07 18:27:25.086,WIF,SELL,LIMIT,IOC,1217.3,2.7984539,2.840994,FILLED,199.7,1217.3,1717784845086,3406.55793247,L LIQ
2024-06-07 18:27:27.313,WIF,SELL,LIMIT,IOC,1687.0,2.7960935,2.8358153,FILLED,700.4,1687.0,1717784847313,4717.0097345,L LIQ
2024-06-07 18:35:19.683,WIF,BUY,LIMIT,IOC,1647.5,2.9184236,2.8753013,FILLED,261.0,1647.5,1717785319683,4808.102881,S LIQ
2024-06-07 18:42:41.560,WIF,SELL,LIMIT,IOC,1745.3,2.8055316,2.8471209,FILLED,218.0,1745.3,1717785761560,4896.49430148,L LIQ
2024-06-07 18:47:19.356,WIF,BUY,LIMIT,IOC,1052.8,2.9081474,2.8662467,FILLED,87.2,1052.8,1717786039356,3061.69758272,S LIQ
2024-06-07 18:59:45.318,WIF,SELL,LIMIT,IOC,1728.4,2.7942187,2.8372289,FILLED,22.8,1728.4,1717786785318,4829.527601080001,L LIQ
2024-06-07 19:01:09.327,WIF,SELL,LIMIT,IOC,1750.3,2.786833,2.8271124,FILLED,462.6,1750.3,1717786869327,4877.7937999000005,L LIQ
2024-06-07 19:01:39.149,WIF,SELL,LIMIT,IOC,1763.6,2.7705244,2.8105383,FILLED,1425.2,1763.6,1717786899149,4886.09683184,L LIQ
2024-06-07 19:02:29.194,WIF,SELL,LIMIT,IOC,1749.6,2.762711,2.8011859,FILLED,3.0,1749.6,1717786949194,4833.6391656,L LIQ
2024-06-07 19:12:38.078,WIF,BUY,LIMIT,IOC,1738.3,2.8777736,2.8401011,FILLED,40.5,1738.3,1717787558078,5002.4338488799995,S LIQ
2024-06-07 20:01:48.515,WIF,SELL,LIMIT,IOC,1646.8,2.7592986,2.8006795,FILLED,339.7,1646.8,1717790508515,4544.01293448,L LIQ
2024-06-07 20:20:00.457,WIF,BUY,LIMIT,IOC,1247.2,2.8461676,2.8058778,FILLED,689.3,1247.2,1717791600457,3549.74023072,S LIQ
2024-06-07 20:33:27.307,WIF,BUY,LIMIT,IOC,1794.6,2.8411628,2.8034501,FILLED,2.2,1794.6,1717792407307,5098.75076088,S LIQ
2024-06-07 20:39:52.347,WIF,SELL,LIMIT,IOC,1787.7,2.7414234,2.7819748,FILLED,214.9,1787.7,1717792792347,4900.84261218,L LIQ
2024-06-07 20:56:01.084,WIF,BUY,LIMIT,IOC,1572.8,2.8527752,2.8112694,FILLED,635.7,1572.8,1717793761084,4486.84483456,S LIQ
2024-06-07 23:13:55.488,WIF,BUY,LIMIT,IOC,1722.1,2.9020208,2.8626891,FILLED,3.6,1722.1,1717802035488,4997.57001968,S LIQ
2024-06-08 00:17:32.593,WIF,BUY,LIMIT,IOC,1745.2,2.9241969,2.8818512,FILLED,250.2,1745.2,1717805852593,5103.30842988,S LIQ
2024-06-08 01:33:12.236,WIF,BUY,LIMIT,IOC,9543.1,2.9831036,2.928715,FILLED,4392.8,9543.1,1717810392236,28468.05596516,S LIQ
2024-06-08 02:11:14.395,WIF,SELL,LIMIT,IOC,1691.5,2.8664007,2.9072037,FILLED,172.1,1691.5,1717812674395,4848.51678405,L LIQ
2024-06-08 04:02:52.141,WIF,SELL,LIMIT,IOC,2023.6,2.798223,2.8423014,FILLED,641.1,2023.6,1717819372141,5662.4840628,L LIQ
2024-06-08 04:12:14.188,WIF,SELL,LIMIT,IOC,6720.7,2.7802377,2.8324323,FILLED,467.9,6720.7,1717819934188,18685.143510389997,L LIQ
2024-06-08 04:32:31.224,WIF,SELL,LIMIT,IOC,1748.8,2.7825247,2.8237529,FILLED,124.9,1748.8,1717821151224,4866.07919536,L LIQ
2024-06-08 05:05:55.602,WIF,SELL,LIMIT,IOC,3211.0,2.7660092,2.8138583,FILLED,2184.0,3211.0,1717823155602,8881.6555412,L LIQ
2024-06-08 08:01:54.389,WIF,SELL,LIMIT,IOC,1762.0,2.7789166,2.8200765,FILLED,763.8,1762.0,1717833714389,4896.4510492,L LIQ
2024-06-08 08:19:26.711,WIF,SELL,LIMIT,IOC,1103.3,2.7708123,2.8126092,FILLED,78.5,1103.3,1717834766711,3057.0372105899996,L LIQ
2024-06-08 09:57:52.410,WIF,SELL,LIMIT,IOC,1517.8,2.7371614,2.7779502,FILLED,125.8,1517.8,1717840672410,4154.46357292,L LIQ
2024-06-08 10:04:24.451,WIF,SELL,LIMIT,IOC,1543.6,2.7326206,2.774306,FILLED,118.1,1543.6,1717841064451,4218.07315816,L LIQ
2024-06-08 10:20:57.192,WIF,SELL,LIMIT,IOC,1787.9,2.7137259,2.7552207,FILLED,118.2,1787.9,1717842057192,4851.87053661,L LIQ
2024-06-08 10:22:32.556,WIF,SELL,LIMIT,IOC,1761.6,2.7110982,2.7526053,FILLED,537.9,1761.6,1717842152556,4775.87058912,L LIQ
2024-06-08 10:23:41.486,WIF,SELL,LIMIT,IOC,1605.3,2.6968241,2.7369631,FILLED,17.9,1605.3,1717842221486,4329.21172773,L LIQ
2024-06-08 10:55:46.483,WIF,BUY,LIMIT,IOC,1818.3,2.8096437,2.7687155,FILLED,846.0,1818.3,1717844146483,5108.77513971,S LIQ
2024-06-08 11:32:35.175,WIF,SELL,LIMIT,IOC,2492.6,2.6817052,2.7234536,FILLED,375.2,2492.6,1717846355175,6684.41838152,L LIQ
2024-06-08 11:32:37.340,WIF,SELL,LIMIT,IOC,1239.6,2.6839114,2.7218707,FILLED,72.7,1239.6,1717846357340,3326.9765714399996,L LIQ
2024-06-08 11:32:39.149,WIF,SELL,LIMIT,IOC,1587.2,2.6823426,2.722337,FILLED,164.2,1587.2,1717846359149,4257.41417472,L LIQ
2024-06-08 11:32:50.342,WIF,SELL,LIMIT,IOC,1480.1,2.6782996,2.717182,FILLED,401.5,1480.1,1717846370342,3964.151237959999,L LIQ
2024-06-08 11:33:14.506,WIF,SELL,LIMIT,IOC,1130.7,2.6771444,2.7168068,FILLED,83.4,1130.7,1717846394506,3027.04717308,L LIQ
2024-06-08 11:44:51.529,WIF,SELL,LIMIT,IOC,1417.2,2.66796,2.7083464,FILLED,287.7,1417.2,1717847091529,3781.032912,L LIQ
2024-06-08 11:50:01.105,WIF,SELL,LIMIT,IOC,1743.0,2.6652131,2.7056,FILLED,849.9,1743.0,1717847401105,4645.4664333,L LIQ
2024-06-08 11:51:16.534,WIF,SELL,LIMIT,IOC,1793.0,2.6486434,2.6877701,FILLED,54.0,1793.0,1717847476534,4749.0176162,L LIQ
2024-06-08 11:51:27.224,WIF,SELL,LIMIT,IOC,1710.4,2.6458514,2.6817632,FILLED,46.6,1710.4,1717847487224,4525.4642345600005,L LIQ
2024-06-08 11:52:59.342,WIF,SELL,LIMIT,IOC,3800.7,2.6376545,2.6837665,FILLED,1680.2,3800.7,1717847579342,10024.93345815,L LIQ
2024-06-08 11:53:13.378,WIF,SELL,LIMIT,IOC,1305.7,2.6430969,2.6838065,FILLED,81.5,1305.7,1717847593378,3451.0916223300005,L LIQ
2024-06-08 12:41:05.373,WIF,SELL,LIMIT,IOC,1829.9,2.6639537,2.7009414,FILLED,92.7,1829.9,1717850465373,4874.76887563,L LIQ
2024-06-08 12:41:46.343,WIF,SELL,LIMIT,IOC,1748.3,2.6582924,2.698619,FILLED,1373.5,1748.3,1717850506343,4647.49260292,L LIQ
2024-06-08 13:09:32.186,WIF,SELL,LIMIT,IOC,1187.6,2.6539259,2.6923124,FILLED,12.0,1187.6,1717852172186,3151.8023988399996,L LIQ
2024-06-08 13:16:54.182,WIF,SELL,LIMIT,IOC,1837.3,2.6453505,2.6838159,FILLED,108.4,1837.3,1717852614182,4860.30247365,L LIQ
2024-06-08 13:26:36.133,WIF,SELL,LIMIT,IOC,1200.0,2.629565,2.6688,FILLED,1200.0,1200.0,1717853196133,3155.478,L LIQ
2024-06-08 13:31:20.324,WIF,SELL,LIMIT,IOC,1754.3,2.6189314,2.6573653,FILLED,85.5,1754.3,1717853480324,4594.39135502,L LIQ
2024-06-08 14:02:32.350,WIF,SELL,LIMIT,IOC,1441.6,2.6832272,2.7226426,FILLED,20.0,1441.6,1717855352350,3868.14033152,L LIQ
2024-06-08 14:20:31.085,WIF,SELL,LIMIT,IOC,1275.5,2.6755243,2.7150194,FILLED,1028.0,1275.5,1717856431085,3412.63124465,L LIQ
2024-06-08 16:09:31.549,WIF,SELL,LIMIT,IOC,1165.2,2.6958929,2.7366,FILLED,47.3,1165.2,1717862971549,3141.25440708,L LIQ
2024-06-08 16:22:35.134,WIF,SELL,LIMIT,IOC,1218.7,2.6749636,2.7150373,FILLED,704.6,1218.7,1717863755134,3259.97813932,L LIQ
2024-06-08 17:22:37.539,WIF,SELL,LIMIT,IOC,1747.2,2.6836713,2.723267,FILLED,440.3,1747.2,1717867357539,4688.91049536,L LIQ
2024-06-08 17:23:38.154,WIF,SELL,LIMIT,IOC,1501.4,2.6752165,2.7122829,FILLED,210.1,1501.4,1717867418154,4016.5700531,L LIQ
2024-06-08 17:34:06.538,WIF,SELL,LIMIT,IOC,1191.2,2.6558151,2.6929394,FILLED,233.9,1191.2,1717868046538,3163.60694712,L LIQ
2024-06-08 17:34:38.372,WIF,SELL,LIMIT,IOC,1831.9,2.6444908,2.6844829,FILLED,81.2,1831.9,1717868078372,4844.44269652,L LIQ
2024-06-08 17:34:39.396,WIF,SELL,LIMIT,IOC,1812.9,2.6443107,2.6833277,FILLED,128.5,1812.9,1717868079396,4793.870868030001,L LIQ
2024-06-08 17:38:39.660,WIF,BUY,LIMIT,IOC,1731.2,2.737688,2.6996191,FILLED,181.6,1731.2,1717868319660,4739.4854656,S LIQ
2024-06-08 18:43:11.328,WIF,SELL,LIMIT,IOC,1435.7,2.6965452,2.7184466,FILLED,66.4,1435.7,1717872191328,3871.42994364,L LIQ
2024-06-08 21:23:47.237,WIF,BUY,LIMIT,IOC,1300.0,2.761391,2.7214659,FILLED,82.3,1300.0,1717881827237,3589.8083,S LIQ
2024-06-08 22:25:33.140,WIF,SELL,LIMIT,IOC,1511.0,2.6389917,2.680988,FILLED,57.6,1511.0,1717885533140,3987.5164587,L LIQ
2024-06-08 22:25:38.574,WIF,SELL,LIMIT,IOC,5441.2,2.6304066,2.6776097,FILLED,69.7,5441.2,1717885538574,14312.56839192,L LIQ
2024-06-09 00:29:34.321,WIF,BUY,LIMIT,IOC,4529.6,2.7628462,2.7170673,FILLED,849.7,4529.6,1717892974321,12514.58814752,S LIQ
2024-06-09 02:10:42.356,WIF,SELL,LIMIT,IOC,1242.9,2.6478608,2.68757,FILLED,424.3,1242.9,1717899042356,3291.0261883200005,L LIQ
2024-06-09 02:21:10.529,WIF,SELL,LIMIT,IOC,1843.6,2.6253771,2.6628772,FILLED,106.2,1843.6,1717899670529,4840.14522156,L LIQ
2024-06-09 02:21:49.347,WIF,SELL,LIMIT,IOC,7448.4,2.6100641,2.6581472,FILLED,883.1,7448.4,1717899709347,19440.80144244,L LIQ
2024-06-09 02:35:20.500,WIF,SELL,LIMIT,IOC,1235.3,2.6108119,2.6485266,FILLED,4.9,1235.3,1717900520500,3225.13594007,L LIQ
2024-06-09 02:35:33.344,WIF,SELL,LIMIT,IOC,2799.9,2.6030938,2.6440397,FILLED,34.4,2799.9,1717900533344,7288.40233062,L LIQ
2024-06-09 05:00:53.446,WIF,SELL,LIMIT,IOC,1290.1,2.628466,2.6678719,FILLED,466.5,1290.1,1717909253446,3390.9839866,L LIQ
2024-06-09 10:31:48.166,WIF,SELL,LIMIT,IOC,1844.5,2.6500224,2.6900986,FILLED,90.2,1844.5,1717929108166,4887.966316800001,L LIQ
2024-06-09 10:42:03.477,WIF,SELL,LIMIT,IOC,1853.7,2.6361997,2.6758155,FILLED,11.6,1853.7,1717929723477,4886.72338389,L LIQ
2024-06-09 12:52:34.518,WIF,BUY,LIMIT,IOC,1259.4,2.8069562,2.7699051,FILLED,624.2,1259.4,1717937554518,3535.0806382800006,S LIQ
2024-06-09 13:32:31.545,WIF,SELL,LIMIT,IOC,2000.0,2.6427981,2.6816062,FILLED,2.0,2000.0,1717939951545,5285.5962,L LIQ
2024-06-09 13:37:35.058,WIF,BUY,LIMIT,IOC,1751.9,2.7376049,2.6973258,FILLED,202.5,1751.9,1717940255058,4796.0100243100005,S LIQ
2024-06-09 17:00:53.607,WIF,BUY,LIMIT,IOC,1808.5,2.8191554,2.778282,FILLED,138.3,1808.5,1717952453607,5098.4425409000005,S LIQ
2024-06-09 18:45:42.223,WIF,BUY,LIMIT,IOC,10476.2,2.8503435,2.799997,FILLED,746.3,10476.2,1717958742223,29860.768574700003,S LIQ
2024-06-09 19:09:33.357,WIF,BUY,LIMIT,IOC,1744.5,2.8448231,2.8050558,FILLED,207.6,1744.5,1717960173357,4962.79389795,S LIQ
2024-06-09 21:39:20.065,WIF,SELL,LIMIT,IOC,1677.9,2.7375722,2.7776324,FILLED,73.2,1677.9,1717969160065,4593.37239438,L LIQ
2024-06-09 22:47:57.090,WIF,SELL,LIMIT,IOC,1152.3,2.7305725,2.7715,FILLED,744.9,1152.3,1717973277090,3146.43869175,L LIQ
2024-06-09 22:57:15.233,WIF,SELL,LIMIT,IOC,1136.4,2.7297751,2.7706843,FILLED,138.2,1136.4,1717973835233,3102.11642364,L LIQ
2024-06-10 00:23:34.274,WIF,SELL,LIMIT,IOC,1794.8,2.7041655,2.7425783,FILLED,255.9,1794.8,1717979014274,4853.4362394,L LIQ
2024-06-10 00:23:36.111,WIF,SELL,LIMIT,IOC,1412.3,2.7038601,2.74194,FILLED,654.1,1412.3,1717979016111,3818.66161923,L LIQ
2024-06-10 00:46:48.244,WIF,BUY,LIMIT,IOC,1672.8,2.8028195,2.7629946,FILLED,133.9,1672.8,1717980408244,4688.5564595999995,S LIQ
2024-06-10 01:07:12.487,WIF,SELL,LIMIT,IOC,14345.7,2.6962348,2.7469668,FILLED,794.8,14345.7,1717981632487,38679.37557036,L LIQ
2024-06-10 03:48:49.102,WIF,SELL,LIMIT,IOC,1832.9,2.7017918,2.7363967,FILLED,43.1,1832.9,1717991329102,4952.114190220001,L LIQ
2024-06-10 03:48:52.143,WIF,SELL,LIMIT,IOC,1793.7,2.7039107,2.7367162,FILLED,101.1,1793.7,1717991332143,4850.00462259,L LIQ
2024-06-10 06:48:49.349,WIF,SELL,LIMIT,IOC,1999.1,2.6622462,2.7023,FILLED,1999.1,1999.1,1718002129349,5322.096378419999,L LIQ
2024-06-10 07:04:04.405,WIF,SELL,LIMIT,IOC,1790.2,2.6645977,2.7031344,FILLED,7.4,1790.2,1718003044405,4770.16280254,L LIQ
2024-06-10 07:05:40.329,WIF,SELL,LIMIT,IOC,1352.5,2.6515071,2.6910064,FILLED,152.2,1352.5,1718003140329,3586.16335275,L LIQ
2024-06-10 07:46:37.188,WIF,SELL,LIMIT,IOC,1238.5,2.6384438,2.6776684,FILLED,19.9,1238.5,1718005597188,3267.7126463,L LIQ
2024-06-10 07:46:46.163,WIF,SELL,LIMIT,IOC,4123.6,2.6294592,2.6735411,FILLED,326.7,4123.6,1718005606163,10842.83795712,L LIQ
2024-06-10 07:46:49.393,WIF,SELL,LIMIT,IOC,1257.1,2.6345403,2.6740723,FILLED,22.1,1257.1,1718005609393,3311.8806111299996,L LIQ
2024-06-10 07:46:53.330,WIF,SELL,LIMIT,IOC,1319.0,2.6341429,2.67499,FILLED,74.9,1319.0,1718005613330,3474.4344851,L LIQ
2024-06-10 07:47:46.105,WIF,SELL,LIMIT,IOC,1850.5,2.6333002,2.6720482,FILLED,84.6,1850.5,1718005666105,4872.9220201,L LIQ
2024-06-10 07:48:40.515,WIF,SELL,LIMIT,IOC,2959.1,2.6217301,2.6660799,FILLED,21.2,2959.1,1718005720515,7757.96153891,L LIQ
2024-06-10 07:48:44.146,WIF,SELL,LIMIT,IOC,1692.2,2.6263271,2.6653704,FILLED,42.8,1692.2,1718005724146,4444.2707186200005,L LIQ
2024-06-10 07:49:00.323,WIF,SELL,LIMIT,IOC,1818.1,2.6267036,2.665513,FILLED,25.5,1818.1,1718005740323,4775.60981516,L LIQ
2024-06-10 07:54:40.132,WIF,SELL,LIMIT,IOC,3338.3,2.6154896,2.66,FILLED,480.6,3338.3,1718006080132,8731.288931680001,L LIQ
2024-06-10 13:04:48.191,WIF,SELL,LIMIT,IOC,3000.0,2.6362291,2.6806862,FILLED,1625.8,3000.0,1718024688191,7908.6873,L LIQ
2024-06-10 13:45:16.208,WIF,BUY,LIMIT,IOC,1866.7,2.7465167,2.7055931,FILLED,842.3,1866.7,1718027116208,5126.92272389,S LIQ
2024-06-10 13:48:00.358,WIF,SELL,LIMIT,IOC,1846.5,2.6495415,2.6881182,FILLED,466.3,1846.5,1718027280358,4892.37837975,L LIQ
2024-06-10 15:37:38.465,WIF,BUY,LIMIT,IOC,1864.3,2.8032007,2.7671496,FILLED,70.5,1864.3,1718033858465,5226.00706501,S LIQ
2024-06-10 15:47:26.291,WIF,BUY,LIMIT,IOC,1732.0,2.8827743,2.8409483,FILLED,259.0,1732.0,1718034446291,4992.9650876,S LIQ
2024-06-10 15:49:01.167,WIF,BUY,LIMIT,IOC,1447.6,2.9002505,2.8580245,FILLED,22.1,1447.6,1718034541167,4198.4026238,S LIQ
2024-06-10 15:52:25.266,WIF,BUY,LIMIT,IOC,1315.0,2.9398151,2.8975138,FILLED,182.6,1315.0,1718034745266,3865.8568565,S LIQ
2024-06-10 15:59:01.531,WIF,SELL,LIMIT,IOC,1383.6,2.8191823,2.861566,FILLED,177.7,1383.6,1718035141531,3900.62063028,L LIQ
2024-06-10 16:06:33.379,WIF,SELL,LIMIT,IOC,1083.9,2.7973012,2.8406029,FILLED,79.9,1083.9,1718035593379,3031.9947706800003,L LIQ
2024-06-10 17:36:08.381,WIF,BUY,LIMIT,IOC,1167.9,2.9274705,2.8857908,FILLED,83.2,1167.9,1718040968381,3418.9927969500004,S LIQ
2024-06-10 18:03:14.154,WIF,SELL,LIMIT,IOC,1344.6,2.8200007,2.8607873,FILLED,830.9,1344.6,1718042594154,3791.77294122,L LIQ
2024-06-10 18:35:08.249,WIF,SELL,LIMIT,IOC,1287.7,2.780815,2.8224347,FILLED,96.7,1287.7,1718044508249,3580.8554755,L LIQ
2024-06-10 19:17:54.125,WIF,SELL,LIMIT,IOC,6563.7,2.7210246,2.7715773,FILLED,52.4,6563.7,1718047074125,17859.989167019998,L LIQ
2024-06-10 20:01:30.180,WIF,SELL,LIMIT,IOC,1803.8,2.7109693,2.7520516,FILLED,1199.8,1803.8,1718049690180,4890.04642334,L LIQ
2024-06-10 20:02:08.642,WIF,SELL,LIMIT,IOC,2073.8,2.7026473,2.7425202,FILLED,88.7,2073.8,1718049728642,5604.749970740001,L LIQ
2024-06-10 20:02:19.333,WIF,SELL,LIMIT,IOC,4236.0,2.6932453,2.74183,FILLED,750.4,4236.0,1718049739333,11408.5870908,L LIQ
2024-06-10 20:10:18.296,WIF,SELL,LIMIT,IOC,1515.0,2.6858589,2.7262312,FILLED,8.1,1515.0,1718050218296,4069.0762335,L LIQ
2024-06-10 20:10:46.436,WIF,SELL,LIMIT,IOC,3424.4,2.6762794,2.7231404,FILLED,11.2,3424.4,1718050246436,9164.65117736,L LIQ
2024-06-10 20:12:57.119,WIF,SELL,LIMIT,IOC,1743.4,2.6811077,2.7214969,FILLED,65.8,1743.4,1718050377119,4674.24316418,L LIQ
2024-06-10 20:13:17.187,WIF,SELL,LIMIT,IOC,1824.6,2.6744999,2.7141687,FILLED,1.3,1824.6,1718050397187,4879.892517539999,L LIQ
2024-06-10 22:02:25.247,WIF,SELL,LIMIT,IOC,1780.0,2.6573859,2.6964006,FILLED,381.2,1780.0,1718056945247,4730.1469019999995,L LIQ
2024-06-10 22:04:41.541,WIF,SELL,LIMIT,IOC,1270.6,2.6520141,2.6945131,FILLED,23.2,1270.6,1718057081541,3369.64911546,L LIQ
2024-06-10 22:05:43.437,WIF,SELL,LIMIT,IOC,1839.5,2.643284,2.6822623,FILLED,318.1,1839.5,1718057143437,4862.320918,L LIQ
2024-06-10 23:28:31.300,WIF,SELL,LIMIT,IOC,1741.1,2.6531211,2.6930206,FILLED,30.8,1741.1,1718062111300,4619.3491472099995,L LIQ
2024-06-11 01:52:47.244,WIF,SELL,LIMIT,IOC,1861.1,2.615546,2.6502339,FILLED,90.8,1861.1,1718070767244,4867.7926606,L LIQ
2024-06-11 01:52:49.506,WIF,SELL,LIMIT,IOC,1833.6,2.731672,2.731672,FILLED,1833.6,1833.6,1718070769506,5008.7937792,L LIQ
2024-06-11 01:52:51.090,WIF,SELL,LIMIT,IOC,4000.0,2.6045041,2.6456871,FILLED,602.2,4000.0,1718070771090,10418.0164,L LIQ
2024-06-11 01:52:53.132,WIF,SELL,LIMIT,IOC,1722.4,2.60862,2.644,FILLED,1722.4,1722.4,1718070773132,4493.087088,L LIQ
2024-06-11 01:52:54.619,WIF,SELL,LIMIT,IOC,1588.3,2.6092818,2.6368,FILLED,1588.3,1588.3,1718070774619,4144.32228294,L LIQ
2024-06-11 01:52:55.716,WIF,SELL,LIMIT,IOC,1736.8,2.6038786,2.6325078,FILLED,70.8,1736.8,1718070775716,4522.41635248,L LIQ
2024-06-11 01:53:03.573,WIF,SELL,LIMIT,IOC,56455.1,2.5569341,2.5980853,FILLED,1450.3,56455.1,1718070783573,144351.97030890998,L LIQ
2024-06-11 01:55:15.112,WIF,SELL,LIMIT,IOC,1206.1,2.5813263,2.6165,FILLED,419.7,1206.1,1718070915112,3113.33765043,L LIQ
2024-06-11 02:15:42.220,WIF,SELL,LIMIT,IOC,1456.4,2.5577288,2.5957615,FILLED,144.6,1456.4,1718072142220,3725.07622432,L LIQ
2024-06-11 02:18:15.841,WIF,SELL,LIMIT,IOC,7494.3,2.5380586,2.5756026,FILLED,1240.3,7494.3,1718072295841,19020.97256598,L LIQ
2024-06-11 02:25:08.112,WIF,SELL,LIMIT,IOC,1458.9,2.5297337,2.5645615,FILLED,267.4,1458.9,1718072708112,3690.62849493,L LIQ
2024-06-11 02:25:23.159,WIF,SELL,LIMIT,IOC,1742.9,2.5222218,2.5554973,FILLED,64.6,1742.9,1718072723159,4395.9803752200005,L LIQ
2024-06-11 02:26:16.304,WIF,SELL,LIMIT,IOC,1723.2,2.5197131,2.5569351,FILLED,40.7,1723.2,1718072776304,4341.9696139200005,L LIQ
2024-06-11 02:26:26.109,WIF,SELL,LIMIT,IOC,2786.0,2.5122337,2.5530727,FILLED,998.7,2786.0,1718072786109,6999.0830882,L LIQ
2024-06-11 04:12:34.258,WIF,SELL,LIMIT,IOC,1918.5,2.5401761,2.5802064,FILLED,332.9,1918.5,1718079154258,4873.32784785,L LIQ
2024-06-11 04:26:20.163,WIF,SELL,LIMIT,IOC,1873.3,2.54656,2.5854039,FILLED,50.3,1873.3,1718079980163,4770.470848,L LIQ
2024-06-11 04:26:32.601,WIF,SELL,LIMIT,IOC,1498.2,2.5354811,2.5731011,FILLED,90.8,1498.2,1718079992601,3798.65778402,L LIQ
2024-06-11 04:32:36.460,WIF,SELL,LIMIT,IOC,1241.7,2.5283827,2.5655719,FILLED,69.9,1241.7,1718080356460,3139.49279859,L LIQ
2024-06-11 04:33:42.107,WIF,SELL,LIMIT,IOC,1389.8,2.5239802,2.5592294,FILLED,4.7,1389.8,1718080422107,3507.82768196,L LIQ
2024-06-11 05:21:58.463,WIF,SELL,LIMIT,IOC,1333.8,2.5578048,2.595015,FILLED,14.4,1333.8,1718083318463,3411.60004224,L LIQ
2024-06-11 05:48:24.086,WIF,BUY,LIMIT,IOC,1894.0,2.6577833,2.6247018,FILLED,19.5,1894.0,1718084904086,5033.8415702,S LIQ
2024-06-11 09:19:21.194,WIF,SELL,LIMIT,IOC,1872.9,2.6149738,2.6537324,FILLED,146.5,1872.9,1718097561194,4897.584430020001,L LIQ
2024-06-11 10:10:37.482,WIF,BUY,LIMIT,IOC,4000.0,2.7469896,2.7010517,FILLED,334.0,4000.0,1718100637482,10987.9584,S LIQ
2024-06-11 10:16:24.364,WIF,BUY,LIMIT,IOC,1731.7,2.7561104,2.7167268,FILLED,1271.5,1731.7,1718100984364,4772.75637968,S LIQ
2024-06-11 10:17:48.360,WIF,BUY,LIMIT,IOC,3548.6,2.7721044,2.7240606,FILLED,1283.1,3548.6,1718101068360,9837.08967384,S LIQ
2024-06-11 11:04:56.076,WIF,SELL,LIMIT,IOC,1914.8,2.6465122,2.6894285,FILLED,12.6,1914.8,1718103896076,5067.54156056,L LIQ
2024-06-11 11:56:20.246,WIF,SELL,LIMIT,IOC,1837.3,2.6385196,2.6790589,FILLED,87.7,1837.3,1718106980246,4847.75206108,L LIQ
2024-06-11 12:17:33.431,WIF,SELL,LIMIT,IOC,1617.5,2.6387686,2.676302,FILLED,271.4,1617.5,1718108253431,4268.2082105,L LIQ
2024-06-11 12:39:21.246,WIF,SELL,LIMIT,IOC,3990.5,2.5902364,2.6371748,FILLED,5.8,3990.5,1718109561246,10336.3383542,L LIQ
2024-06-11 12:59:48.537,WIF,SELL,LIMIT,IOC,1918.9,2.5770636,2.6135954,FILLED,345.2,1918.9,1718110788537,4945.12734204,L LIQ
2024-06-11 13:14:51.141,WIF,BUY,LIMIT,IOC,1924.6,2.6659208,2.6279746,FILLED,52.2,1924.6,1718111691141,5130.83117168,S LIQ
2024-06-11 13:35:34.117,WIF,SELL,LIMIT,IOC,1498.8,2.5562622,2.5940395,FILLED,627.7,1498.8,1718112934117,3831.32578536,L LIQ
2024-06-11 13:39:48.056,WIF,SELL,LIMIT,IOC,1200.0,2.5493771,2.587888,FILLED,178.7,1200.0,1718113188056,3059.25252,L LIQ
2024-06-11 13:40:15.410,WIF,SELL,LIMIT,IOC,2323.9,2.5320118,2.5743993,FILLED,612.1,2323.9,1718113215410,5884.14222202,L LIQ
2024-06-11 13:52:33.627,WIF,SELL,LIMIT,IOC,1232.8,2.5058603,2.5417335,FILLED,148.8,1232.8,1718113953627,3089.22457784,L LIQ
2024-06-11 13:57:50.378,WIF,SELL,LIMIT,IOC,1474.8,2.4798303,2.5154,FILLED,1474.8,1474.8,1718114270378,3657.25372644,L LIQ
2024-06-11 15:08:57.757,WIF,SELL,LIMIT,IOC,7227.9,2.4772394,2.5065674,FILLED,163.1,7227.9,1718118537757,17905.23865926,L LIQ
2024-06-11 15:32:12.190,WIF,SELL,LIMIT,IOC,1948.9,2.4546633,2.4901994,FILLED,67.9,1948.9,1718119932190,4783.89330537,L LIQ
2024-06-11 15:34:13.518,WIF,SELL,LIMIT,IOC,2500.8,2.4162719,2.4516543,FILLED,546.2,2500.8,1718120053518,6042.6127675200005,L LIQ
2024-06-11 15:47:26.342,WIF,SELL,LIMIT,IOC,1509.0,2.3877543,2.4204709,FILLED,91.4,1509.0,1718120846342,3603.1212387,L LIQ
2024-06-11 15:58:26.099,WIF,SELL,LIMIT,IOC,4000.0,2.387249,2.427005,FILLED,1296.0,4000.0,1718121506099,9548.996,L LIQ
2024-06-11 16:04:42.536,WIF,BUY,LIMIT,IOC,1923.7,2.5045953,2.4704752,FILLED,31.6,1923.7,1718121882536,4818.08997861,S LIQ
2024-06-11 16:25:48.498,WIF,BUY,LIMIT,IOC,21402.7,2.5480624,2.5000979,FILLED,1716.3,21402.7,1718123148498,54535.41512848,S LIQ
2024-06-11 16:30:43.165,WIF,BUY,LIMIT,IOC,2850.4,2.5471621,2.5075,FILLED,120.7,2850.4,1718123443165,7260.43084984,S LIQ
2024-06-11 16:52:09.427,WIF,SELL,LIMIT,IOC,1555.8,2.4286384,2.4650144,FILLED,35.2,1555.8,1718124729427,3778.47562272,L LIQ
2024-06-11 17:08:19.268,WIF,SELL,LIMIT,IOC,2037.6,2.4032381,2.4379005,FILLED,1554.4,2037.6,1718125699268,4896.837952559999,L LIQ
2024-06-11 17:13:06.179,WIF,SELL,LIMIT,IOC,2001.4,2.4049474,2.4398712,FILLED,21.4,2001.4,1718125986179,4813.2617263600005,L LIQ
2024-06-11 17:22:49.653,WIF,SELL,LIMIT,IOC,3811.1,2.3814277,2.4223359,FILLED,539.6,3811.1,1718126569653,9075.85910747,L LIQ
2024-06-11 17:53:32.062,WIF,BUY,LIMIT,IOC,2024.2,2.5216624,2.4854293,FILLED,261.6,2024.2,1718128412062,5104.3490300799995,S LIQ
2024-06-11 18:39:19.352,WIF,BUY,LIMIT,IOC,1897.5,2.5531007,2.5152202,FILLED,129.0,1897.5,1718131159352,4844.50857825,S LIQ
2024-06-11 18:40:38.573,WIF,BUY,LIMIT,IOC,1323.9,2.5701134,2.5329585,FILLED,18.6,1323.9,1718131238573,3402.57313026,S LIQ
2024-06-11 18:44:14.314,WIF,SELL,LIMIT,IOC,1894.0,2.4819684,2.5195114,FILLED,341.6,1894.0,1718131454314,4700.8481495999995,L LIQ
2024-06-11 19:19:23.353,WIF,SELL,LIMIT,IOC,1747.5,2.4881748,2.5251483,FILLED,48.7,1747.5,1718133563353,4348.085462999999,L LIQ
2024-06-12 00:26:27.493,WIF,SELL,LIMIT,IOC,1978.7,2.4875363,2.525,FILLED,0.4,1978.7,1718151987493,4922.08807681,L LIQ
2024-06-12 01:10:42.352,WIF,SELL,LIMIT,IOC,1903.2,2.4700282,2.5070139,FILLED,904.1,1903.2,1718154642352,4700.95767024,L LIQ
2024-06-12 01:18:24.439,WIF,SELL,LIMIT,IOC,1943.4,2.4533758,2.4909861,FILLED,261.4,1943.4,1718155104439,4767.89052972,L LIQ
2024-06-12 01:26:46.302,WIF,SELL,LIMIT,IOC,4843.5,2.4242252,2.4673476,FILLED,494.2,4843.5,1718155606302,11741.7347562,L LIQ
2024-06-12 01:26:48.207,WIF,SELL,LIMIT,IOC,1953.9,2.4296324,2.4648515,FILLED,94.5,1953.9,1718155608207,4747.25874636,L LIQ
2024-06-12 01:31:14.422,WIF,SELL,LIMIT,IOC,3633.0,2.4195854,2.4589149,FILLED,557.9,3633.0,1718155874422,8790.353758199999,L LIQ
2024-06-12 01:40:20.437,WIF,SELL,LIMIT,IOC,9711.3,2.4100843,2.4554896,FILLED,153.8,9711.3,1718156420437,23405.05166259,L LIQ
2024-06-12 01:40:51.532,WIF,SELL,LIMIT,IOC,2728.4,2.4128998,2.450872,FILLED,874.1,2728.4,1718156451532,6583.35581432,L LIQ
2024-06-12 01:41:17.152,WIF,SELL,LIMIT,IOC,2150.8,2.413449,2.4495629,FILLED,117.7,2150.8,1718156477152,5190.846109200001,L LIQ
2024-06-12 02:05:25.158,WIF,BUY,LIMIT,IOC,2012.5,2.5324353,2.4971967,FILLED,25.0,2012.5,1718157925158,5096.52604125,S LIQ
2024-06-12 02:05:32.460,WIF,SELL,LIMIT,IOC,4000.0,2.4556592,2.4980476,FILLED,209.7,4000.0,1718157932460,9822.6368,L LIQ
2024-06-12 03:17:15.361,WIF,BUY,LIMIT,IOC,1896.1,2.57803,2.5419362,FILLED,339.8,1896.1,1718162235361,4888.2026829999995,S LIQ
2024-06-12 03:33:08.059,WIF,BUY,LIMIT,IOC,1334.3,2.5813181,2.5439497,FILLED,803.9,1334.3,1718163188059,3444.25274083,S LIQ
2024-06-12 04:12:04.429,WIF,BUY,LIMIT,IOC,1208.6,2.632483,2.5931991,FILLED,17.9,1208.6,1718165524429,3181.6189538,S LIQ
2024-06-12 04:17:02.330,WIF,BUY,LIMIT,IOC,1276.2,2.6556379,2.6177553,FILLED,297.0,1276.2,1718165822330,3389.12508798,S LIQ
2024-06-12 04:28:59.392,WIF,BUY,LIMIT,IOC,2019.3,2.6644064,2.6246161,FILLED,16.7,2019.3,1718166539392,5380.235843519999,S LIQ
2024-06-12 04:39:05.176,WIF,BUY,LIMIT,IOC,2495.8,2.6758121,2.6335255,FILLED,21.8,2495.8,1718167145176,6678.29183918,S LIQ
2024-06-12 04:40:17.416,WIF,BUY,LIMIT,IOC,10263.6,2.6864882,2.6365588,FILLED,76.9,10263.6,1718167217416,27573.04028952,S LIQ
2024-06-12 10:02:41.006,WIF,BUY,LIMIT,IOC,1690.8,2.714209,2.6814436,FILLED,0.9,1690.8,1718186561006,4589.1845772,S LIQ
2024-06-12 10:36:41.175,WIF,BUY,LIMIT,IOC,1398.8,2.7315285,2.693035,FILLED,203.8,1398.8,1718188601175,3820.8620658,S LIQ
2024-06-12 11:20:57.523,WIF,BUY,LIMIT,IOC,2440.9,2.7447803,2.7030231,FILLED,57.4,2440.9,1718191257523,6699.73423427,S LIQ
2024-06-12 11:43:42.066,WIF,SELL,LIMIT,IOC,1734.0,2.6194483,2.658237,FILLED,42.0,1734.0,1718192622066,4542.1233522,L LIQ
2024-06-12 12:30:11.741,WIF,BUY,LIMIT,IOC,1332.7,2.7545643,2.7288975,FILLED,965.4,1332.7,1718195411741,3671.00784261,S LIQ
2024-06-12 12:30:14.073,WIF,BUY,LIMIT,IOC,1577.5,2.7632275,2.7382,FILLED,0.2,1577.5,1718195414073,4358.99138125,S LIQ
2024-06-12 12:31:03.724,WIF,BUY,LIMIT,IOC,3014.7,2.8216526,2.7724641,FILLED,64.2,3014.7,1718195463724,8506.43609322,S LIQ
2024-06-12 12:31:08.286,WIF,BUY,LIMIT,IOC,2600.9,2.8253537,2.7884219,FILLED,1140.2,2600.9,1718195468286,7348.462438330001,S LIQ
2024-06-12 12:32:45.244,WIF,BUY,LIMIT,IOC,1709.4,2.8162018,2.7859262,FILLED,181.8,1709.4,1718195565244,4814.01535692,S LIQ
2024-06-12 12:34:36.557,WIF,BUY,LIMIT,IOC,2175.3,2.8599198,2.8217706,FILLED,6.3,2175.3,1718195676557,6221.183540940001,S LIQ
2024-06-12 12:34:52.069,WIF,BUY,LIMIT,IOC,1225.9,2.874301,2.8358078,FILLED,96.1,1225.9,1718195692069,3523.6055959000005,S LIQ
2024-06-12 12:35:51.315,WIF,SELL,LIMIT,IOC,1770.2,2.7527997,2.7934441,FILLED,148.5,1770.2,1718195751315,4873.006028940001,L LIQ
2024-06-12 12:44:11.194,WIF,SELL,LIMIT,IOC,1558.0,2.7518532,2.788854,FILLED,45.1,1558.0,1718196251194,4287.387285600001,L LIQ
2024-06-12 12:58:30.130,WIF,BUY,LIMIT,IOC,1956.4,2.8691662,2.8268784,FILLED,141.5,1956.4,1718197110130,5613.23675368,S LIQ
2024-06-12 13:05:01.132,WIF,BUY,LIMIT,IOC,2400.0,2.8804784,2.8431704,FILLED,22.5,2400.0,1718197501132,6913.14816,S LIQ
2024-06-12 13:06:52.244,WIF,BUY,LIMIT,IOC,1171.3,2.9343299,2.8928485,FILLED,59.0,1171.3,1718197612244,3436.98061187,S LIQ
2024-06-12 14:11:06.440,WIF,BUY,LIMIT,IOC,1796.6,2.8369026,2.7978165,FILLED,22.1,1796.6,1718201466440,5096.77921116,S LIQ
2024-06-12 14:30:25.493,WIF,SELL,LIMIT,IOC,1407.3,2.7850756,2.8241049,FILLED,80.2,1407.3,1718202625493,3919.43689188,L LIQ
2024-06-12 16:28:42.126,WIF,SELL,LIMIT,IOC,2093.6,2.7045801,2.74652,FILLED,73.5,2093.6,1718209722126,5662.30889736,L LIQ
2024-06-12 17:04:36.321,WIF,SELL,LIMIT,IOC,1411.4,2.7052688,2.7447505,FILLED,56.3,1411.4,1718211876321,3818.21638432,L LIQ
2024-06-12 17:29:37.535,WIF,BUY,LIMIT,IOC,1621.5,2.8165406,2.7784423,FILLED,48.1,1621.5,1718213377535,4567.020582900001,S LIQ
2024-06-12 18:00:20.995,WIF,SELL,LIMIT,IOC,1114.3,2.7090153,2.7456846,FILLED,21.4,1114.3,1718215220995,3018.65574879,L LIQ
2024-06-12 18:02:27.367,WIF,SELL,LIMIT,IOC,1126.8,2.7164405,2.7637593,FILLED,158.2,1126.8,1718215347367,3060.8851554,L LIQ
2024-06-12 18:07:29.544,WIF,SELL,LIMIT,IOC,1802.0,2.6810119,2.7187895,FILLED,83.0,1802.0,1718215649544,4831.1834438000005,L LIQ
2024-06-12 18:10:42.729,WIF,BUY,LIMIT,IOC,1833.3,2.7792951,2.7410657,FILLED,115.1,1833.3,1718215842729,5095.28170683,S LIQ
2024-06-12 18:53:04.059,WIF,SELL,LIMIT,IOC,1826.5,2.6549321,2.6937034,FILLED,36.5,1826.5,1718218384059,4849.23348065,L LIQ
2024-06-12 18:54:58.066,WIF,SELL,LIMIT,IOC,1217.4,2.6375896,2.6726685,FILLED,93.0,1217.4,1718218498066,3211.0015790400003,L LIQ
2024-06-12 18:54:59.639,WIF,SELL,LIMIT,IOC,1201.7,2.6367592,2.6730431,FILLED,36.1,1201.7,1718218499639,3168.59353064,L LIQ
2024-06-12 19:25:21.210,WIF,SELL,LIMIT,IOC,1836.4,2.6347817,2.6736689,FILLED,13.1,1836.4,1718220321210,4838.513113880001,L LIQ
2024-06-12 19:37:16.361,WIF,BUY,LIMIT,IOC,1525.1,2.7293377,2.6898096,FILLED,13.1,1525.1,1718221036361,4162.512926269999,S LIQ
2024-06-12 19:45:46.082,WIF,SELL,LIMIT,IOC,3500.4,2.5999403,2.6424192,FILLED,14.9,3500.4,1718221546082,9100.83102612,L LIQ
2024-06-12 19:47:23.421,WIF,SELL,LIMIT,IOC,1730.9,2.5937575,2.6269227,FILLED,218.2,1730.9,1718221643421,4489.5348567500005,L LIQ
2024-06-12 19:47:28.345,WIF,SELL,LIMIT,IOC,2071.2,2.5864106,2.6216977,FILLED,76.7,2071.2,1718221648345,5356.973634719999,L LIQ
2024-06-12 19:47:36.431,WIF,SELL,LIMIT,IOC,1499.4,2.5801957,2.6141589,FILLED,419.1,1499.4,1718221656431,3868.74543258,L LIQ
2024-06-12 19:51:00.188,WIF,SELL,LIMIT,IOC,2201.9,2.5675383,2.6041864,FILLED,485.9,2201.9,1718221860188,5653.46258277,L LIQ
2024-06-12 19:51:03.162,WIF,SELL,LIMIT,IOC,1645.8,2.566881,2.6078513,FILLED,1197.5,1645.8,1718221863162,4224.5727498,L LIQ
2024-06-12 22:53:16.686,WIF,BUY,LIMIT,IOC,1876.2,2.7164091,2.6774704,FILLED,155.2,1876.2,1718232796686,5096.52675342,S LIQ
2024-06-13 01:50:08.136,WIF,SELL,LIMIT,IOC,6024.6,2.5484525,2.5948179,FILLED,1600.6,6024.6,1718243408136,15353.4069315,L LIQ
2024-06-13 01:53:14.593,WIF,SELL,LIMIT,IOC,2741.7,2.547648,2.5876279,FILLED,173.4,2741.7,1718243594593,6984.8865215999995,L LIQ
2024-06-13 01:53:33.069,WIF,SELL,LIMIT,IOC,4925.6,2.5417367,2.5872422,FILLED,3605.5,4925.6,1718243613069,12519.57828952,L LIQ
2024-06-13 01:57:03.196,WIF,SELL,LIMIT,IOC,1923.0,2.5477851,2.5843283,FILLED,900.6,1923.0,1718243823196,4899.3907473,L LIQ
2024-06-13 02:08:25.643,WIF,SELL,LIMIT,IOC,64034.1,2.5071209,2.5644499,FILLED,505.7,64034.1,1718244505643,160541.23042269,L LIQ
2024-06-13 02:09:08.239,WIF,SELL,LIMIT,IOC,1803.9,2.5239764,2.5603093,FILLED,273.3,1803.9,1718244548239,4553.00102796,L LIQ
2024-06-13 02:49:19.564,WIF,SELL,LIMIT,IOC,1742.2,2.5069635,2.5428327,FILLED,219.6,1742.2,1718246959564,4367.6318097,L LIQ
2024-06-13 02:52:18.302,WIF,SELL,LIMIT,IOC,1800.0,2.5023638,2.5366965,FILLED,217.5,1800.0,1718247138302,4504.25484,L LIQ
2024-06-13 02:57:06.056,WIF,SELL,LIMIT,IOC,1466.9,2.4948143,2.5321423,FILLED,742.4,1466.9,1718247426056,3659.64309667,L LIQ
2024-06-13 02:57:34.293,WIF,SELL,LIMIT,IOC,1639.2,2.4928685,2.53,FILLED,693.0,1639.2,1718247454293,4086.3100452,L LIQ
2024-06-13 03:00:10.221,WIF,SELL,LIMIT,IOC,1655.7,2.4894323,2.5260107,FILLED,167.5,1655.7,1718247610221,4121.753059109999,L LIQ
2024-06-13 03:01:00.192,WIF,SELL,LIMIT,IOC,1245.3,2.4837544,2.520783,FILLED,166.0,1245.3,1718247660192,3093.01935432,L LIQ
2024-06-13 03:01:35.102,WIF,SELL,LIMIT,IOC,1525.3,2.4828796,2.5195345,FILLED,420.3,1525.3,1718247695102,3787.13625388,L LIQ
2024-06-13 03:05:19.654,WIF,SELL,LIMIT,IOC,1248.7,2.4710544,2.5082521,FILLED,6.5,1248.7,1718247919654,3085.60562928,L LIQ
2024-06-13 03:07:49.288,WIF,SELL,LIMIT,IOC,1517.8,2.4779685,2.5160572,FILLED,23.5,1517.8,1718248069288,3761.0605893,L LIQ
2024-06-13 03:19:09.433,WIF,SELL,LIMIT,IOC,3424.9,2.4580835,2.500031,FILLED,2631.1,3424.9,1718248749433,8418.69017915,L LIQ
2024-06-13 03:19:29.511,WIF,SELL,LIMIT,IOC,3573.4,2.4572677,2.5000094,FILLED,3251.8,3573.4,1718248769511,8780.80039918,L LIQ
2024-06-13 03:20:37.214,WIF,SELL,LIMIT,IOC,3932.5,2.4562757,2.499043,FILLED,2960.5,3932.5,1718248837214,9659.30419025,L LIQ
2024-06-13 07:16:26.666,WIF,BUY,LIMIT,IOC,1439.9,2.5919829,2.5559279,FILLED,155.0,1439.9,1718262986666,3732.196177710001,S LIQ
2024-06-13 08:37:37.182,WIF,SELL,LIMIT,IOC,1483.6,2.5064108,2.5431002,FILLED,202.2,1483.6,1718267857182,3718.5110628799994,L LIQ
2024-06-13 11:50:41.417,WIF,SELL,LIMIT,IOC,1981.6,2.4731506,2.5102798,FILLED,212.3,1981.6,1718279441417,4900.79522896,L LIQ
2024-06-13 12:41:06.415,WIF,SELL,LIMIT,IOC,1943.1,2.4842614,2.5212205,FILLED,81.5,1943.1,1718282466415,4827.168326339999,L LIQ
2024-06-13 12:43:50.315,WIF,SELL,LIMIT,IOC,1955.6,2.477301,2.5104864,FILLED,65.6,1955.6,1718282630315,4844.6098356,L LIQ
2024-06-13 12:52:44.208,WIF,SELL,LIMIT,IOC,7422.7,2.4462085,2.4887896,FILLED,1697.7,7422.7,1718283164208,18157.47183295,L LIQ
2024-06-13 12:53:53.360,WIF,SELL,LIMIT,IOC,1981.5,2.4287106,2.4658099,FILLED,1784.7,1981.5,1718283233360,4812.4900539,L LIQ
2024-06-13 12:53:56.619,WIF,SELL,LIMIT,IOC,3070.2,2.4209292,2.4583391,FILLED,593.6,3070.2,1718283236619,7432.736829839999,L LIQ
2024-06-13 12:53:58.232,WIF,SELL,LIMIT,IOC,2794.9,2.4197838,2.4593622,FILLED,4.0,2794.9,1718283238232,6763.05374262,L LIQ
2024-06-13 14:24:53.364,WIF,SELL,LIMIT,IOC,1991.5,2.4386915,2.4743975,FILLED,98.7,1991.5,1718288693364,4856.65412225,L LIQ
2024-06-13 15:21:50.167,WIF,SELL,LIMIT,IOC,1707.1,2.4161066,2.4529155,FILLED,401.8,1707.1,1718292110167,4124.53557686,L LIQ
2024-06-13 15:21:57.449,WIF,SELL,LIMIT,IOC,3736.2,2.4093285,2.4516585,FILLED,95.9,3736.2,1718292117449,9001.733141699999,L LIQ
2024-06-13 15:28:21.362,WIF,SELL,LIMIT,IOC,1805.4,2.3939034,2.427657,FILLED,45.7,1805.4,1718292501362,4321.953198360001,L LIQ
2024-06-13 15:28:24.073,WIF,SELL,LIMIT,IOC,1500.9,2.3918254,2.4279517,FILLED,36.2,1500.9,1718292504073,3589.8907428600005,L LIQ
2024-06-13 15:28:36.382,WIF,SELL,LIMIT,IOC,2001.3,2.3907673,2.4261944,FILLED,77.1,2001.3,1718292516382,4784.642597489999,L LIQ
2024-06-13 15:28:41.507,WIF,SELL,LIMIT,IOC,3522.8,2.3857081,2.4258217,FILLED,104.4,3522.8,1718292521507,8404.372494680001,L LIQ
2024-06-13 15:28:51.146,WIF,SELL,LIMIT,IOC,5402.7,2.3821515,2.4249782,FILLED,6.7,5402.7,1718292531146,12870.04990905,L LIQ
2024-06-13 15:32:23.296,WIF,SELL,LIMIT,IOC,3732.7,2.3843736,2.4258369,FILLED,627.4,3732.7,1718292743296,8900.151336719999,L LIQ
2024-06-13 15:35:29.667,WIF,SELL,LIMIT,IOC,21158.2,2.3722208,2.4135053,FILLED,1872.3,21158.2,1718292929667,50191.92213056,L LIQ
2024-06-13 15:38:06.050,WIF,SELL,LIMIT,IOC,1389.1,2.3776075,2.4141383,FILLED,255.7,1389.1,1718293086050,3302.7345782499997,L LIQ
2024-06-13 15:38:38.148,WIF,SELL,LIMIT,IOC,8342.4,2.3634621,2.4063947,FILLED,35.0,8342.4,1718293118148,19716.94622304,L LIQ
2024-06-13 15:38:45.044,WIF,SELL,LIMIT,IOC,2785.6,2.367585,2.3997806,FILLED,139.0,2785.6,1718293125044,6595.144776,L LIQ
2024-06-13 15:40:56.530,WIF,SELL,LIMIT,IOC,9543.3,2.3595197,2.4039602,FILLED,127.7,9543.3,1718293256530,22517.604353009996,L LIQ
2024-06-13 15:56:59.225,WIF,SELL,LIMIT,IOC,2070.3,2.3671831,2.401217,FILLED,248.4,2070.3,1718294219225,4900.77917193,L LIQ
2024-06-13 16:30:40.414,WIF,BUY,LIMIT,IOC,1918.3,2.4868782,2.451829,FILLED,6.9,1918.3,1718296240414,4770.57845106,S LIQ
2024-06-13 17:57:16.163,WIF,BUY,LIMIT,IOC,1770.6,2.5243526,2.4875187,FILLED,139.2,1770.6,1718301436163,4469.618713559999,S LIQ
2024-06-13 19:38:55.129,WIF,SELL,LIMIT,IOC,2847.1,2.3867929,2.425718,FILLED,127.6,2847.1,1718307535129,6795.43806559,L LIQ
2024-06-13 19:57:30.658,WIF,SELL,LIMIT,IOC,2037.6,2.381282,2.4148719,FILLED,561.7,2037.6,1718308650658,4852.1002032,L LIQ
2024-06-13 21:24:04.163,WIF,SELL,LIMIT,IOC,2029.0,2.365301,2.3981259,FILLED,1550.2,2029.0,1718313844163,4799.195729,L LIQ
2024-06-13 21:58:29.073,WIF,BUY,LIMIT,IOC,2062.3,2.471773,2.4357789,FILLED,484.4,2062.3,1718315909073,5097.537457900001,S LIQ
2024-06-13 23:01:56.250,WIF,SELL,LIMIT,IOC,2568.9,2.346888,2.3834,FILLED,117.4,2568.9,1718319716250,6028.9205832,L LIQ
2024-06-13 23:02:58.158,WIF,SELL,LIMIT,IOC,2424.9,2.3383586,2.3734605,FILLED,952.9,2424.9,1718319778158,5670.2857691399995,L LIQ
2024-06-13 23:04:33.319,WIF,SELL,LIMIT,IOC,1360.2,2.332878,2.3660592,FILLED,161.4,1360.2,1718319873319,3173.1806556,L LIQ
2024-06-13 23:10:30.273,WIF,SELL,LIMIT,IOC,1447.8,2.3333456,2.3683211,FILLED,87.2,1447.8,1718320230273,3378.2177596799997,L LIQ
2024-06-13 23:10:45.192,WIF,SELL,LIMIT,IOC,1411.0,2.3312981,2.3657986,FILLED,291.5,1411.0,1718320245192,3289.4616191,L LIQ
2024-06-13 23:11:19.427,WIF,SELL,LIMIT,IOC,2208.0,2.3298368,2.3652422,FILLED,151.4,2208.0,1718320279427,5144.279654399999,L LIQ
2024-06-13 23:11:23.111,WIF,SELL,LIMIT,IOC,2196.7,2.3269166,2.3626097,FILLED,81.5,2196.7,1718320283111,5111.5376952199995,L LIQ
2024-06-14 02:00:26.309,WIF,BUY,LIMIT,IOC,2075.2,2.4561012,2.4213351,FILLED,22.5,2075.2,1718330426309,5096.901210239999,S LIQ
2024-06-14 02:00:35.182,WIF,BUY,LIMIT,IOC,2074.5,2.4579235,2.4238049,FILLED,128.2,2074.5,1718330435182,5098.96230075,S LIQ
2024-06-14 03:03:33.219,WIF,SELL,LIMIT,IOC,1333.1,2.3898457,2.4262556,FILLED,36.1,1333.1,1718334213219,3185.90330267,L LIQ
2024-06-14 03:52:39.383,WIF,SELL,LIMIT,IOC,1815.3,2.3712428,2.4068,FILLED,1568.4,1815.3,1718337159383,4304.51705484,L LIQ
2024-06-14 06:30:31.401,WIF,SELL,LIMIT,IOC,1489.1,2.4009712,2.4360498,FILLED,24.1,1489.1,1718346631401,3575.2862139199997,L LIQ
2024-06-14 08:14:08.199,WIF,BUY,LIMIT,IOC,2048.0,2.4999962,2.4650384,FILLED,419.0,2048.0,1718352848199,5119.9922176,S LIQ
2024-06-14 11:07:29.050,WIF,SELL,LIMIT,IOC,1671.0,2.4047813,2.439685,FILLED,183.2,1671.0,1718363249050,4018.3895523,L LIQ
2024-06-14 12:16:31.387,WIF,BUY,LIMIT,IOC,2524.6,2.527798,2.48774,FILLED,491.7,2524.6,1718367391387,6381.6788308000005,S LIQ
2024-06-14 12:33:16.229,WIF,SELL,LIMIT,IOC,1903.2,2.4257966,2.4619696,FILLED,911.7,1903.2,1718368396229,4616.7760891200005,L LIQ
2024-06-14 14:01:32.208,WIF,SELL,LIMIT,IOC,1597.3,2.3969214,2.4323607,FILLED,55.4,1597.3,1718373692208,3828.60255222,L LIQ
2024-06-14 14:04:27.629,WIF,SELL,LIMIT,IOC,1568.3,2.392378,2.4272417,FILLED,1.7,1568.3,1718373867629,3751.966417399999,L LIQ
2024-06-14 14:22:37.131,WIF,SELL,LIMIT,IOC,5773.5,2.3529567,2.3943352,FILLED,2495.5,5773.5,1718374957131,13584.79550745,L LIQ
2024-06-14 14:27:13.619,WIF,SELL,LIMIT,IOC,2073.5,2.3522447,2.385543,FILLED,28.8,2073.5,1718375233619,4877.37938545,L LIQ
2024-06-14 14:27:24.113,WIF,SELL,LIMIT,IOC,1519.7,2.3478539,2.3811451,FILLED,31.0,1519.7,1718375244113,3568.0335718300003,L LIQ
2024-06-14 14:27:42.732,WIF,SELL,LIMIT,IOC,1766.4,2.3443912,2.3788142,FILLED,1.4,1766.4,1718375262732,4141.1326156800005,L LIQ
2024-06-14 14:32:29.285,WIF,SELL,LIMIT,IOC,2040.6,2.3363531,2.3707,FILLED,2040.6,2040.6,1718375549285,4767.56213586,L LIQ
2024-06-14 14:32:43.573,WIF,SELL,LIMIT,IOC,2020.4,2.3306287,2.3642375,FILLED,222.2,2020.4,1718375563573,4708.802225480001,L LIQ
2024-06-14 14:35:29.333,WIF,SELL,LIMIT,IOC,1484.0,2.3252355,2.3581733,FILLED,233.5,1484.0,1718375729333,3450.649482,L LIQ
2024-06-14 14:35:34.606,WIF,SELL,LIMIT,IOC,2573.3,2.3215449,2.3579,FILLED,2573.3,2573.3,1718375734606,5974.031491170001,L LIQ
2024-06-14 14:36:11.110,WIF,SELL,LIMIT,IOC,1841.6,2.3198537,2.3543473,FILLED,82.1,1841.6,1718375771110,4272.24257392,L LIQ
2024-06-14 14:36:15.061,WIF,SELL,LIMIT,IOC,11738.1,2.3097893,2.3537868,FILLED,8475.2,11738.1,1718375775061,27112.53778233,L LIQ
2024-06-14 14:41:30.431,WIF,SELL,LIMIT,IOC,2114.7,2.3171486,2.3516387,FILLED,317.8,2114.7,1718376090431,4900.074144419999,L LIQ
2024-06-14 14:42:12.517,WIF,SELL,LIMIT,IOC,3004.3,2.3070478,2.3423658,FILLED,229.2,3004.3,1718376132517,6931.06370554,L LIQ
2024-06-14 15:48:03.165,WIF,SELL,LIMIT,IOC,1626.1,2.3061011,2.3324734,FILLED,494.6,1626.1,1718380083165,3749.95099871,L LIQ
2024-06-14 15:48:20.211,WIF,SELL,LIMIT,IOC,3890.2,2.2919528,2.32778,FILLED,198.1,3890.2,1718380100211,8916.15478256,L LIQ
2024-06-14 15:48:38.231,WIF,SELL,LIMIT,IOC,1452.3,2.2880647,2.3211,FILLED,1295.1,1452.3,1718380118231,3322.95636381,L LIQ
2024-06-14 15:48:53.385,WIF,SELL,LIMIT,IOC,3163.8,2.2808038,2.3182663,FILLED,220.4,3163.8,1718380133385,7216.00706244,L LIQ
2024-06-14 16:04:31.575,WIF,SELL,LIMIT,IOC,1688.3,2.277936,2.3106957,FILLED,44.6,1688.3,1718381071575,3845.8393488,L LIQ
2024-06-14 16:04:36.641,WIF,SELL,LIMIT,IOC,4964.2,2.277786,2.3094629,FILLED,319.9,4964.2,1718381076641,11307.3852612,L LIQ
2024-06-14 16:05:56.356,WIF,SELL,LIMIT,IOC,3299.2,2.2619523,2.3,FILLED,3.0,3299.2,1718381156356,7462.633028159999,L LIQ
2024-06-14 16:05:57.391,WIF,SELL,LIMIT,IOC,2236.0,2.2651917,2.2995145,FILLED,475.7,2236.0,1718381157391,5064.9686412,L LIQ
2024-06-14 16:05:58.397,WIF,SELL,LIMIT,IOC,1472.0,2.2654478,2.2992922,FILLED,482.4,1472.0,1718381158397,3334.7391616,L LIQ
2024-06-14 16:06:10.397,WIF,SELL,LIMIT,IOC,2486.0,2.2610749,2.2955672,FILLED,175.8,2486.0,1718381170397,5621.0322014,L LIQ
2024-06-14 16:07:54.150,WIF,SELL,LIMIT,IOC,3222.0,2.255031,2.2903942,FILLED,130.9,3222.0,1718381274150,7265.709881999999,L LIQ
2024-06-14 16:08:14.148,WIF,SELL,LIMIT,IOC,2500.0,2.23726,2.2718673,FILLED,313.9,2500.0,1718381294148,5593.15,L LIQ
2024-06-14 16:08:27.838,WIF,SELL,LIMIT,IOC,6478.7,2.2206978,2.2549668,FILLED,2538.1,6478.7,1718381307838,14387.23483686,L LIQ
2024-06-14 16:08:42.979,WIF,SELL,LIMIT,IOC,2098.4,2.2043667,2.2196647,FILLED,620.4,2098.4,1718381322979,4625.643083280001,L LIQ
2024-06-14 16:09:26.571,WIF,SELL,LIMIT,IOC,2045.6,2.2033995,2.2299708,FILLED,41.1,2045.6,1718381366571,4507.2740172,L LIQ
2024-06-14 16:13:35.120,WIF,SELL,LIMIT,IOC,1401.3,2.2290706,2.2619103,FILLED,10.2,1401.3,1718381615120,3123.59663178,L LIQ
2024-06-14 16:22:07.553,WIF,SELL,LIMIT,IOC,2188.4,2.2374483,2.2669122,FILLED,862.2,2188.4,1718382127553,4896.43185972,L LIQ
2024-06-14 16:29:09.404,WIF,SELL,LIMIT,IOC,2192.1,2.2293494,2.2614389,FILLED,306.7,2192.1,1718382549404,4886.956819739999,L LIQ
2024-06-14 16:42:32.228,WIF,SELL,LIMIT,IOC,1358.0,2.2205296,2.2528663,FILLED,15.0,1358.0,1718383352228,3015.4791968,L LIQ
2024-06-14 17:49:40.355,WIF,SELL,LIMIT,IOC,1446.2,2.2354036,2.2681003,FILLED,65.8,1446.2,1718387380355,3232.8406863200003,L LIQ
2024-06-14 18:08:08.254,WIF,SELL,LIMIT,IOC,1990.0,2.2077014,2.2392083,FILLED,97.6,1990.0,1718388488254,4393.325785999999,L LIQ
2024-06-14 18:08:12.489,WIF,SELL,LIMIT,IOC,1585.6,2.2060253,2.2333735,FILLED,235.8,1585.6,1718388492489,3497.8737156799993,L LIQ
2024-06-14 18:09:51.286,WIF,SELL,LIMIT,IOC,3354.7,2.2010446,2.2333031,FILLED,1733.0,3354.7,1718388591286,7383.84431962,L LIQ
2024-06-14 18:11:19.645,WIF,SELL,LIMIT,IOC,349173.7,2.1411483,2.2312754,FILLED,362.9,349173.7,1718388679645,747632.67415971,L LIQ
2024-06-14 18:11:56.216,WIF,SELL,LIMIT,IOC,2835.7,2.1989648,2.2333645,FILLED,22.3,2835.7,1718388716216,6235.60448336,L LIQ
2024-06-14 18:21:36.319,WIF,SELL,LIMIT,IOC,2190.1,2.1988809,2.2312983,FILLED,746.1,2190.1,1718389296319,4815.769059089999,L LIQ
2024-06-14 18:22:34.569,WIF,SELL,LIMIT,IOC,16265.7,2.1745459,2.2135864,FILLED,313.7,16265.7,1718389354569,35370.511245630005,L LIQ
2024-06-14 18:23:31.100,WIF,SELL,LIMIT,IOC,1554.7,2.1774672,2.2088059,FILLED,1429.6,1554.7,1718389411100,3385.30825584,L LIQ
2024-06-14 21:25:52.352,WIF,BUY,LIMIT,IOC,4019.5,2.3440764,2.3046431,FILLED,130.4,4019.5,1718400352352,9422.0150898,S LIQ
2024-06-14 21:28:29.609,WIF,BUY,LIMIT,IOC,1635.8,2.3554437,2.3213636,FILLED,56.9,1635.8,1718400509609,3853.03480446,S LIQ
2024-06-14 22:28:30.170,WIF,SELL,LIMIT,IOC,2066.3,2.2949365,2.3283401,FILLED,466.5,2066.3,1718404110170,4742.0272899500005,L LIQ
2024-06-15 01:07:48.386,WIF,BUY,LIMIT,IOC,1966.8,2.3907937,2.3559,FILLED,1966.8,1966.8,1718413668386,4702.21304916,S LIQ
2024-06-15 02:37:18.186,WIF,BUY,LIMIT,IOC,2902.1,2.4252704,2.3876137,FILLED,458.8,2902.1,1718419038186,7038.37722784,S LIQ
2024-06-15 02:38:14.073,WIF,BUY,LIMIT,IOC,2089.3,2.4283179,2.3928793,FILLED,153.8,2089.3,1718419094073,5073.484588470001,S LIQ
2024-06-15 03:20:38.245,WIF,BUY,LIMIT,IOC,1754.3,2.4359774,2.3988594,FILLED,109.7,1754.3,1718421638245,4273.43515282,S LIQ
2024-06-15 03:31:54.579,WIF,BUY,LIMIT,IOC,2562.0,2.4594634,2.4228206,FILLED,258.6,2562.0,1718422314579,6301.145230800001,S LIQ
2024-06-15 03:32:00.507,WIF,BUY,LIMIT,IOC,1513.1,2.4600103,2.4239568,FILLED,302.3,1513.1,1718422320507,3722.24158493,S LIQ
2024-06-15 04:40:12.382,WIF,BUY,LIMIT,IOC,2129.4,2.4723717,2.4366885,FILLED,496.7,2129.4,1718426412382,5264.668297980001,S LIQ
2024-06-15 04:41:06.447,WIF,BUY,LIMIT,IOC,2061.4,2.4830329,2.4468834,FILLED,797.8,2061.4,1718426466447,5118.52402006,S LIQ
2024-06-15 04:48:18.458,WIF,BUY,LIMIT,IOC,1811.0,2.4973343,2.4605709,FILLED,117.4,1811.0,1718426898458,4522.6724173,S LIQ
2024-06-15 12:00:12.468,WIF,BUY,LIMIT,IOC,2081.5,2.4496801,2.4141811,FILLED,104.7,2081.5,1718452812468,5099.00912815,S LIQ
2024-06-15 12:48:02.728,WIF,SELL,LIMIT,IOC,2080.0,2.3631108,2.3979396,FILLED,842.4,2080.0,1718455682728,4915.270463999999,L LIQ
2024-06-15 13:40:05.549,WIF,SELL,LIMIT,IOC,1794.5,2.3515936,2.3858646,FILLED,354.4,1794.5,1718458805549,4219.9347152,L LIQ
2024-06-15 14:02:23.387,WIF,SELL,LIMIT,IOC,2097.3,2.3531832,2.3855686,FILLED,33.0,2097.3,1718460143387,4935.33112536,L LIQ
2024-06-15 14:12:13.463,WIF,SELL,LIMIT,IOC,1567.8,2.3470209,2.3821164,FILLED,699.5,1567.8,1718460733463,3679.65936702,L LIQ
2024-06-15 14:48:23.469,WIF,SELL,LIMIT,IOC,7798.6,2.3588272,2.4029106,FILLED,497.2,7798.6,1718462903469,18395.54980192,L LIQ
2024-06-15 15:06:17.190,WIF,BUY,LIMIT,IOC,2088.4,2.4280335,2.3972742,FILLED,68.4,2088.4,1718463977190,5070.7051614,S LIQ
2024-06-15 15:18:11.462,WIF,BUY,LIMIT,IOC,1800.0,2.4488935,2.4161802,FILLED,196.9,1800.0,1718464691462,4408.0083,S LIQ
2024-06-15 18:17:53.756,WIF,SELL,LIMIT,IOC,1592.2,2.3251409,2.3594091,FILLED,102.8,1592.2,1718475473756,3702.08934098,L LIQ
2024-06-15 19:07:30.564,WIF,SELL,LIMIT,IOC,1978.7,2.3177229,2.3521476,FILLED,103.9,1978.7,1718478450564,4586.07830223,L LIQ
2024-06-15 20:17:38.664,WIF,SELL,LIMIT,IOC,6020.7,2.2948402,2.335435,FILLED,89.6,6020.7,1718482658664,13816.544392139998,L LIQ
2024-06-15 20:19:23.142,WIF,SELL,LIMIT,IOC,2119.6,2.2962973,2.3305499,FILLED,516.6,2119.6,1718482763142,4867.23175708,L LIQ
2024-06-15 20:19:38.151,WIF,SELL,LIMIT,IOC,1851.2,2.2940522,2.3268342,FILLED,88.9,1851.2,1718482778151,4246.74943264,L LIQ
2024-06-15 20:20:36.155,WIF,SELL,LIMIT,IOC,3515.0,2.2818081,2.3202428,FILLED,829.5,3515.0,1718482836155,8020.555471500001,L LIQ
2024-06-15 20:22:37.345,WIF,SELL,LIMIT,IOC,2082.7,2.2758465,2.3097854,FILLED,40.0,2082.7,1718482957345,4739.905505549999,L LIQ
2024-06-15 22:43:38.053,WIF,BUY,LIMIT,IOC,3214.9,2.4268903,2.3892279,FILLED,328.8,3214.9,1718491418053,7802.209625470001,S LIQ
2024-06-15 23:31:41.510,WIF,BUY,LIMIT,IOC,1363.7,2.4458505,2.4091326,FILLED,55.4,1363.7,1718494301510,3335.4063268500004,S LIQ
2024-06-15 23:34:24.216,WIF,BUY,LIMIT,IOC,1658.8,2.4557806,2.4198546,FILLED,26.1,1658.8,1718494464216,4073.64885928,S LIQ
2024-06-15 23:41:28.067,WIF,BUY,LIMIT,IOC,4300.4,2.46703,2.4277987,FILLED,199.4,4300.4,1718494888067,10609.215812,S LIQ
2024-06-16 01:55:25.132,WIF,BUY,LIMIT,IOC,1652.3,2.4453801,2.4105208,FILLED,581.7,1652.3,1718502925132,4040.50153923,S LIQ
2024-06-16 02:47:21.541,WIF,SELL,LIMIT,IOC,1397.4,2.3679484,2.4034137,FILLED,158.3,1397.4,1718506041541,3308.97109416,L LIQ
2024-06-16 04:20:47.253,WIF,SELL,LIMIT,IOC,2000.0,2.3343018,2.369,FILLED,2000.0,2000.0,1718511647253,4668.6036,L LIQ
2024-06-16 05:32:16.332,WIF,BUY,LIMIT,IOC,1832.7,2.4683602,2.4324993,FILLED,116.0,1832.7,1718515936332,4523.763738539999,S LIQ
2024-06-16 05:34:12.426,WIF,BUY,LIMIT,IOC,1687.7,2.4892166,2.4541444,FILLED,34.1,1687.7,1718516052426,4201.05085582,S LIQ
2024-06-16 06:02:31.327,WIF,BUY,LIMIT,IOC,2483.3,2.510355,2.47172,FILLED,138.1,2483.3,1718517751327,6233.964571500001,S LIQ
2024-06-16 06:53:11.430,WIF,BUY,LIMIT,IOC,2414.7,2.5550836,2.5166603,FILLED,260.8,2414.7,1718520791430,6169.76036892,S LIQ
2024-06-16 07:12:29.515,WIF,BUY,LIMIT,IOC,3247.7,2.56334,2.5218285,FILLED,1110.3,3247.7,1718521949515,8324.959318,S LIQ
2024-06-16 07:14:22.077,WIF,BUY,LIMIT,IOC,1171.9,2.5720374,2.5336486,FILLED,271.4,1171.9,1718522062077,3014.1706290600005,S LIQ
2024-06-16 07:42:49.539,WIF,BUY,LIMIT,IOC,1487.7,2.569896,2.5332177,FILLED,98.6,1487.7,1718523769539,3823.2342792,S LIQ
2024-06-16 07:51:24.267,WIF,BUY,LIMIT,IOC,23144.4,2.5969136,2.5497728,FILLED,3197.6,23144.4,1718524284267,60104.007123840005,S LIQ
2024-06-16 08:30:47.556,WIF,SELL,LIMIT,IOC,1965.0,2.4889921,2.525436,FILLED,824.7,1965.0,1718526647556,4890.8694765,L LIQ
2024-06-16 09:40:12.148,WIF,SELL,LIMIT,IOC,1971.7,2.4803587,2.5174559,FILLED,1.2,1971.7,1718530812148,4890.52324879,L LIQ
2024-06-16 10:13:12.382,WIF,SELL,LIMIT,IOC,1923.8,2.4894244,2.5268522,FILLED,0.9,1923.8,1718532792382,4789.15466072,L LIQ
2024-06-16 12:22:44.594,WIF,SELL,LIMIT,IOC,1598.7,2.4780981,2.5155679,FILLED,99.4,1598.7,1718540564594,3961.73543247,L LIQ
2024-06-16 13:35:21.355,WIF,SELL,LIMIT,IOC,1545.5,2.4867017,2.5237329,FILLED,48.7,1545.5,1718544921355,3843.19747735,L LIQ
2024-06-16 14:09:46.505,WIF,BUY,LIMIT,IOC,1953.8,2.5957034,2.5596046,FILLED,148.9,1953.8,1718546986505,5071.48530292,S LIQ
2024-06-16 14:18:30.536,WIF,SELL,LIMIT,IOC,1888.2,2.51642,2.5546178,FILLED,1564.5,1888.2,1718547510536,4751.504244000001,L LIQ
2024-06-16 15:17:55.406,WIF,BUY,LIMIT,IOC,1968.5,2.6014432,2.563055,FILLED,308.1,1968.5,1718551075406,5120.9409392,S LIQ
2024-06-16 15:24:50.052,WIF,SELL,LIMIT,IOC,1946.6,2.515796,2.5527883,FILLED,247.0,1946.6,1718551490052,4897.248493599999,L LIQ
2024-06-16 15:55:23.276,WIF,BUY,LIMIT,IOC,1729.2,2.6198326,2.5836104,FILLED,163.9,1729.2,1718553323276,4530.21453192,S LIQ
2024-06-16 16:19:53.496,WIF,SELL,LIMIT,IOC,1936.4,2.5308764,2.5681906,FILLED,102.7,1936.4,1718554793496,4900.78906096,L LIQ
2024-06-16 16:30:16.567,WIF,BUY,LIMIT,IOC,1846.5,2.6250944,2.5877498,FILLED,190.9,1846.5,1718555416567,4847.2368096,S LIQ
2024-06-16 18:38:35.194,WIF,SELL,LIMIT,IOC,1954.4,2.5266937,2.5647227,FILLED,132.3,1954.4,1718563115194,4938.17016728,L LIQ
2024-06-16 19:34:41.432,WIF,SELL,LIMIT,IOC,1947.5,2.5164614,2.5539234,FILLED,3.5,1947.5,1718566481432,4900.8085765,L LIQ
2024-06-16 21:44:42.286,WIF,SELL,LIMIT,IOC,1960.7,2.532836,2.5653389,FILLED,209.1,1960.7,1718574282286,4966.1315452,L LIQ
2024-06-17 00:02:09.501,WIF,BUY,LIMIT,IOC,1355.9,2.6546841,2.6174064,FILLED,12.6,1355.9,1718582529501,3599.4861711900003,S LIQ
2024-06-17 00:36:20.411,WIF,BUY,LIMIT,IOC,3875.9,2.6853837,2.6405596,FILLED,43.4,3875.9,1718584580411,10408.27868283,S LIQ
2024-06-17 01:16:30.777,WIF,SELL,LIMIT,IOC,1919.9,2.5391935,2.5747845,FILLED,32.5,1919.9,1718586990777,4874.99760065,L LIQ
2024-06-17 01:17:16.197,WIF,SELL,LIMIT,IOC,1936.4,2.5308764,2.5642203,FILLED,84.1,1936.4,1718587036197,4900.78906096,L LIQ
2024-06-17 01:40:13.612,WIF,SELL,LIMIT,IOC,2377.8,2.5252463,2.5623493,FILLED,584.2,2377.8,1718588413612,6004.530652140001,L LIQ
2024-06-17 02:01:35.138,WIF,SELL,LIMIT,IOC,1937.9,2.5160161,2.5531469,FILLED,4.1,1937.9,1718589695138,4875.78760019,L LIQ
2024-06-17 02:01:43.184,WIF,SELL,LIMIT,IOC,2014.4,2.5141325,2.5510253,FILLED,1723.5,2014.4,1718589703184,5064.468508000001,L LIQ
2024-06-17 02:01:45.586,WIF,SELL,LIMIT,IOC,1944.2,2.5144551,2.5502,FILLED,175.7,1944.2,1718589705586,4888.60360542,L LIQ
2024-06-17 02:20:28.224,WIF,SELL,LIMIT,IOC,1944.0,2.5091109,2.5461634,FILLED,277.3,1944.0,1718590828224,4877.7115896000005,L LIQ
2024-06-17 02:20:49.760,WIF,SELL,LIMIT,IOC,3765.8,2.4992643,2.5391074,FILLED,841.0,3765.8,1718590849760,9411.72950094,L LIQ
2024-06-17 02:20:55.325,WIF,SELL,LIMIT,IOC,2618.8,2.4981647,2.5388356,FILLED,162.7,2618.8,1718590855325,6542.19371636,L LIQ
2024-06-17 02:21:23.080,WIF,SELL,LIMIT,IOC,1947.4,2.4998724,2.5371709,FILLED,111.4,1947.4,1718590883080,4868.2515117600005,L LIQ
2024-06-17 02:22:05.250,WIF,SELL,LIMIT,IOC,1491.6,2.5017394,2.5357418,FILLED,96.3,1491.6,1718590925250,3731.59448904,L LIQ
2024-06-17 02:27:36.175,WIF,SELL,LIMIT,IOC,9179.9,2.4762963,2.520412,FILLED,449.7,9179.9,1718591256175,22732.152404369997,L LIQ
2024-06-17 02:28:10.444,WIF,SELL,LIMIT,IOC,3655.8,2.4719628,2.5132375,FILLED,71.8,3655.8,1718591290444,9037.00160424,L LIQ
2024-06-17 02:28:16.260,WIF,SELL,LIMIT,IOC,2641.4,2.4738327,2.5121639,FILLED,351.9,2641.4,1718591296260,6534.38169378,L LIQ
2024-06-17 02:28:44.561,WIF,SELL,LIMIT,IOC,7467.6,2.4620715,2.5050468,FILLED,6747.7,7467.6,1718591324561,18385.7651334,L LIQ
2024-06-17 03:17:48.096,WIF,SELL,LIMIT,IOC,3327.0,2.4742414,2.5157548,FILLED,35.4,3327.0,1718594268096,8231.8011378,L LIQ
2024-06-17 03:53:52.279,WIF,SELL,LIMIT,IOC,1962.4,2.4714487,2.5064075,FILLED,168.2,1962.4,1718596432279,4849.9709288799995,L LIQ
2024-06-17 05:48:12.283,WIF,SELL,LIMIT,IOC,1344.8,2.4694656,2.5058029,FILLED,184.3,1344.8,1718603292283,3320.93733888,L LIQ
2024-06-17 05:55:40.089,WIF,SELL,LIMIT,IOC,2004.6,2.4448149,2.4799021,FILLED,72.5,2004.6,1718603740089,4900.87594854,L LIQ
2024-06-17 05:57:01.416,WIF,SELL,LIMIT,IOC,1986.7,2.4398676,2.4760981,FILLED,61.2,1986.7,1718603821416,4847.28496092,L LIQ
2024-06-17 06:05:13.580,WIF,SELL,LIMIT,IOC,5039.2,2.424866,2.464764,FILLED,478.1,5039.2,1718604313580,12219.3847472,L LIQ
2024-06-17 06:56:56.624,WIF,SELL,LIMIT,IOC,2025.9,2.4191337,2.4554,FILLED,5.4,2025.9,1718607416624,4900.922962830001,L LIQ
2024-06-17 08:31:49.343,WIF,SELL,LIMIT,IOC,2042.3,2.388593,2.4245091,FILLED,72.9,2042.3,1718613109343,4878.2234839,L LIQ
2024-06-17 08:34:33.465,WIF,SELL,LIMIT,IOC,2045.9,2.3715005,2.4070164,FILLED,865.8,2045.9,1718613273465,4851.852872949999,L LIQ
2024-06-17 08:51:42.200,WIF,SELL,LIMIT,IOC,2000.0,2.3686618,2.4001328,FILLED,162.0,2000.0,1718614302200,4737.3236,L LIQ
2024-06-17 09:59:42.572,WIF,SELL,LIMIT,IOC,1537.2,2.3596014,2.395,FILLED,1537.2,1537.2,1718618382572,3627.17927208,L LIQ
2024-06-17 10:08:00.482,WIF,SELL,LIMIT,IOC,1699.2,2.3557711,2.3903116,FILLED,118.8,1699.2,1718618880482,4002.92625312,L LIQ
2024-06-17 10:08:11.073,WIF,SELL,LIMIT,IOC,2011.9,2.3521937,2.3837022,FILLED,50.5,2011.9,1718618891073,4732.37850503,L LIQ
2024-06-17 10:08:19.696,WIF,SELL,LIMIT,IOC,1657.4,2.3457058,2.3704459,FILLED,1235.2,1657.4,1718618899696,3887.772792920001,L LIQ
2024-06-17 10:20:21.200,WIF,SELL,LIMIT,IOC,1500.0,2.3399842,2.3756906,FILLED,238.2,1500.0,1718619621200,3509.9763,L LIQ
2024-06-17 10:20:51.546,WIF,SELL,LIMIT,IOC,3116.7,2.3326422,2.3710816,FILLED,106.3,3116.7,1718619651546,7270.145944739999,L LIQ
2024-06-17 12:30:26.169,WIF,SELL,LIMIT,IOC,2350.2,2.3144048,2.3500656,FILLED,409.0,2350.2,1718627426169,5439.31416096,L LIQ
2024-06-17 12:53:40.339,WIF,SELL,LIMIT,IOC,4178.4,2.3044516,2.3429834,FILLED,817.9,4178.4,1718628820339,9628.92056544,L LIQ
2024-06-17 13:04:24.407,WIF,SELL,LIMIT,IOC,1456.8,2.3069999,2.3403718,FILLED,8.5,1456.8,1718629464407,3360.83745432,L LIQ
2024-06-17 15:51:53.084,WIF,SELL,LIMIT,IOC,2740.4,2.2829088,2.3152402,FILLED,754.9,2740.4,1718639513084,6256.08327552,L LIQ
2024-06-17 15:51:55.338,WIF,SELL,LIMIT,IOC,9206.5,2.274011,2.3137593,FILLED,19.4,9206.5,1718639515338,20935.6822715,L LIQ
2024-06-17 15:52:11.294,WIF,SELL,LIMIT,IOC,1429.2,2.2794538,2.3145054,FILLED,32.1,1429.2,1718639531294,3257.7953709600006,L LIQ
2024-06-17 15:53:49.554,WIF,SELL,LIMIT,IOC,2330.3,2.2729679,2.3106021,FILLED,59.6,2330.3,1718639629554,5296.69709737,L LIQ
2024-06-17 15:55:09.124,WIF,SELL,LIMIT,IOC,2413.8,2.2655728,2.2987159,FILLED,480.9,2413.8,1718639709124,5468.639624640001,L LIQ
2024-06-17 15:56:00.608,WIF,SELL,LIMIT,IOC,1425.3,2.2599259,2.2951275,FILLED,130.2,1425.3,1718639760608,3221.07238527,L LIQ
2024-06-17 15:56:48.167,WIF,SELL,LIMIT,IOC,1863.7,2.2578884,2.2916131,FILLED,16.0,1863.7,1718639808167,4208.02661108,L LIQ
2024-06-17 16:00:32.094,WIF,SELL,LIMIT,IOC,2588.1,2.254665,2.2872453,FILLED,127.9,2588.1,1718640032094,5835.2984865,L LIQ
2024-06-17 16:01:32.068,WIF,SELL,LIMIT,IOC,1695.3,2.2539013,2.2863883,FILLED,191.6,1695.3,1718640092068,3821.03887389,L LIQ
2024-06-17 16:17:41.066,WIF,SELL,LIMIT,IOC,2079.6,2.2417996,2.2743412,FILLED,22.3,2079.6,1718641061066,4662.046448159999,L LIQ
2024-06-17 16:17:47.429,WIF,SELL,LIMIT,IOC,2281.4,2.2401546,2.2733509,FILLED,1143.1,2281.4,1718641067429,5110.68870444,L LIQ
2024-06-17 16:18:07.393,WIF,SELL,LIMIT,IOC,4848.2,2.2294746,2.2674985,FILLED,693.2,4848.2,1718641087393,10808.93875572,L LIQ
2024-06-17 16:18:12.466,WIF,SELL,LIMIT,IOC,1704.1,2.2327659,2.267736,FILLED,81.9,1704.1,1718641092466,3804.85637019,L LIQ
2024-06-17 16:18:27.353,WIF,SELL,LIMIT,IOC,8381.1,2.223663,2.2665622,FILLED,1064.3,8381.1,1718641107353,18636.7419693,L LIQ
2024-06-17 16:18:57.665,WIF,SELL,LIMIT,IOC,17568.5,2.2180851,2.2616982,FILLED,7.4,17568.5,1718641137665,38968.42807935,L LIQ
2024-06-17 16:19:41.407,WIF,SELL,LIMIT,IOC,1425.7,2.2207883,2.2508805,FILLED,128.8,1425.7,1718641181407,3166.17787931,L LIQ
2024-06-17 16:19:47.871,WIF,SELL,LIMIT,IOC,23975.0,2.2006538,2.2398208,FILLED,10605.4,23975.0,1718641187871,52760.674855,L LIQ
2024-06-17 16:19:56.111,WIF,SELL,LIMIT,IOC,3117.7,2.1943147,2.2313,FILLED,3117.7,3117.7,1718641196111,6841.21494019,L LIQ
2024-06-17 16:38:20.408,WIF,BUY,LIMIT,IOC,2186.8,2.3785283,2.344229,FILLED,948.1,2186.8,1718642300408,5201.365686440001,S LIQ
2024-06-17 16:39:51.292,WIF,BUY,LIMIT,IOC,1561.6,2.3830745,2.3476994,FILLED,1552.8,1561.6,1718642391292,3721.4091392,S LIQ
2024-06-17 16:39:56.202,WIF,BUY,LIMIT,IOC,1304.3,2.3839898,2.3482042,FILLED,322.9,1304.3,1718642396202,3109.43789614,S LIQ
2024-06-17 17:35:35.381,WIF,BUY,LIMIT,IOC,2135.3,2.44185,2.4074357,FILLED,110.1,2135.3,1718645735381,5214.082305000001,S LIQ
2024-06-17 19:04:48.100,WIF,SELL,LIMIT,IOC,1508.7,2.3829912,2.4188301,FILLED,74.7,1508.7,1718651088100,3595.2188234400005,L LIQ
2024-06-17 19:56:03.374,WIF,SELL,LIMIT,IOC,1642.5,2.359745,2.3956806,FILLED,447.0,1642.5,1718654163374,3875.8811625,L LIQ
2024-06-17 20:03:28.525,WIF,SELL,LIMIT,IOC,2084.2,2.3515215,2.385889,FILLED,844.2,2084.2,1718654608525,4901.0411103,L LIQ
2024-06-17 20:08:23.459,WIF,SELL,LIMIT,IOC,2296.9,2.3270939,2.3604019,FILLED,1412.9,2296.9,1718654903459,5345.10197891,L LIQ
2024-06-17 20:32:41.326,WIF,SELL,LIMIT,IOC,3129.4,2.3102915,2.3478747,FILLED,63.2,3129.4,1718656361326,7229.8262201,L LIQ
2024-06-17 20:33:25.286,WIF,SELL,LIMIT,IOC,3108.7,2.3047666,2.3423414,FILLED,219.6,3108.7,1718656405286,7164.82792942,L LIQ
2024-06-17 20:38:16.163,WIF,SELL,LIMIT,IOC,2434.4,2.2991509,2.3329511,FILLED,391.7,2434.4,1718656696163,5597.05295096,L LIQ
2024-06-17 22:05:48.227,WIF,SELL,LIMIT,IOC,2118.6,2.3053151,2.339765,FILLED,58.4,2118.6,1718661948227,4884.04057086,L LIQ
2024-06-18 00:09:17.682,WIF,SELL,LIMIT,IOC,1808.7,2.2753431,2.3087802,FILLED,31.2,1808.7,1718669357682,4115.41306497,L LIQ
2024-06-18 00:18:10.266,WIF,SELL,LIMIT,IOC,2029.5,2.2546936,2.2862898,FILLED,515.5,2029.5,1718669890266,4575.9006612,L LIQ
2024-06-18 00:21:22.396,WIF,SELL,LIMIT,IOC,1657.9,2.2516906,2.2864118,FILLED,78.8,1657.9,1718670082396,3733.07784574,L LIQ
2024-06-18 00:28:11.482,WIF,SELL,LIMIT,IOC,1735.8,2.2459513,2.2781842,FILLED,139.5,1735.8,1718670491482,3898.52226654,L LIQ
2024-06-18 00:32:27.471,WIF,BUY,LIMIT,IOC,2066.8,2.3381539,2.3042194,FILLED,30.8,2066.8,1718670747471,4832.496480520001,S LIQ
2024-06-18 00:35:46.086,WIF,SELL,LIMIT,IOC,2560.5,2.2338365,2.2659841,FILLED,222.9,2560.5,1718670946086,5719.73835825,L LIQ
2024-06-18 00:35:47.115,WIF,SELL,LIMIT,IOC,2171.5,2.2340725,2.2665938,FILLED,60.6,2171.5,1718670947115,4851.28843375,L LIQ
2024-06-18 00:38:08.127,WIF,SELL,LIMIT,IOC,1348.0,2.2287241,2.2621,FILLED,1262.0,1348.0,1718671088127,3004.3200868,L LIQ
2024-06-18 00:38:18.417,WIF,SELL,LIMIT,IOC,1664.8,2.2257575,2.2581042,FILLED,161.5,1664.8,1718671098417,3705.441086,L LIQ
2024-06-18 00:39:31.612,WIF,SELL,LIMIT,IOC,2995.6,2.2205521,2.2555295,FILLED,29.0,2995.6,1718671171612,6651.885870759999,L LIQ
2024-06-18 00:41:56.355,WIF,SELL,LIMIT,IOC,2082.5,2.2249654,2.255604,FILLED,156.4,2082.5,1718671316355,4633.4904455,L LIQ
2024-06-18 00:43:37.440,WIF,SELL,LIMIT,IOC,3065.1,2.213962,2.2501295,FILLED,57.4,3065.1,1718671417440,6786.0149261999995,L LIQ
2024-06-18 00:45:02.071,WIF,SELL,LIMIT,IOC,5000.0,2.203653,2.2434203,FILLED,7.7,5000.0,1718671502071,11018.265,L LIQ
2024-06-18 00:47:43.144,WIF,SELL,LIMIT,IOC,2265.6,2.2080053,2.2386839,FILLED,61.7,2265.6,1718671663144,5002.45680768,L LIQ
2024-06-18 01:15:39.421,WIF,SELL,LIMIT,IOC,1421.1,2.2078412,2.2391642,FILLED,63.0,1421.1,1718673339421,3137.5631293199995,L LIQ
2024-06-18 01:19:15.214,WIF,SELL,LIMIT,IOC,2365.7,2.1964329,2.2258606,FILLED,164.4,2365.7,1718673555214,5196.101311529999,L LIQ
2024-06-18 01:19:19.421,WIF,SELL,LIMIT,IOC,2987.9,2.1903289,2.2241464,FILLED,109.0,2987.9,1718673559421,6544.48372031,L LIQ
2024-06-18 01:22:27.115,WIF,SELL,LIMIT,IOC,4998.3,2.1877993,2.2228517,FILLED,77.9,4998.3,1718673747115,10935.27724119,L LIQ
2024-06-18 01:22:57.159,WIF,SELL,LIMIT,IOC,2065.2,2.1810293,2.2104481,FILLED,677.9,2065.2,1718673777159,4504.26171036,L LIQ
2024-06-18 01:23:05.189,WIF,SELL,LIMIT,IOC,2140.9,2.1850669,2.2113212,FILLED,166.9,2140.9,1718673785189,4678.00972621,L LIQ
2024-06-18 01:23:31.103,WIF,SELL,LIMIT,IOC,3353.4,2.1657389,2.1978506,FILLED,730.6,3353.4,1718673811103,7262.58882726,L LIQ
2024-06-18 01:23:34.508,WIF,SELL,LIMIT,IOC,2169.7,2.1653107,2.1899425,FILLED,117.7,2169.7,1718673814508,4698.07462579,L LIQ
2024-06-18 01:23:44.090,WIF,SELL,LIMIT,IOC,1511.5,2.1458062,2.1584546,FILLED,9.3,1511.5,1718673824090,3243.3860713,L LIQ
2024-06-18 01:28:19.086,WIF,SELL,LIMIT,IOC,1791.5,2.144195,2.1754138,FILLED,88.4,1791.5,1718674099086,3841.3253425,L LIQ
2024-06-18 01:41:36.649,WIF,SELL,LIMIT,IOC,3551.0,2.1285794,2.1586129,FILLED,1097.4,3551.0,1718674896649,7558.5854494,L LIQ
2024-06-18 01:41:46.095,WIF,SELL,LIMIT,IOC,1538.8,2.1188268,2.1408069,FILLED,1480.0,1538.8,1718674906095,3260.45067984,L LIQ
2024-06-18 01:41:56.548,WIF,SELL,LIMIT,IOC,4635.2,2.096126,2.1304738,FILLED,218.5,4635.2,1718674916548,9715.9632352,L LIQ
2024-06-18 01:42:02.075,WIF,SELL,LIMIT,IOC,7595.7,2.0861214,2.1122667,FILLED,63.7,7595.7,1718674922075,15845.55231798,L LIQ
2024-06-18 01:42:14.434,WIF,SELL,LIMIT,IOC,1942.3,2.0588534,2.0644392,FILLED,474.1,1942.3,1718674934434,3998.910958819999,L LIQ
2024-06-18 01:43:22.896,WIF,SELL,LIMIT,IOC,4752.5,2.0233731,2.0391219,FILLED,415.3,4752.5,1718675002896,9616.08065775,L LIQ
2024-06-18 01:43:25.993,WIF,SELL,LIMIT,IOC,1569.4,2.021878,2.0347223,FILLED,117.4,1569.4,1718675005993,3173.1353332000003,L LIQ
2024-06-18 01:43:59.024,WIF,SELL,LIMIT,IOC,4285.7,1.9971759,2.0,FILLED,772.9,4285.7,1718675039024,8559.296754629999,L LIQ
2024-06-18 01:44:08.334,WIF,SELL,LIMIT,IOC,1622.4,1.9699067,1.9774773,FILLED,613.7,1622.4,1718675048334,3195.97663008,L LIQ
2024-06-18 01:44:19.870,WIF,SELL,LIMIT,IOC,5352.8,1.9710517,2.0023385,FILLED,297.2,5352.8,1718675059870,10550.64553976,L LIQ
2024-06-18 01:45:24.598,WIF,SELL,LIMIT,IOC,1694.2,1.9815485,2.000232,FILLED,861.1,1694.2,1718675124598,3357.1394687,L LIQ
2024-06-18 01:45:26.911,WIF,SELL,LIMIT,IOC,1643.0,1.9725348,1.9913464,FILLED,97.6,1643.0,1718675126911,3240.8746764,L LIQ
2024-06-18 01:46:34.525,WIF,BUY,LIMIT,IOC,24075.2,2.1003258,2.0723895,FILLED,50.6,24075.2,1718675194525,50565.763700159994,S LIQ
2024-06-18 01:47:12.396,WIF,BUY,LIMIT,IOC,4193.8,2.1021659,2.0748171,FILLED,675.5,4193.8,1718675232396,8816.063351420002,S LIQ
2024-06-18 01:47:24.583,WIF,BUY,LIMIT,IOC,3052.1,2.1107345,2.0737034,FILLED,59.5,3052.1,1718675244583,6442.17276745,S LIQ
2024-06-18 02:40:19.456,WIF,SELL,LIMIT,IOC,2111.2,2.0929717,2.1221824,FILLED,1.1,2111.2,1718678419456,4418.68185304,L LIQ
2024-06-18 02:40:26.461,WIF,SELL,LIMIT,IOC,1874.7,2.0907138,2.1214798,FILLED,188.7,1874.7,1718678426461,3919.46116086,L LIQ
2024-06-18 02:47:29.037,WIF,BUY,LIMIT,IOC,1893.0,2.1549178,2.1233997,FILLED,5.2,1893.0,1718678849037,4079.2593954,S LIQ
2024-06-18 04:48:20.358,WIF,SELL,LIMIT,IOC,2368.5,2.0674274,2.0982512,FILLED,426.9,2368.5,1718686100358,4896.701796900001,L LIQ
2024-06-18 05:31:06.413,WIF,SELL,LIMIT,IOC,2339.1,2.092076,2.1223912,FILLED,111.4,2339.1,1718688666413,4893.5749716,L LIQ
2024-06-18 06:55:29.314,WIF,SELL,LIMIT,IOC,2350.0,2.0426206,2.0729356,FILLED,584.7,2350.0,1718693729314,4800.158409999999,L LIQ
2024-06-18 08:00:17.255,WIF,SELL,LIMIT,IOC,2050.6,2.0496541,2.0790337,FILLED,479.3,2050.6,1718697617255,4203.0206974600005,L LIQ
2024-06-18 08:33:17.084,WIF,BUY,LIMIT,IOC,1848.1,2.1353749,2.1045338,FILLED,433.0,1848.1,1718699597084,3946.38635269,S LIQ
2024-06-18 10:17:47.377,WIF,SELL,LIMIT,IOC,2172.1,2.050519,2.080793,FILLED,180.6,2172.1,1718705867377,4453.9323199,L LIQ
2024-06-18 11:04:12.243,WIF,SELL,LIMIT,IOC,5409.8,2.0314262,2.0655801,FILLED,866.0,5409.8,1718708652243,10989.60945676,L LIQ
2024-06-18 11:04:21.188,WIF,SELL,LIMIT,IOC,2376.1,2.0333976,2.0636574,FILLED,209.9,2376.1,1718708661188,4831.556037359999,L LIQ
2024-06-18 11:04:34.389,WIF,SELL,LIMIT,IOC,1821.8,2.0320071,2.0626267,FILLED,44.9,1821.8,1718708674389,3701.91053478,L LIQ
2024-06-18 11:12:26.098,WIF,SELL,LIMIT,IOC,2262.1,2.0167069,2.0455872,FILLED,195.4,2262.1,1718709146098,4561.99267849,L LIQ
2024-06-18 11:13:09.424,WIF,SELL,LIMIT,IOC,2983.6,2.011855,2.0422194,FILLED,162.1,2983.6,1718709189424,6002.570578000001,L LIQ
2024-06-18 11:20:51.119,WIF,SELL,LIMIT,IOC,2381.5,1.9986695,2.0266726,FILLED,749.8,2381.5,1718709651119,4759.83141425,L LIQ
2024-06-18 11:22:44.119,WIF,SELL,LIMIT,IOC,2150.0,2.0007978,2.0300701,FILLED,258.9,2150.0,1718709764119,4301.71527,L LIQ
2024-06-18 11:24:20.077,WIF,SELL,LIMIT,IOC,2513.1,1.9924151,2.022832,FILLED,436.1,2513.1,1718709860077,5007.1383878100005,L LIQ
2024-06-18 11:35:00.266,WIF,SELL,LIMIT,IOC,6276.1,1.9742397,2.0100309,FILLED,193.8,6276.1,1718710500266,12390.52578117,L LIQ
2024-06-18 11:36:32.297,WIF,SELL,LIMIT,IOC,10627.5,1.9658416,2.0022,FILLED,10627.5,10627.5,1718710592297,20891.981604,L LIQ
2024-06-18 11:37:06.343,WIF,SELL,LIMIT,IOC,5167.2,1.9692758,2.0022047,FILLED,4923.2,5167.2,1718710626343,10175.64191376,L LIQ
2024-06-18 12:28:13.188,WIF,SELL,LIMIT,IOC,4864.4,1.9635803,1.997125,FILLED,951.3,4864.4,1718713693188,9551.64001132,L LIQ
2024-06-18 12:30:21.516,WIF,BUY,LIMIT,IOC,2250.9,2.06569,2.0456,FILLED,2250.9,2250.9,1718713821516,4649.661621,S LIQ
2024-06-18 12:48:27.428,WIF,SELL,LIMIT,IOC,2453.3,1.9976476,2.0266607,FILLED,187.3,2453.3,1718714907428,4900.8288570800005,L LIQ
2024-06-18 13:03:45.388,WIF,SELL,LIMIT,IOC,2192.8,1.9962962,2.0233339,FILLED,773.9,2192.8,1718715825388,4377.47830736,L LIQ
2024-06-18 13:20:12.379,WIF,SELL,LIMIT,IOC,1973.7,1.9823381,2.0103248,FILLED,151.1,1973.7,1718716812379,3912.54070797,L LIQ
2024-06-18 13:31:28.129,WIF,SELL,LIMIT,IOC,9000.0,1.9571353,1.9919255,FILLED,101.8,9000.0,1718717488129,17614.2177,L LIQ
2024-06-18 13:31:50.389,WIF,SELL,LIMIT,IOC,2050.6,1.9621201,1.9915806,FILLED,569.5,2050.6,1718717510389,4023.523477059999,L LIQ
2024-06-18 13:31:54.487,WIF,SELL,LIMIT,IOC,2298.7,1.9614783,1.991387,FILLED,74.2,2298.7,1718717514487,4508.8501682099995,L LIQ
2024-06-18 13:32:13.172,WIF,SELL,LIMIT,IOC,7708.3,1.951121,1.9857914,FILLED,13.9,7708.3,1718717533172,15039.8260043,L LIQ
2024-06-18 13:36:08.383,WIF,SELL,LIMIT,IOC,2404.6,1.9455315,1.9707074,FILLED,659.1,2404.6,1718717768383,4678.225044899999,L LIQ
2024-06-18 13:39:57.327,WIF,SELL,LIMIT,IOC,2460.5,1.9442888,1.9732657,FILLED,141.0,2460.5,1718717997327,4783.9225924,L LIQ
2024-06-18 13:42:40.436,WIF,BUY,LIMIT,IOC,2257.7,2.0190968,1.9911686,FILLED,697.4,2257.7,1718718160436,4558.5148453599995,S LIQ
2024-06-18 13:44:18.160,WIF,BUY,LIMIT,IOC,1522.0,2.0378165,2.0082694,FILLED,261.3,1522.0,1718718258160,3101.556713,S LIQ
2024-06-18 13:58:35.483,WIF,SELL,LIMIT,IOC,2219.2,1.9337474,1.9605814,FILLED,78.2,2219.2,1718719115483,4291.372230079999,L LIQ
2024-06-18 13:58:37.383,WIF,SELL,LIMIT,IOC,15486.9,1.9246371,1.9600686,FILLED,538.8,15486.9,1718719117383,29806.66230399,L LIQ
2024-06-18 14:05:16.173,WIF,SELL,LIMIT,IOC,3746.0,1.9180263,1.9493839,FILLED,72.9,3746.0,1718719516173,7184.9265198,L LIQ
2024-06-18 14:05:45.279,WIF,SELL,LIMIT,IOC,3540.9,1.909097,1.940728,FILLED,505.6,3540.9,1718719545279,6759.9215673,L LIQ
2024-06-18 14:31:55.322,WIF,SELL,LIMIT,IOC,2462.0,1.9813244,2.010626,FILLED,473.8,2462.0,1718721115322,4878.0206728,L LIQ
2024-06-18 14:50:47.416,WIF,SELL,LIMIT,IOC,2449.6,1.9965939,2.0241271,FILLED,173.5,2449.6,1718722247416,4890.85641744,L LIQ
2024-06-18 14:55:57.050,WIF,SELL,LIMIT,IOC,2447.1,1.9717215,1.9982538,FILLED,604.6,2447.1,1718722557050,4824.999682649999,L LIQ
2024-06-18 15:10:08.419,WIF,SELL,LIMIT,IOC,3735.0,1.9423252,1.9783342,FILLED,68.0,3735.0,1718723408419,7254.584622,L LIQ
2024-06-18 15:10:36.459,WIF,SELL,LIMIT,IOC,10563.9,1.9343176,1.9704644,FILLED,3078.0,10563.9,1718723436459,20433.93769464,L LIQ
2024-06-18 15:11:17.139,WIF,SELL,LIMIT,IOC,1560.3,1.9398262,1.9686892,FILLED,32.1,1560.3,1718723477139,3026.71081986,L LIQ
2024-06-18 15:21:36.284,WIF,BUY,LIMIT,IOC,2440.7,2.0293398,1.9985585,FILLED,260.2,2440.7,1718724096284,4953.009649859999,S LIQ
2024-06-18 15:23:14.348,WIF,BUY,LIMIT,IOC,2526.1,2.0413011,2.0128582,FILLED,358.0,2526.1,1718724194348,5156.53070871,S LIQ
2024-06-18 16:18:45.566,WIF,SELL,LIMIT,IOC,3161.8,1.9385067,1.9661199,FILLED,103.5,3161.8,1718727525566,6129.1704840600005,L LIQ
2024-06-18 16:21:15.314,WIF,SELL,LIMIT,IOC,2525.7,1.9323732,1.9600901,FILLED,21.1,2525.7,1718727675314,4880.59499124,L LIQ
2024-06-18 16:34:09.508,WIF,SELL,LIMIT,IOC,12314.4,1.921456,1.9548165,FILLED,57.2,12314.4,1718728449508,23661.5777664,L LIQ
2024-06-18 16:48:17.223,WIF,SELL,LIMIT,IOC,12604.0,1.907992,1.941356,FILLED,216.0,12604.0,1718729297223,24048.331168,L LIQ
2024-06-18 16:49:31.076,WIF,SELL,LIMIT,IOC,8726.7,1.9020428,1.9372042,FILLED,3010.3,8726.7,1718729371076,16598.556902760003,L LIQ
2024-06-18 16:49:40.251,WIF,SELL,LIMIT,IOC,1927.3,1.9092249,1.9389139,FILLED,325.2,1927.3,1718729380251,3679.64914977,L LIQ
2024-06-18 16:50:55.572,WIF,SELL,LIMIT,IOC,2572.4,1.9082796,1.9366456,FILLED,159.7,2572.4,1718729455572,4908.85844304,L LIQ
2024-06-18 17:19:08.243,WIF,SELL,LIMIT,IOC,2207.7,1.941725,1.9694093,FILLED,307.8,2207.7,1718731148243,4286.746282499999,L LIQ
2024-06-18 17:24:21.151,WIF,SELL,LIMIT,IOC,1927.2,1.9199989,1.948802,FILLED,474.9,1927.2,1718731461151,3700.22188008,L LIQ
2024-06-18 17:34:01.685,WIF,BUY,LIMIT,IOC,2279.0,1.9670335,1.9425886,FILLED,200.4,2279.0,1718732041685,4482.869346500001,S LIQ
2024-06-18 17:52:25.564,WIF,SELL,LIMIT,IOC,2572.9,1.9037381,1.9310321,FILLED,360.5,2572.9,1718733145564,4898.1277574900005,L LIQ
2024-06-18 18:02:16.098,WIF,SELL,LIMIT,IOC,3808.7,1.886129,1.9145611,FILLED,146.9,3808.7,1718733736098,7183.699522299999,L LIQ
2024-06-18 18:02:38.120,WIF,SELL,LIMIT,IOC,2810.0,1.8836848,1.911712,FILLED,108.3,2810.0,1718733758120,5293.154288,L LIQ
2024-06-18 18:03:35.071,WIF,SELL,LIMIT,IOC,3292.1,1.8803364,1.9102372,FILLED,43.4,3292.1,1718733815071,6190.25546244,L LIQ
2024-06-18 18:03:37.311,WIF,SELL,LIMIT,IOC,2024.5,1.8813957,1.9065321,FILLED,990.4,2024.5,1718733817311,3808.88559465,L LIQ
2024-06-18 18:39:32.450,WIF,BUY,LIMIT,IOC,1855.0,1.9665822,1.9385159,FILLED,408.3,1855.0,1718735972450,3648.009981,S LIQ
2024-06-18 19:03:30.593,WIF,SELL,LIMIT,IOC,3543.7,1.8724848,1.9027194,FILLED,29.6,3543.7,1718737410593,6635.52438576,L LIQ
2024-06-18 19:07:34.188,WIF,SELL,LIMIT,IOC,8700.0,1.8636676,1.8962,FILLED,175.2,8700.0,1718737654188,16213.90812,L LIQ
2024-06-18 19:07:44.103,WIF,SELL,LIMIT,IOC,18009.4,1.8590803,1.8929167,FILLED,738.8,18009.4,1718737664103,33480.92075482001,L LIQ
2024-06-18 19:07:57.110,WIF,SELL,LIMIT,IOC,1829.9,1.8648243,1.892453,FILLED,285.6,1829.9,1718737677110,3412.44198657,L LIQ
2024-06-18 19:08:40.539,WIF,SELL,LIMIT,IOC,2312.9,1.8618097,1.8908432,FILLED,541.0,2312.9,1718737720539,4306.17965513,L LIQ
2024-06-18 19:24:07.213,WIF,BUY,LIMIT,IOC,2087.6,1.9551501,1.9277525,FILLED,777.6,2087.6,1718738647213,4081.57134876,S LIQ
2024-06-18 19:25:24.484,WIF,BUY,LIMIT,IOC,2641.0,1.9609986,1.9335831,FILLED,205.9,2641.0,1718738724484,5178.9973026,S LIQ
2024-06-18 19:27:47.199,WIF,SELL,LIMIT,IOC,2589.5,1.8922516,1.9196038,FILLED,60.7,2589.5,1718738867199,4899.9855182,L LIQ
2024-06-18 19:47:44.268,WIF,SELL,LIMIT,IOC,1790.2,1.9543025,1.9543025,FILLED,1790.2,1790.2,1718740064268,3498.5923355,L LIQ
2024-06-18 19:50:20.128,WIF,BUY,LIMIT,IOC,2594.4,1.9662566,1.9392812,FILLED,281.1,2594.4,1718740220128,5101.25612304,S LIQ
2024-06-18 19:54:11.087,WIF,BUY,LIMIT,IOC,2580.1,1.9759644,1.9480748,FILLED,187.4,2580.1,1718740451087,5098.18574844,S LIQ
2024-06-18 20:00:09.379,WIF,BUY,LIMIT,IOC,2103.1,1.9948804,1.9668,FILLED,261.7,2103.1,1718740809379,4195.43296924,S LIQ
2024-06-18 20:00:14.075,WIF,BUY,LIMIT,IOC,1870.0,1.9981551,1.97116,FILLED,334.9,1870.0,1718740814075,3736.550037,S LIQ
2024-06-18 20:16:55.139,WIF,BUY,LIMIT,IOC,2508.7,2.0241717,1.9943207,FILLED,0.4,2508.7,1718741815139,5078.03954379,S LIQ
2024-06-18 20:49:03.324,WIF,BUY,LIMIT,IOC,5248.7,2.0482578,2.0137714,FILLED,147.0,5248.7,1718743743324,10750.69071486,S LIQ
2024-06-18 20:51:16.134,WIF,BUY,LIMIT,IOC,4393.9,2.065554,2.034524,FILLED,494.1,4393.9,1718743876134,9075.8377206,S LIQ
2024-06-18 21:06:40.484,WIF,SELL,LIMIT,IOC,1858.3,1.9879022,2.0186032,FILLED,0.6,1858.3,1718744800484,3694.11865826,L LIQ
2024-06-18 21:12:43.574,WIF,BUY,LIMIT,IOC,5835.0,2.0801875,2.0448359,FILLED,1125.8,5835.0,1718745163574,12137.8940625,S LIQ
2024-06-18 21:19:04.308,WIF,BUY,LIMIT,IOC,2435.5,2.080479,2.0502769,FILLED,290.9,2435.5,1718745544308,5067.0066045,S LIQ
2024-06-18 21:36:59.510,WIF,BUY,LIMIT,IOC,7000.0,2.0996,2.0624128,FILLED,268.7,7000.0,1718746619510,14697.2,S LIQ
2024-06-18 21:38:18.328,WIF,BUY,LIMIT,IOC,4580.2,2.1072471,2.0719077,FILLED,31.4,4580.2,1718746698328,9651.61316742,S LIQ
2024-06-18 21:45:54.238,WIF,BUY,LIMIT,IOC,3409.4,2.111392,2.078379,FILLED,546.4,3409.4,1718747154238,7198.5798848,S LIQ
2024-06-18 21:46:30.239,WIF,BUY,LIMIT,IOC,4937.0,2.1216458,2.0855123,FILLED,7.8,4937.0,1718747190239,10474.5653146,S LIQ
2024-06-18 22:30:52.158,WIF,SELL,LIMIT,IOC,8216.5,2.0097602,2.0462999,FILLED,266.9,8216.5,1718749852158,16513.1946833,L LIQ
2024-06-19 00:22:12.160,WIF,SELL,LIMIT,IOC,2180.3,2.0073998,2.0351065,FILLED,891.7,2180.3,1718756532160,4376.733783940001,L LIQ
2024-06-19 00:46:43.398,WIF,BUY,LIMIT,IOC,1980.0,2.1072974,2.0770183,FILLED,22.2,1980.0,1718758003398,4172.448852,S LIQ
2024-06-19 01:13:50.313,WIF,BUY,LIMIT,IOC,3454.9,2.1614725,2.1270634,FILLED,300.2,3454.9,1718759630313,7467.67134025,S LIQ
2024-06-19 01:14:03.433,WIF,BUY,LIMIT,IOC,4000.0,2.1648853,2.1293679,FILLED,329.5,4000.0,1718759643433,8659.5412,S LIQ
2024-06-19 02:47:34.316,WIF,SELL,LIMIT,IOC,2110.9,2.0573498,2.0885198,FILLED,587.0,2110.9,1718765254316,4342.85969282,L LIQ
2024-06-19 03:34:21.345,WIF,SELL,LIMIT,IOC,2202.8,2.0897943,2.118657,FILLED,163.4,2202.8,1718768061345,4603.39888404,L LIQ
2024-06-19 07:17:28.347,WIF,SELL,LIMIT,IOC,1931.0,2.0612645,2.0920783,FILLED,1248.1,1931.0,1718781448347,3980.3017495,L LIQ
2024-06-19 07:27:58.515,WIF,SELL,LIMIT,IOC,2979.3,2.0480613,2.080485,FILLED,84.3,2979.3,1718782078515,6101.78903109,L LIQ
2024-06-19 08:31:24.588,WIF,SELL,LIMIT,IOC,1712.7,2.0056031,2.0349787,FILLED,185.5,1712.7,1718785884588,3434.9964293700004,L LIQ
2024-06-19 08:45:12.572,WIF,BUY,LIMIT,IOC,2222.0,2.080392,2.0491165,FILLED,38.3,2222.0,1718786712572,4622.631023999999,S LIQ
2024-06-19 09:33:28.469,WIF,SELL,LIMIT,IOC,2453.8,1.9972556,2.0269412,FILLED,113.4,2453.8,1718789608469,4900.86579128,L LIQ
2024-06-19 09:33:43.192,WIF,SELL,LIMIT,IOC,1572.2,1.9934127,2.0227627,FILLED,460.3,1572.2,1718789623192,3134.04344694,L LIQ
2024-06-19 11:34:51.383,WIF,SELL,LIMIT,IOC,2411.6,2.0171163,2.0479093,FILLED,39.3,2411.6,1718796891383,4864.47766908,L LIQ
2024-06-19 12:51:15.513,WIF,BUY,LIMIT,IOC,2453.4,2.1008859,2.0710118,FILLED,144.1,2453.4,1718801475513,5154.31346706,S LIQ
2024-06-19 14:16:31.063,WIF,SELL,LIMIT,IOC,2216.2,1.9874568,2.0153412,FILLED,48.7,2216.2,1718806591063,4404.60176016,L LIQ
2024-06-19 14:17:51.481,WIF,SELL,LIMIT,IOC,2375.1,1.9857822,2.0149578,FILLED,16.4,2375.1,1718806671481,4716.43130322,L LIQ
2024-06-19 14:23:46.458,WIF,SELL,LIMIT,IOC,3253.1,1.9707749,2.0026656,FILLED,171.0,3253.1,1718807026458,6411.12782719,L LIQ
2024-06-19 14:24:21.574,WIF,SELL,LIMIT,IOC,5459.5,1.966913,2.0015305,FILLED,61.4,5459.5,1718807061574,10738.3615235,L LIQ
2024-06-19 14:24:23.157,WIF,SELL,LIMIT,IOC,1820.1,1.9722185,1.9994807,FILLED,28.1,1820.1,1718807063157,3589.63489185,L LIQ
2024-06-19 14:31:45.428,WIF,SELL,LIMIT,IOC,2334.8,1.9517546,1.9810248,FILLED,2030.8,2334.8,1718807505428,4556.95664008,L LIQ
2024-06-19 14:32:47.184,WIF,SELL,LIMIT,IOC,2824.7,1.9441092,1.9722364,FILLED,277.6,2824.7,1718807567184,5491.5252572399995,L LIQ
2024-06-19 15:13:49.166,WIF,BUY,LIMIT,IOC,2507.0,2.0470032,2.0174942,FILLED,95.4,2507.0,1718810029166,5131.837022399999,S LIQ
2024-06-19 15:50:07.087,WIF,BUY,LIMIT,IOC,2216.7,2.06744,2.0379,FILLED,2216.7,2216.7,1718812207087,4582.894248,S LIQ
2024-06-19 17:14:22.060,WIF,BUY,LIMIT,IOC,2005.3,2.095004,2.0642172,FILLED,656.9,2005.3,1718817262060,4201.1115211999995,S LIQ
2024-06-19 17:16:22.116,WIF,BUY,LIMIT,IOC,2827.8,2.1011078,2.068402,FILLED,542.6,2827.8,1718817382116,5941.51263684,S LIQ
2024-06-19 17:16:25.351,WIF,BUY,LIMIT,IOC,5049.5,2.1060228,2.0705694,FILLED,259.8,5049.5,1718817385351,10634.3621286,S LIQ
2024-06-19 18:55:37.164,WIF,SELL,LIMIT,IOC,2410.1,2.0198799,2.0500015,FILLED,1652.1,2410.1,1718823337164,4868.11254699,L LIQ
2024-06-19 20:20:30.070,WIF,SELL,LIMIT,IOC,2460.0,1.9895681,2.0151822,FILLED,46.5,2460.0,1718828430070,4894.337526,L LIQ
2024-06-19 23:32:31.116,WIF,SELL,LIMIT,IOC,2470.0,1.9762378,2.0068688,FILLED,231.1,2470.0,1718839951116,4881.307366,L LIQ
2024-06-20 00:14:28.407,WIF,BUY,LIMIT,IOC,2463.4,2.0616388,2.0306025,FILLED,288.6,2463.4,1718842468407,5078.64101992,S LIQ
2024-06-20 00:47:25.415,WIF,SELL,LIMIT,IOC,1820.8,1.9831881,2.0123484,FILLED,258.5,1820.8,1718844445415,3610.98889248,L LIQ
2024-06-20 00:54:27.400,WIF,BUY,LIMIT,IOC,1863.7,2.0512844,2.0230446,FILLED,195.9,1863.7,1718844867400,3822.97873628,S LIQ
2024-06-20 01:32:31.219,WIF,BUY,LIMIT,IOC,2452.4,2.0954134,2.0642382,FILLED,13.2,2452.4,1718847151219,5138.79182216,S LIQ
2024-06-20 01:39:18.494,WIF,BUY,LIMIT,IOC,2245.1,2.0887273,2.0601508,FILLED,210.3,2245.1,1718847558494,4689.401661229999,S LIQ
2024-06-20 03:31:56.185,WIF,BUY,LIMIT,IOC,1461.7,2.0888346,2.0588,FILLED,1461.7,1461.7,1718854316185,3053.2495348200005,S LIQ
2024-06-20 04:59:13.297,WIF,SELL,LIMIT,IOC,1855.8,2.0125074,2.0414781,FILLED,254.0,1855.8,1718859553297,3734.81123292,L LIQ
2024-06-20 05:55:43.044,WIF,BUY,LIMIT,IOC,2484.8,2.1028193,2.0718482,FILLED,187.7,2484.8,1718862943044,5225.085396640001,S LIQ
2024-06-20 06:13:47.522,WIF,BUY,LIMIT,IOC,1455.3,2.1323574,2.1021354,FILLED,189.4,1455.3,1718864027522,3103.21972422,S LIQ
2024-06-20 06:14:01.536,WIF,BUY,LIMIT,IOC,1576.0,2.1350794,2.1033691,FILLED,59.1,1576.0,1718864041536,3364.8851344,S LIQ
2024-06-20 06:14:03.358,WIF,BUY,LIMIT,IOC,3052.1,2.1383212,2.1052221,FILLED,358.5,3052.1,1718864043358,6526.37013452,S LIQ
2024-06-20 06:16:09.503,WIF,SELL,LIMIT,IOC,1862.0,2.0642008,2.0979463,FILLED,142.3,1862.0,1718864169503,3843.5418896,L LIQ
2024-06-20 07:00:24.478,WIF,BUY,LIMIT,IOC,2410.0,2.1140357,2.0819985,FILLED,160.2,2410.0,1718866824478,5094.826037,S LIQ
2024-06-20 07:18:43.190,WIF,BUY,LIMIT,IOC,4872.9,2.1540606,2.1192932,FILLED,622.1,4872.9,1718867923190,10496.52189774,S LIQ
2024-06-20 07:31:09.309,WIF,BUY,LIMIT,IOC,2058.2,2.1614311,2.1308883,FILLED,117.0,2058.2,1718868669309,4448.65749002,S LIQ
2024-06-20 11:09:01.173,WIF,BUY,LIMIT,IOC,1960.2,2.1772839,2.1448125,FILLED,172.8,1960.2,1718881741173,4267.91190078,S LIQ
2024-06-20 11:09:52.101,WIF,BUY,LIMIT,IOC,1435.2,2.1823013,2.1500691,FILLED,39.7,1435.2,1718881792101,3132.03882576,S LIQ
2024-06-20 11:09:54.312,WIF,BUY,LIMIT,IOC,1589.5,2.1827892,2.1520436,FILLED,223.8,1589.5,1718881794312,3469.5434334,S LIQ
2024-06-20 11:12:41.378,WIF,BUY,LIMIT,IOC,2964.3,2.1898577,2.1557207,FILLED,24.3,2964.3,1718881961378,6491.395180110001,S LIQ
2024-06-20 11:12:55.450,WIF,BUY,LIMIT,IOC,2154.6,2.1896074,2.1578493,FILLED,47.8,2154.6,1718881975450,4717.728104039999,S LIQ
2024-06-20 12:06:06.532,WIF,BUY,LIMIT,IOC,1397.1,2.2009014,2.1701545,FILLED,218.4,1397.1,1718885166532,3074.879345939999,S LIQ
2024-06-20 12:16:09.207,WIF,SELL,LIMIT,IOC,2300.2,2.1265851,2.1570036,FILLED,6.1,2300.2,1718885769207,4891.571047019999,L LIQ
2024-06-20 12:25:11.147,WIF,SELL,LIMIT,IOC,2317.3,2.1056418,2.1364897,FILLED,405.6,2317.3,1718886311147,4879.40374314,L LIQ
2024-06-20 12:33:41.406,WIF,SELL,LIMIT,IOC,2395.7,2.1004094,2.1302081,FILLED,63.8,2395.7,1718886821406,5031.95079958,L LIQ
2024-06-20 12:43:30.278,WIF,SELL,LIMIT,IOC,19704.8,2.0762037,2.1150925,FILLED,1440.6,19704.8,1718887410278,40911.17866776,L LIQ
2024-06-20 13:02:42.356,WIF,SELL,LIMIT,IOC,5394.4,2.0676403,2.1021417,FILLED,1426.4,5394.4,1718888562356,11153.67883432,L LIQ
2024-06-20 13:20:27.642,WIF,SELL,LIMIT,IOC,4615.8,2.0255777,2.0606491,FILLED,965.1,4615.8,1718889627642,9349.66154766,L LIQ
2024-06-20 13:21:54.121,WIF,SELL,LIMIT,IOC,1537.8,2.0233352,2.0525749,FILLED,210.7,1537.8,1718889714121,3111.48487056,L LIQ
2024-06-20 13:31:57.094,WIF,SELL,LIMIT,IOC,6724.5,1.9943353,2.030566,FILLED,18.8,6724.5,1718890317094,13410.90772485,L LIQ
2024-06-20 13:32:13.228,WIF,SELL,LIMIT,IOC,3451.7,1.9965196,2.0292088,FILLED,132.2,3451.7,1718890333228,6891.3867033199995,L LIQ
2024-06-20 13:51:12.336,WIF,SELL,LIMIT,IOC,2289.8,2.0144632,2.0437014,FILLED,284.9,2289.8,1718891472336,4612.71783536,L LIQ
2024-06-20 14:01:01.499,WIF,SELL,LIMIT,IOC,2213.9,1.9991474,2.0281409,FILLED,390.5,2213.9,1718892061499,4425.912428860001,L LIQ
2024-06-20 14:06:20.429,WIF,SELL,LIMIT,IOC,3042.9,1.9738286,2.0045019,FILLED,68.4,3042.9,1718892380429,6006.163046940001,L LIQ
2024-06-20 14:08:26.350,WIF,SELL,LIMIT,IOC,3119.2,1.9748157,2.0047175,FILLED,584.2,3119.2,1718892506350,6159.84513144,L LIQ
2024-06-20 14:20:53.184,WIF,SELL,LIMIT,IOC,1522.5,1.973102,2.0020954,FILLED,260.6,1522.5,1718893253184,3004.047795,L LIQ
2024-06-20 15:01:31.445,WIF,BUY,LIMIT,IOC,2391.8,2.0666212,2.0368343,FILLED,181.2,2391.8,1718895691445,4942.944586160001,S LIQ
2024-06-20 16:02:58.057,WIF,SELL,LIMIT,IOC,5828.9,1.9507778,1.9814831,FILLED,1028.4,5828.9,1718899378057,11370.88871842,L LIQ
2024-06-20 16:08:46.465,WIF,SELL,LIMIT,IOC,2140.4,1.9205012,1.9503332,FILLED,303.2,2140.4,1718899726465,4110.64076848,L LIQ
2024-06-20 17:34:30.239,WIF,BUY,LIMIT,IOC,1747.4,2.0364959,2.0066969,FILLED,1693.9,1747.4,1718904870239,3558.57293566,S LIQ
2024-06-20 21:57:11.131,WIF,SELL,LIMIT,IOC,2211.6,1.9681024,1.991391,FILLED,288.9,2211.6,1718920631131,4352.65526784,L LIQ
2024-06-20 22:05:32.437,WIF,SELL,LIMIT,IOC,1836.7,1.961856,1.9901741,FILLED,475.8,1836.7,1718921132437,3603.3409152,L LIQ
2024-06-20 23:09:18.332,WIF,SELL,LIMIT,IOC,2356.6,1.9576615,1.9869276,FILLED,7.8,2356.6,1718924958332,4613.425090899999,L LIQ
2024-06-20 23:43:52.513,WIF,SELL,LIMIT,IOC,12304.9,1.9305994,1.9673148,FILLED,223.8,12304.9,1718927032513,23755.83255706,L LIQ
2024-06-20 23:43:57.399,WIF,SELL,LIMIT,IOC,2278.0,1.9376452,1.9663173,FILLED,426.2,2278.0,1718927037399,4413.9557656,L LIQ
2024-06-20 23:52:43.510,WIF,SELL,LIMIT,IOC,2461.5,1.9272793,1.9562809,FILLED,91.7,2461.5,1718927563510,4743.99799695,L LIQ
2024-06-20 23:57:39.232,WIF,SELL,LIMIT,IOC,1997.8,1.9223842,1.9510047,FILLED,100.4,1997.8,1718927859232,3840.53915476,L LIQ
2024-06-21 00:06:07.389,WIF,SELL,LIMIT,IOC,3394.4,1.9186789,1.9466473,FILLED,420.6,3394.4,1718928367389,6512.76365816,L LIQ
2024-06-21 00:06:09.547,WIF,SELL,LIMIT,IOC,9633.8,1.9128501,1.9358096,FILLED,1747.0,9633.8,1718928369547,18428.01529338,L LIQ
2024-06-21 00:06:13.446,WIF,SELL,LIMIT,IOC,11075.1,1.902826,1.9361691,FILLED,132.4,11075.1,1718928373446,21073.9882326,L LIQ
2024-06-21 00:09:54.281,WIF,SELL,LIMIT,IOC,2427.1,1.8958759,1.9224135,FILLED,281.4,2427.1,1718928594281,4601.48039689,L LIQ
2024-06-21 00:13:09.311,WIF,SELL,LIMIT,IOC,2450.0,1.8919407,1.920024,FILLED,1582.3,2450.0,1718928789311,4635.254715,L LIQ
2024-06-21 00:13:20.055,WIF,SELL,LIMIT,IOC,8494.8,1.8820595,1.9155937,FILLED,9.2,8494.8,1718928800055,15987.7190406,L LIQ
2024-06-21 00:18:28.506,WIF,SELL,LIMIT,IOC,1720.2,1.8793056,1.9073084,FILLED,170.1,1720.2,1718929108506,3232.78149312,L LIQ
2024-06-21 00:31:46.417,WIF,SELL,LIMIT,IOC,2215.3,1.8771333,1.9046137,FILLED,64.7,2215.3,1718929906417,4158.41339949,L LIQ
2024-06-21 00:35:00.504,WIF,SELL,LIMIT,IOC,3054.7,1.8812065,1.9128187,FILLED,26.6,3054.7,1718930100504,5746.52149555,L LIQ
2024-06-21 00:51:48.519,WIF,SELL,LIMIT,IOC,2396.5,1.8659884,1.8942647,FILLED,717.6,2396.5,1718931108519,4471.8412006,L LIQ
2024-06-21 01:22:18.442,WIF,SELL,LIMIT,IOC,1945.0,1.8887524,1.9154,FILLED,1945.0,1945.0,1718932938442,3673.623418,L LIQ
2024-06-21 02:02:39.400,WIF,BUY,LIMIT,IOC,2084.3,1.9997651,1.9708954,FILLED,326.5,2084.3,1718935359400,4168.1103979300005,S LIQ
2024-06-21 03:30:36.576,WIF,SELL,LIMIT,IOC,2584.2,1.8902168,1.9182958,FILLED,572.1,2584.2,1718940636576,4884.698254559999,L LIQ
2024-06-21 05:08:50.051,WIF,SELL,LIMIT,IOC,2307.2,1.8710076,1.8989471,FILLED,276.7,2307.2,1718946530051,4316.788734719999,L LIQ
2024-06-21 05:10:16.279,WIF,SELL,LIMIT,IOC,2490.4,1.8682281,1.8956281,FILLED,340.0,2490.4,1718946616279,4652.63526024,L LIQ
2024-06-21 05:16:29.393,WIF,SELL,LIMIT,IOC,7517.6,1.8557688,1.8890207,FILLED,68.8,7517.6,1718946989393,13950.92753088,L LIQ
2024-06-21 05:56:11.386,WIF,BUY,LIMIT,IOC,2585.4,1.9562678,1.9285892,FILLED,201.6,2585.4,1718949371386,5057.734770120001,S LIQ
2024-06-21 06:26:35.242,WIF,SELL,LIMIT,IOC,2508.8,1.8804611,1.9077534,FILLED,37.1,2508.8,1718951195242,4717.70080768,L LIQ
2024-06-21 06:44:24.371,WIF,SELL,LIMIT,IOC,2615.7,1.8640949,1.8919762,FILLED,147.1,2615.7,1718952264371,4875.9130299299995,L LIQ
2024-06-21 07:39:13.098,WIF,SELL,LIMIT,IOC,15420.5,1.8486067,1.8843614,FILLED,585.2,15420.5,1718955553098,28506.43961735,L LIQ
2024-06-21 07:39:24.572,WIF,SELL,LIMIT,IOC,2629.7,1.8541478,1.8821423,FILLED,104.7,2629.7,1718955564572,4875.85246966,L LIQ
2024-06-21 07:44:44.206,WIF,SELL,LIMIT,IOC,5477.9,1.8326466,1.8634341,FILLED,2328.4,5477.9,1718955884206,10039.054810139998,L LIQ
2024-06-21 07:47:48.204,WIF,SELL,LIMIT,IOC,1931.7,1.8277478,1.8549402,FILLED,482.0,1931.7,1718956068204,3530.66042526,L LIQ
2024-06-21 07:50:38.361,WIF,SELL,LIMIT,IOC,2601.9,1.8279073,1.8538191,FILLED,196.9,2601.9,1718956238361,4756.03200387,L LIQ
2024-06-21 07:50:48.471,WIF,SELL,LIMIT,IOC,1915.9,1.825288,1.8513746,FILLED,101.0,1915.9,1718956248471,3497.0692792,L LIQ
2024-06-21 08:03:07.373,WIF,SELL,LIMIT,IOC,5849.0,1.8008357,1.830637,FILLED,245.8,5849.0,1718956987373,10533.0880093,L LIQ
2024-06-21 08:08:01.573,WIF,SELL,LIMIT,IOC,3690.5,1.7918642,1.8201656,FILLED,1257.1,3690.5,1718957281573,6612.8748301000005,L LIQ
2024-06-21 08:09:40.207,WIF,BUY,LIMIT,IOC,2740.3,1.8624984,1.8358014,FILLED,73.5,2740.3,1718957380207,5103.80436552,S LIQ
2024-06-21 08:51:20.397,WIF,BUY,LIMIT,IOC,2622.1,1.8877227,1.8601812,FILLED,186.8,2622.1,1718959880397,4949.79769167,S LIQ
2024-06-21 08:55:27.505,WIF,SELL,LIMIT,IOC,4000.0,1.8139248,1.8412545,FILLED,199.3,4000.0,1718960127505,7255.6992,L LIQ
2024-06-21 08:57:20.160,WIF,SELL,LIMIT,IOC,1829.1,1.8040639,1.8312552,FILLED,174.9,1829.1,1718960240160,3299.81327949,L LIQ
2024-06-21 09:26:20.283,WIF,BUY,LIMIT,IOC,2701.0,1.8971099,1.8706383,FILLED,72.4,2701.0,1718961980283,5124.0938399,S LIQ
2024-06-21 09:39:18.585,WIF,SELL,LIMIT,IOC,1844.3,1.8686804,1.8936027,FILLED,793.7,1844.3,1718962758585,3446.40726172,L LIQ
2024-06-21 10:25:44.570,WIF,SELL,LIMIT,IOC,2624.6,1.8479097,1.8754561,FILLED,1513.2,2624.6,1718965544570,4850.02379862,L LIQ
2024-06-21 11:03:03.302,WIF,SELL,LIMIT,IOC,2288.7,1.859197,1.8871734,FILLED,237.6,2288.7,1718967783302,4255.144173899999,L LIQ
2024-06-21 11:06:35.282,WIF,BUY,LIMIT,IOC,1830.7,1.9230668,1.8958887,FILLED,325.3,1830.7,1718967995282,3520.55839076,S LIQ
2024-06-21 11:08:32.211,WIF,BUY,LIMIT,IOC,2465.8,1.9361718,1.9054788,FILLED,120.4,2465.8,1718968112211,4774.21242444,S LIQ
2024-06-21 12:10:31.198,WIF,SELL,LIMIT,IOC,2631.5,1.8321899,1.856339,FILLED,367.5,2631.5,1718971831198,4821.40772185,L LIQ
2024-06-21 12:19:04.348,WIF,SELL,LIMIT,IOC,3994.8,1.8205718,1.85,FILLED,1114.1,3994.8,1718972344348,7272.82022664,L LIQ
2024-06-21 12:19:34.650,WIF,SELL,LIMIT,IOC,13856.3,1.8119356,1.8456392,FILLED,125.3,13856.3,1718972374650,25106.723254279997,L LIQ
2024-06-21 12:20:11.368,WIF,SELL,LIMIT,IOC,2654.1,1.816133,1.8403609,FILLED,91.5,2654.1,1718972411368,4820.198595299999,L LIQ
2024-06-21 12:37:54.064,WIF,SELL,LIMIT,IOC,3740.5,1.800254,1.8261944,FILLED,194.5,3740.5,1718973474064,6733.850087,L LIQ
2024-06-21 12:45:46.101,WIF,SELL,LIMIT,IOC,2594.8,1.7972901,1.8237205,FILLED,385.1,2594.8,1718973946101,4663.60835148,L LIQ
2024-06-21 13:02:30.463,WIF,SELL,LIMIT,IOC,2633.1,1.8043761,1.8307613,FILLED,4.8,2633.1,1718974950463,4751.10270891,L LIQ
2024-06-21 13:15:22.079,WIF,SELL,LIMIT,IOC,5666.5,1.7871947,1.814171,FILLED,75.2,5666.5,1718975722079,10127.13876755,L LIQ
2024-06-21 13:22:52.572,WIF,SELL,LIMIT,IOC,3193.8,1.7863317,1.8143373,FILLED,87.3,3193.8,1718976172572,5705.18618346,L LIQ
2024-06-21 13:47:10.441,WIF,SELL,LIMIT,IOC,3722.2,1.7866905,1.8173,FILLED,180.4,3722.2,1718977630441,6650.4193791,L LIQ
2024-06-21 13:51:47.331,WIF,SELL,LIMIT,IOC,3713.3,1.7782786,1.8073062,FILLED,3597.8,3713.3,1718977907331,6603.28192538,L LIQ
2024-06-21 14:03:47.054,WIF,SELL,LIMIT,IOC,2207.4,1.7769284,1.8005284,FILLED,171.6,2207.4,1718978627054,3922.39175016,L LIQ
2024-06-21 14:12:18.177,WIF,BUY,LIMIT,IOC,1652.5,1.8519572,1.8278044,FILLED,206.4,1652.5,1718979138177,3060.359273,S LIQ
2024-06-21 14:18:28.147,WIF,BUY,LIMIT,IOC,2364.6,1.8868246,1.8585144,FILLED,204.2,2364.6,1718979508147,4461.585449159999,S LIQ
2024-06-21 14:21:16.158,WIF,BUY,LIMIT,IOC,2221.8,1.9014252,1.8768482,FILLED,194.0,2221.8,1718979676158,4224.5865093600005,S LIQ
2024-06-21 14:34:07.289,WIF,BUY,LIMIT,IOC,2217.0,1.9103675,1.8822955,FILLED,52.8,2217.0,1718980447289,4235.2847475,S LIQ
2024-06-21 15:35:36.428,WIF,SELL,LIMIT,IOC,2024.7,1.8194427,1.8448516,FILLED,30.9,2024.7,1718984136428,3683.82563469,L LIQ
2024-06-21 15:37:06.643,WIF,SELL,LIMIT,IOC,2651.1,1.8060202,1.8325474,FILLED,651.2,2651.1,1718984226643,4787.94015222,L LIQ
2024-06-21 15:38:08.596,WIF,SELL,LIMIT,IOC,4241.0,1.7994142,1.8272298,FILLED,48.1,4241.0,1718984288596,7631.3156222,L LIQ
2024-06-21 15:56:53.168,WIF,SELL,LIMIT,IOC,9560.2,1.7900654,1.8215787,FILLED,537.2,9560.2,1718985413168,17113.38323708,L LIQ
2024-06-21 17:14:12.053,WIF,SELL,LIMIT,IOC,2719.6,1.7775765,1.8023103,FILLED,316.7,2719.6,1718990052053,4834.297049399999,L LIQ
2024-06-21 17:15:07.099,WIF,SELL,LIMIT,IOC,5000.0,1.7664982,1.7962369,FILLED,298.5,5000.0,1718990107099,8832.491,L LIQ
2024-06-21 17:16:08.644,WIF,SELL,LIMIT,IOC,9549.7,1.7549146,1.7869312,FILLED,856.2,9549.7,1718990168644,16758.90795562,L LIQ
2024-06-21 17:20:24.146,WIF,SELL,LIMIT,IOC,85900.5,1.7407566,1.7800449,FILLED,390.8,85900.5,1718990424146,149531.8623183,L LIQ
2024-06-21 17:20:27.372,WIF,SELL,LIMIT,IOC,2738.6,1.7518258,1.77654,FILLED,91.7,2738.6,1718990427372,4797.55013588,L LIQ
2024-06-21 17:21:23.258,WIF,SELL,LIMIT,IOC,6094.6,1.7442101,1.7747675,FILLED,1278.4,6094.6,1718990483258,10630.26287546,L LIQ
2024-06-21 17:21:36.399,WIF,SELL,LIMIT,IOC,12175.1,1.7408033,1.7729567,FILLED,7840.6,12175.1,1718990496399,21194.45425783,L LIQ
2024-06-21 17:21:38.068,WIF,SELL,LIMIT,IOC,2174.4,1.7465227,1.7723598,FILLED,302.2,2174.4,1718990498068,3797.63895888,L LIQ
2024-06-21 17:22:02.431,WIF,SELL,LIMIT,IOC,8377.7,1.7408182,1.7703427,FILLED,7.2,8377.7,1718990522431,14584.052634140002,L LIQ
2024-06-21 17:22:08.348,WIF,SELL,LIMIT,IOC,3452.8,1.7448392,1.7712724,FILLED,62.3,3452.8,1718990528348,6024.58078976,L LIQ
2024-06-21 17:22:11.261,WIF,SELL,LIMIT,IOC,1722.7,1.7456808,1.7705646,FILLED,257.4,1722.7,1718990531261,3007.28431416,L LIQ
2024-06-21 17:23:15.144,WIF,SELL,LIMIT,IOC,2444.8,1.7403235,1.7663271,FILLED,1.7,2444.8,1718990595144,4254.7428928,L LIQ
2024-06-21 17:23:19.246,WIF,SELL,LIMIT,IOC,1747.8,1.739734,1.7653438,FILLED,434.0,1747.8,1718990599246,3040.7070851999997,L LIQ
2024-06-21 17:23:31.141,WIF,SELL,LIMIT,IOC,3305.1,1.7374375,1.7640458,FILLED,40.4,3305.1,1718990611141,5742.40468125,L LIQ
2024-06-21 17:24:57.568,WIF,SELL,LIMIT,IOC,6948.8,1.7290838,1.7612836,FILLED,41.3,6948.8,1718990697568,12015.05750944,L LIQ
2024-06-21 17:36:54.443,WIF,SELL,LIMIT,IOC,5000.0,1.7205435,1.75,FILLED,5000.0,5000.0,1718991414443,8602.7175,L LIQ
2024-06-21 17:36:57.109,WIF,SELL,LIMIT,IOC,5558.6,1.719659,1.749001,FILLED,62.9,5558.6,1718991417109,9558.8965174,L LIQ
2024-06-21 17:55:19.441,WIF,SELL,LIMIT,IOC,2619.4,1.7339076,1.7573895,FILLED,114.7,2619.4,1718992519441,4541.79756744,L LIQ
2024-06-21 17:56:18.487,WIF,SELL,LIMIT,IOC,2388.2,1.7266642,1.7531277,FILLED,22.7,2388.2,1718992578487,4123.61944244,L LIQ
2024-06-21 17:57:36.133,WIF,SELL,LIMIT,IOC,4325.3,1.713098,1.7406205,FILLED,830.3,4325.3,1718992656133,7409.6627794,L LIQ
2024-06-21 17:57:40.233,WIF,SELL,LIMIT,IOC,4992.1,1.7109555,1.7407992,FILLED,435.9,4992.1,1718992660233,8541.26095155,L LIQ
2024-06-21 18:03:18.218,WIF,SELL,LIMIT,IOC,3515.1,1.7128355,1.7374153,FILLED,234.6,3515.1,1718992998218,6020.7880660499995,L LIQ
2024-06-21 18:16:58.447,WIF,BUY,LIMIT,IOC,1982.7,1.7981941,1.7721635,FILLED,334.5,1982.7,1718993818447,3565.2794420699997,S LIQ
2024-06-21 18:53:58.259,WIF,BUY,LIMIT,IOC,2555.5,1.821426,1.794543,FILLED,142.0,2555.5,1718996038259,4654.654143,S LIQ
2024-06-21 19:00:09.174,WIF,BUY,LIMIT,IOC,2672.2,1.8431384,1.8166455,FILLED,444.0,2672.2,1718996409174,4925.23443248,S LIQ
2024-06-21 19:05:45.535,WIF,BUY,LIMIT,IOC,2753.4,1.8522555,1.8263199,FILLED,5.5,2753.4,1718996745535,5100.0002937,S LIQ
2024-06-21 19:10:54.419,WIF,BUY,LIMIT,IOC,2005.2,1.840739,1.8136182,FILLED,428.3,2005.2,1718997054419,3691.0498428,S LIQ
2024-06-21 20:13:43.115,WIF,SELL,LIMIT,IOC,2744.0,1.7823356,1.8083869,FILLED,5.6,2744.0,1719000823115,4890.7288864,L LIQ
2024-06-21 20:19:28.176,WIF,BUY,LIMIT,IOC,1817.1,1.856036,1.8303796,FILLED,513.6,1817.1,1719001168176,3372.6030155999997,S LIQ
2024-06-21 22:05:14.291,WIF,SELL,LIMIT,IOC,2799.0,1.7536677,1.7795098,FILLED,426.1,2799.0,1719007514291,4908.5158923,L LIQ
2024-06-21 23:15:25.189,WIF,SELL,LIMIT,IOC,6894.6,1.7292445,1.76,FILLED,6888.9,6894.6,1719011725189,11922.4491297,L LIQ
2024-06-21 23:15:55.211,WIF,SELL,LIMIT,IOC,2013.3,1.730673,1.7567729,FILLED,137.2,2013.3,1719011755211,3484.3639508999995,L LIQ
2024-06-21 23:21:28.510,WIF,SELL,LIMIT,IOC,4233.8,1.7248207,1.7527786,FILLED,82.7,4233.8,1719012088510,7302.54587966,L LIQ
2024-06-22 00:08:45.530,WIF,SELL,LIMIT,IOC,2848.8,1.7249668,1.7510089,FILLED,364.1,2848.8,1719014925530,4914.08541984,L LIQ
2024-06-22 00:26:41.428,WIF,SELL,LIMIT,IOC,2590.9,1.7167393,1.742354,FILLED,5.7,2590.9,1719016001428,4447.89985237,L LIQ
2024-06-22 00:27:17.116,WIF,SELL,LIMIT,IOC,5508.7,1.7024205,1.7312126,FILLED,94.3,5508.7,1719016037116,9378.12380835,L LIQ
2024-06-22 00:32:42.344,WIF,SELL,LIMIT,IOC,2834.4,1.7018954,1.7262702,FILLED,189.8,2834.4,1719016362344,4823.85232176,L LIQ
2024-06-22 00:34:31.086,WIF,SELL,LIMIT,IOC,2852.9,1.7000047,1.7230945,FILLED,1128.0,2852.9,1719016471086,4849.943408630001,L LIQ
2024-06-22 00:36:27.242,WIF,SELL,LIMIT,IOC,2270.1,1.693426,1.7178885,FILLED,194.7,2270.1,1719016587242,3844.2463626,L LIQ
2024-06-22 00:36:36.102,WIF,SELL,LIMIT,IOC,1838.4,1.6917362,1.7154828,FILLED,25.6,1838.4,1719016596102,3110.08783008,L LIQ
2024-06-22 00:36:37.297,WIF,SELL,LIMIT,IOC,3937.9,1.6888703,1.7153101,FILLED,247.1,3937.9,1719016597297,6650.60235437,L LIQ
2024-06-22 00:42:01.531,WIF,SELL,LIMIT,IOC,3000.0,1.6821577,1.7071116,FILLED,10.2,3000.0,1719016921531,5046.4731,L LIQ
2024-06-22 00:48:37.285,WIF,SELL,LIMIT,IOC,2291.8,1.681162,1.7053869,FILLED,130.2,2291.8,1719017317285,3852.8870716000006,L LIQ
2024-06-22 00:49:29.237,WIF,SELL,LIMIT,IOC,2754.0,1.6799345,1.7049878,FILLED,224.8,2754.0,1719017369237,4626.539613,L LIQ
2024-06-22 00:55:32.506,WIF,BUY,LIMIT,IOC,2923.8,1.7434118,1.7186403,FILLED,771.6,2923.8,1719017732506,5097.38742084,S LIQ
2024-06-22 01:21:39.358,WIF,SELL,LIMIT,IOC,2104.7,1.6958633,1.72,FILLED,105.4,2104.7,1719019299358,3569.28348751,L LIQ
2024-06-22 02:09:35.074,WIF,BUY,LIMIT,IOC,7407.1,1.7951588,1.7638032,FILLED,531.1,7407.1,1719022175074,13296.92074748,S LIQ
2024-06-22 02:09:41.548,WIF,BUY,LIMIT,IOC,2927.9,1.7920462,1.7654072,FILLED,203.3,2927.9,1719022181548,5246.93206898,S LIQ
2024-06-22 03:00:15.256,WIF,BUY,LIMIT,IOC,2802.2,1.8196291,1.7929095,FILLED,118.9,2802.2,1719025215256,5098.96466402,S LIQ
2024-06-22 03:04:49.476,WIF,BUY,LIMIT,IOC,4178.3,1.8257327,1.7959961,FILLED,56.7,4178.3,1719025489476,7628.458940410001,S LIQ
2024-06-22 03:21:37.317,WIF,SELL,LIMIT,IOC,2435.6,1.7531558,1.7786673,FILLED,228.3,2435.6,1719026497317,4269.98626648,L LIQ
2024-06-22 04:49:01.346,WIF,SELL,LIMIT,IOC,2803.9,1.7289353,1.754262,FILLED,175.7,2803.9,1719031741346,4847.76168767,L LIQ
2024-06-22 05:18:35.604,WIF,BUY,LIMIT,IOC,2848.9,1.7985416,1.7731654,FILLED,1771.3,2848.9,1719033515604,5123.86516424,S LIQ
2024-06-22 05:47:41.486,WIF,BUY,LIMIT,IOC,1948.5,1.8237473,1.7984713,FILLED,463.5,1948.5,1719035261486,3553.57161405,S LIQ
2024-06-22 05:47:43.355,WIF,BUY,LIMIT,IOC,1742.2,1.8247871,1.798497,FILLED,117.3,1742.2,1719035263355,3179.14408562,S LIQ
2024-06-22 06:40:18.412,WIF,BUY,LIMIT,IOC,1704.5,1.8330774,1.806667,FILLED,35.3,1704.5,1719038418412,3124.4804283000003,S LIQ
2024-06-22 09:40:19.213,WIF,SELL,LIMIT,IOC,2673.2,1.7457849,1.7708814,FILLED,956.7,2673.2,1719049219213,4666.83219468,L LIQ
2024-06-22 10:24:45.077,WIF,SELL,LIMIT,IOC,2754.0,1.7444012,1.7702061,FILLED,1020.4,2754.0,1719051885077,4804.0809048,L LIQ
2024-06-22 10:58:14.423,WIF,SELL,LIMIT,IOC,7874.0,1.7497413,1.7826032,FILLED,409.3,7874.0,1719053894423,13777.4629962,L LIQ
2024-06-22 13:56:08.125,WIF,SELL,LIMIT,IOC,1828.4,1.7503214,1.7755347,FILLED,1139.9,1828.4,1719064568125,3200.2876477600003,L LIQ
2024-06-22 13:56:12.502,WIF,SELL,LIMIT,IOC,2801.1,1.7496571,1.7748566,FILLED,235.2,2801.1,1719064572502,4900.96450281,L LIQ
2024-06-22 16:41:07.505,WIF,BUY,LIMIT,IOC,5543.5,1.8349196,1.8047724,FILLED,2185.4,5543.5,1719074467505,10171.8768026,S LIQ
2024-06-22 17:10:05.685,WIF,BUY,LIMIT,IOC,1795.7,1.844356,1.817595,FILLED,3.6,1795.7,1719076205685,3311.9100692,S LIQ
2024-06-22 17:46:46.226,WIF,SELL,LIMIT,IOC,2796.4,1.750187,1.7763157,FILLED,106.8,2796.4,1719078406226,4894.2229268,L LIQ
2024-06-22 22:06:08.498,WIF,SELL,LIMIT,IOC,2000.0,1.7298902,1.755222,FILLED,555.1,2000.0,1719093968498,3459.7804,L LIQ
2024-06-22 22:11:50.346,WIF,SELL,LIMIT,IOC,2813.1,1.7236205,1.7479982,FILLED,54.4,2813.1,1719094310346,4848.71682855,L LIQ
2024-06-22 23:05:41.491,WIF,SELL,LIMIT,IOC,2804.8,1.7253237,1.750418,FILLED,209.9,2804.8,1719097541491,4839.18791376,L LIQ
2024-06-22 23:26:30.634,WIF,SELL,LIMIT,IOC,11743.6,1.7099796,1.7424034,FILLED,263.2,11743.6,1719098790634,20081.31643056,L LIQ
2024-06-22 23:37:27.202,WIF,SELL,LIMIT,IOC,1768.7,1.714327,1.7387241,FILLED,1340.8,1768.7,1719099447202,3032.1301649,L LIQ
2024-06-23 00:01:35.181,WIF,SELL,LIMIT,IOC,3274.5,1.7088146,1.7353,FILLED,88.6,3274.5,1719100895181,5595.5134077,L LIQ
2024-06-23 01:36:12.428,WIF,BUY,LIMIT,IOC,2854.8,1.786069,1.7605033,FILLED,264.0,2854.8,1719106572428,5098.8697812,S LIQ
2024-06-23 05:23:34.436,WIF,SELL,LIMIT,IOC,2477.6,1.7316276,1.7568348,FILLED,698.4,2477.6,1719120214436,4290.280541759999,L LIQ
2024-06-23 05:26:29.293,WIF,SELL,LIMIT,IOC,2000.0,1.7257087,1.7517725,FILLED,14.0,2000.0,1719120389293,3451.4174,L LIQ
2024-06-23 09:41:14.139,WIF,SELL,LIMIT,IOC,2044.3,1.739432,1.7651614,FILLED,385.8,2044.3,1719135674139,3555.9208376,L LIQ
2024-06-23 09:43:01.563,WIF,SELL,LIMIT,IOC,1766.7,1.737407,1.7630123,FILLED,63.2,1766.7,1719135781563,3069.4769469,L LIQ
2024-06-23 10:17:30.341,WIF,SELL,LIMIT,IOC,2788.0,1.7354111,1.7603676,FILLED,161.3,2788.0,1719137850341,4838.3261468,L LIQ
2024-06-23 10:46:44.335,WIF,SELL,LIMIT,IOC,3008.2,1.7090083,1.7347077,FILLED,15.3,3008.2,1719139604335,5141.03876806,L LIQ
2024-06-23 11:00:58.131,WIF,SELL,LIMIT,IOC,6930.4,1.7214518,1.7340162,FILLED,310.9,6930.4,1719140458131,11930.34955472,L LIQ
2024-06-23 11:30:04.449,WIF,SELL,LIMIT,IOC,2734.7,1.7124409,1.7383373,FILLED,1888.0,2734.7,1719142204449,4683.01212923,L LIQ
2024-06-23 12:03:41.197,WIF,BUY,LIMIT,IOC,2883.5,1.7735993,1.7476729,FILLED,509.9,2883.5,1719144221197,5114.173581550001,S LIQ
2024-06-23 13:17:29.235,WIF,SELL,LIMIT,IOC,2722.5,1.7103956,1.7364181,FILLED,94.7,2722.5,1719148649235,4656.552021,L LIQ
2024-06-23 13:26:59.491,WIF,SELL,LIMIT,IOC,6329.7,1.6914899,1.7207972,FILLED,150.7,6329.7,1719149219491,10706.62362003,L LIQ
2024-06-23 14:05:28.164,WIF,SELL,LIMIT,IOC,2458.8,1.6858031,1.7088505,FILLED,1120.3,2458.8,1719151528164,4145.052662280001,L LIQ
2024-06-23 14:10:07.543,WIF,SELL,LIMIT,IOC,3547.4,1.6824246,1.708613,FILLED,130.4,3547.4,1719151807543,5968.23302604,L LIQ
2024-06-23 14:14:35.373,WIF,SELL,LIMIT,IOC,10000.0,1.675481,1.7061854,FILLED,534.7,10000.0,1719152075373,16754.81,L LIQ
2024-06-23 14:14:45.577,WIF,SELL,LIMIT,IOC,4687.2,1.6773296,1.7047205,FILLED,1075.5,4687.2,1719152085577,7861.97930112,L LIQ
2024-06-23 14:15:22.191,WIF,SELL,LIMIT,IOC,2611.7,1.67706,1.7018189,FILLED,10.2,2611.7,1719152122191,4379.977602,L LIQ
2024-06-23 14:15:30.293,WIF,SELL,LIMIT,IOC,11729.1,1.6696018,1.700436,FILLED,1547.3,11729.1,1719152130293,19582.92647238,L LIQ
2024-06-23 14:15:32.381,WIF,SELL,LIMIT,IOC,2734.0,1.6756042,1.7006407,FILLED,71.5,2734.0,1719152132381,4581.1018828,L LIQ
2024-06-23 14:16:49.088,WIF,SELL,LIMIT,IOC,1837.4,1.6486902,1.6762196,FILLED,309.0,1837.4,1719152209088,3029.30337348,L LIQ
2024-06-23 14:47:02.272,WIF,SELL,LIMIT,IOC,2259.2,1.652167,1.6773137,FILLED,180.2,2259.2,1719154022272,3732.575686399999,L LIQ
2024-06-23 14:53:12.078,WIF,SELL,LIMIT,IOC,2832.0,1.6487272,1.673104,FILLED,2344.6,2832.0,1719154392078,4669.1954304,L LIQ
2024-06-23 15:02:47.401,WIF,SELL,LIMIT,IOC,3502.2,1.6463844,1.6726011,FILLED,708.7,3502.2,1719154967401,5765.96744568,L LIQ
2024-06-23 15:26:22.155,WIF,SELL,LIMIT,IOC,2185.9,1.6339131,1.6577856,FILLED,132.9,2185.9,1719156382155,3571.5706452900004,L LIQ
2024-06-23 15:47:19.358,WIF,SELL,LIMIT,IOC,5747.6,1.6180061,1.6438965,FILLED,760.8,5747.6,1719157639358,9299.65186036,L LIQ
2024-06-23 16:08:11.396,WIF,SELL,LIMIT,IOC,2134.4,1.6156683,1.6395848,FILLED,88.1,2134.4,1719158891396,3448.4824195200003,L LIQ
2024-06-23 16:08:16.167,WIF,SELL,LIMIT,IOC,5325.8,1.6112876,1.6391414,FILLED,786.0,5325.8,1719158896167,8581.39550008,L LIQ
2024-06-23 16:08:28.277,WIF,SELL,LIMIT,IOC,8139.9,1.6064281,1.6344724,FILLED,745.2,8139.9,1719158908277,13076.16409119,L LIQ
2024-06-23 16:08:31.100,WIF,SELL,LIMIT,IOC,2910.6,1.611706,1.6364914,FILLED,137.6,2910.6,1719158911100,4691.0314836,L LIQ
2024-06-23 16:46:17.436,WIF,SELL,LIMIT,IOC,2665.9,1.6002279,1.6244336,FILLED,606.7,2665.9,1719161177436,4266.04755861,L LIQ
2024-06-23 16:52:43.103,WIF,SELL,LIMIT,IOC,48830.8,1.5782136,1.6117016,FILLED,662.0,48830.8,1719161563103,77065.43265888,L LIQ
2024-06-23 16:54:01.459,WIF,SELL,LIMIT,IOC,3603.0,1.58172,1.6058548,FILLED,147.1,3603.0,1719161641459,5698.93716,L LIQ
2024-06-23 16:55:37.234,WIF,SELL,LIMIT,IOC,8451.5,1.574439,1.6018549,FILLED,314.3,8451.5,1719161737234,13306.3712085,L LIQ
2024-06-23 16:55:53.297,WIF,SELL,LIMIT,IOC,9284.4,1.5714223,1.5973206,FILLED,5993.1,9284.4,1719161753297,14589.71320212,L LIQ
2024-06-23 16:56:14.072,WIF,SELL,LIMIT,IOC,3573.1,1.5699049,1.5938143,FILLED,526.4,3573.1,1719161774072,5609.42719819,L LIQ
2024-06-23 16:56:17.118,WIF,SELL,LIMIT,IOC,16388.5,1.5636985,1.5936303,FILLED,509.2,16388.5,1719161777118,25626.672867250003,L LIQ
2024-06-23 17:00:41.426,WIF,BUY,LIMIT,IOC,2258.0,1.6294688,1.6065573,FILLED,364.9,2258.0,1719162041426,3679.3405504,S LIQ
2024-06-23 17:15:45.531,WIF,BUY,LIMIT,IOC,3129.7,1.6382373,1.6145985,FILLED,874.5,3129.7,1719162945531,5127.1912778099995,S LIQ
2024-06-23 18:02:09.532,WIF,BUY,LIMIT,IOC,1932.7,1.6640458,1.6395,FILLED,1862.8,1932.7,1719165729532,3216.10131766,S LIQ
2024-06-23 18:16:06.513,WIF,SELL,LIMIT,IOC,2393.3,1.5974386,1.6217455,FILLED,104.6,2393.3,1719166566513,3823.149801380001,L LIQ
2024-06-23 19:24:15.399,WIF,BUY,LIMIT,IOC,3019.4,1.6635218,1.6396959,FILLED,402.2,3019.4,1719170655399,5022.8377229200005,S LIQ
2024-06-23 19:43:49.287,WIF,BUY,LIMIT,IOC,3055.3,1.6688304,1.6452511,FILLED,156.8,3055.3,1719171829287,5098.7775211200005,S LIQ
2024-06-23 20:19:07.065,WIF,SELL,LIMIT,IOC,2214.0,1.6039329,1.6278364,FILLED,794.1,2214.0,1719173947065,3551.1074406,L LIQ
2024-06-23 20:20:04.325,WIF,SELL,LIMIT,IOC,3045.0,1.6001355,1.6226232,FILLED,63.5,3045.0,1719174004325,4872.4125975,L LIQ
2024-06-23 20:32:40.064,WIF,SELL,LIMIT,IOC,3086.8,1.5907436,1.6147861,FILLED,215.2,3086.8,1719174760064,4910.30734448,L LIQ
2024-06-23 20:33:59.401,WIF,SELL,LIMIT,IOC,3134.1,1.5917573,1.6144,FILLED,2452.4,3134.1,1719174839401,4988.72655393,L LIQ
2024-06-23 20:34:00.615,WIF,SELL,LIMIT,IOC,3087.5,1.5911223,1.6139628,FILLED,119.4,3087.5,1719174840615,4912.59010125,L LIQ
2024-06-23 20:34:21.525,WIF,SELL,LIMIT,IOC,3255.4,1.5777376,1.6027223,FILLED,139.9,3255.4,1719174861525,5136.166983040001,L LIQ
2024-06-23 21:10:12.351,WIF,SELL,LIMIT,IOC,3059.3,1.5998033,1.6234776,FILLED,111.3,3059.3,1719177012351,4894.278235690001,L LIQ
2024-06-23 22:09:09.087,WIF,SELL,LIMIT,IOC,3062.9,1.5998144,1.6231353,FILLED,6.0,3062.9,1719180549087,4900.07152576,L LIQ
2024-06-23 22:30:34.609,WIF,SELL,LIMIT,IOC,3099.9,1.5703331,1.5917826,FILLED,544.1,3099.9,1719181834609,4867.87557669,L LIQ
2024-06-23 22:34:50.395,WIF,SELL,LIMIT,IOC,11353.1,1.5642102,1.5921227,FILLED,147.7,11353.1,1719182090395,17758.634821620002,L LIQ
2024-06-23 22:35:13.466,WIF,SELL,LIMIT,IOC,6779.0,1.5627089,1.5901727,FILLED,358.0,6779.0,1719182113466,10593.6036331,L LIQ
2024-06-23 23:18:13.379,WIF,SELL,LIMIT,IOC,2808.6,1.5664978,1.5896228,FILLED,166.2,2808.6,1719184693379,4399.66572108,L LIQ
2024-06-23 23:32:49.355,WIF,SELL,LIMIT,IOC,3003.5,1.5606353,1.5834725,FILLED,176.2,3003.5,1719185569355,4687.36812355,L LIQ
2024-06-23 23:33:00.371,WIF,SELL,LIMIT,IOC,2163.3,1.5601443,1.5833901,FILLED,91.2,2163.3,1719185580371,3375.0601641900003,L LIQ
2024-06-23 23:34:36.143,WIF,SELL,LIMIT,IOC,2219.6,1.5554968,1.5748358,FILLED,510.3,2219.6,1719185676143,3452.58069728,L LIQ
2024-06-24 01:19:29.124,WIF,SELL,LIMIT,IOC,2794.7,1.5923187,1.6150303,FILLED,8.5,2794.7,1719191969124,4450.05307089,L LIQ
2024-06-24 01:21:43.620,WIF,SELL,LIMIT,IOC,3073.4,1.5844632,1.6056,FILLED,221.0,3073.4,1719192103620,4869.689198880001,L LIQ
2024-06-24 02:41:44.169,WIF,SELL,LIMIT,IOC,2953.8,1.5665047,1.5901862,FILLED,68.2,2953.8,1719196904169,4627.14158286,L LIQ
2024-06-24 02:45:25.316,WIF,SELL,LIMIT,IOC,2670.8,1.5646872,1.5876716,FILLED,145.7,2670.8,1719197125316,4178.966573760001,L LIQ
2024-06-24 02:45:26.589,WIF,SELL,LIMIT,IOC,2506.3,1.5641317,1.5877226,FILLED,129.5,2506.3,1719197126589,3920.18327971,L LIQ
2024-06-24 02:54:42.504,WIF,SELL,LIMIT,IOC,24513.4,1.5569496,1.5830323,FILLED,167.9,24513.4,1719197682504,38166.128324640005,L LIQ
2024-06-24 02:54:44.272,WIF,SELL,LIMIT,IOC,2336.9,1.561748,1.5854286,FILLED,2039.7,2336.9,1719197684272,3649.6489012,L LIQ
2024-06-24 02:55:07.797,WIF,SELL,LIMIT,IOC,2307.0,1.557925,1.578388,FILLED,403.4,2307.0,1719197707797,3594.132975,L LIQ
2024-06-24 02:55:15.282,WIF,SELL,LIMIT,IOC,2548.1,1.5538269,1.577,FILLED,296.8,2548.1,1719197715282,3959.30632389,L LIQ
2024-06-24 05:07:29.619,WIF,SELL,LIMIT,IOC,4250.0,1.5436298,1.5660129,FILLED,82.0,4250.0,1719205649619,6560.426649999999,L LIQ
2024-06-24 05:08:12.331,WIF,SELL,LIMIT,IOC,2227.0,1.5435808,1.5651328,FILLED,1660.8,2227.0,1719205692331,3437.5544416,L LIQ
2024-06-24 05:08:14.556,WIF,SELL,LIMIT,IOC,3646.4,1.5420915,1.565027,FILLED,887.0,3646.4,1719205694556,5623.0824456,L LIQ
2024-06-24 05:08:23.517,WIF,SELL,LIMIT,IOC,1979.6,1.5427262,1.5658099,FILLED,646.2,1979.6,1719205703517,3053.9807855199997,L LIQ
2024-06-24 05:11:02.368,WIF,SELL,LIMIT,IOC,6371.5,1.5315929,1.5576522,FILLED,1156.7,6371.5,1719205862368,9758.54416235,L LIQ
2024-06-24 05:11:05.111,WIF,SELL,LIMIT,IOC,1962.0,1.5345922,1.5572464,FILLED,510.7,1962.0,1719205865111,3010.8698964,L LIQ
2024-06-24 05:11:09.321,WIF,SELL,LIMIT,IOC,15000.1,1.5277361,1.5559778,FILLED,11.2,15000.1,1719205869321,22916.194273610003,L LIQ
2024-06-24 05:13:17.600,WIF,SELL,LIMIT,IOC,2419.5,1.5276058,1.5496782,FILLED,1205.2,2419.5,1719205997600,3696.0422331,L LIQ
2024-06-24 05:18:28.361,WIF,SELL,LIMIT,IOC,2570.6,1.5303574,1.5525886,FILLED,285.2,2570.6,1719206308361,3933.93673244,L LIQ
2024-06-24 05:19:37.071,WIF,SELL,LIMIT,IOC,2142.2,1.520271,1.5421486,FILLED,609.9,2142.2,1719206377071,3256.7245361999994,L LIQ
2024-06-24 05:21:51.163,WIF,SELL,LIMIT,IOC,2907.2,1.5147664,1.537,FILLED,82.4,2907.2,1719206511163,4403.72887808,L LIQ
2024-06-24 05:21:52.243,WIF,SELL,LIMIT,IOC,4937.9,1.511795,1.5353546,FILLED,2899.1,4937.9,1719206512243,7465.092530499999,L LIQ
2024-06-24 05:21:54.332,WIF,SELL,LIMIT,IOC,7521.7,1.5089603,1.5338183,FILLED,296.6,7521.7,1719206514332,11349.94668851,L LIQ
2024-06-24 05:21:59.512,WIF,SELL,LIMIT,IOC,4195.8,1.5100573,1.5338213,FILLED,510.0,4195.8,1719206519512,6335.89841934,L LIQ
2024-06-24 05:23:40.317,WIF,SELL,LIMIT,IOC,3117.1,1.5031233,1.5240115,FILLED,140.3,3117.1,1719206620317,4685.38563843,L LIQ
2024-06-24 07:07:03.190,WIF,SELL,LIMIT,IOC,3083.1,1.499175,1.5208995,FILLED,99.4,3083.1,1719212823190,4622.1064424999995,L LIQ
2024-06-24 07:35:00.403,WIF,BUY,LIMIT,IOC,3113.4,1.5591976,1.5367889,FILLED,254.2,3113.4,1719214500403,4854.40580784,S LIQ
2024-06-24 08:15:51.361,WIF,SELL,LIMIT,IOC,2406.9,1.5268339,1.5500306,FILLED,313.0,2406.9,1719216951361,3674.93651391,L LIQ
2024-06-24 08:23:32.235,WIF,BUY,LIMIT,IOC,2321.6,1.5942691,1.5719734,FILLED,522.0,2321.6,1719217412235,3701.25514256,S LIQ
2024-06-24 08:34:08.278,WIF,BUY,LIMIT,IOC,3216.9,1.6159874,1.5925554,FILLED,98.0,3216.9,1719218048278,5198.46986706,S LIQ
2024-06-24 08:35:54.498,WIF,BUY,LIMIT,IOC,3442.8,1.620814,1.5959195,FILLED,343.9,3442.8,1719218154498,5580.1384392,S LIQ
2024-06-24 09:25:43.158,WIF,SELL,LIMIT,IOC,2294.6,1.5135471,1.5356253,FILLED,24.9,2294.6,1719221143158,3472.98517566,L LIQ
2024-06-24 09:28:01.281,WIF,SELL,LIMIT,IOC,3030.5,1.5097096,1.5335401,FILLED,1084.6,3030.5,1719221281281,4575.1749428,L LIQ
2024-06-24 09:30:36.752,WIF,SELL,LIMIT,IOC,2524.6,1.5076387,1.5298432,FILLED,100.2,2524.6,1719221436752,3806.18466202,L LIQ
2024-06-24 09:32:18.216,WIF,SELL,LIMIT,IOC,5118.1,1.4988061,1.5212,FILLED,5118.1,5118.1,1719221538216,7671.03950041,L LIQ
2024-06-24 09:33:10.315,WIF,SELL,LIMIT,IOC,4117.4,1.4997538,1.5216931,FILLED,416.7,4117.4,1719221590315,6175.086296119999,L LIQ
2024-06-24 09:33:11.933,WIF,SELL,LIMIT,IOC,3094.7,1.5002286,1.5173723,FILLED,366.2,3094.7,1719221591933,4642.7574484199995,L LIQ
2024-06-24 09:33:23.214,WIF,SELL,LIMIT,IOC,4215.1,1.4941779,1.5028259,FILLED,2076.5,4215.1,1719221603214,6298.10926629,L LIQ
2024-06-24 09:33:24.242,WIF,SELL,LIMIT,IOC,3150.1,1.4883036,1.5007997,FILLED,533.9,3150.1,1719221604242,4688.30517036,L LIQ
2024-06-24 09:33:32.363,WIF,SELL,LIMIT,IOC,28268.3,1.473081,1.473081,FILLED,28268.3,28268.3,1719221612363,41641.4956323,L LIQ
2024-06-24 09:34:30.549,WIF,BUY,LIMIT,IOC,3310.0,1.5393805,1.5222665,FILLED,531.7,3310.0,1719221670549,5095.3494550000005,S LIQ
2024-06-24 09:35:54.570,WIF,BUY,LIMIT,IOC,2692.0,1.559837,1.5410541,FILLED,379.7,2692.0,1719221754570,4199.081204,S LIQ
2024-06-24 09:36:03.143,WIF,BUY,LIMIT,IOC,2383.0,1.5651364,1.5459546,FILLED,552.5,2383.0,1719221763143,3729.7200412,S LIQ
2024-06-24 09:45:55.532,WIF,BUY,LIMIT,IOC,3259.6,1.601465,1.580134,FILLED,586.8,3259.6,1719222355532,5220.135313999999,S LIQ
2024-06-24 09:47:04.121,WIF,BUY,LIMIT,IOC,3016.2,1.6252218,1.6020871,FILLED,429.8,3016.2,1719222424121,4901.99399316,S LIQ
2024-06-24 09:54:10.562,WIF,BUY,LIMIT,IOC,11011.3,1.6515458,1.633594,FILLED,552.9,11011.3,1719222850562,18185.66626754,S LIQ
2024-06-24 09:54:46.552,WIF,BUY,LIMIT,IOC,2187.7,1.662606,1.6456036,FILLED,561.5,2187.7,1719222886552,3637.2831462,S LIQ
2024-06-24 10:02:42.379,WIF,BUY,LIMIT,IOC,2212.5,1.6492856,1.6305095,FILLED,101.7,2212.5,1719223362379,3649.04439,S LIQ
2024-06-24 10:19:25.212,WIF,SELL,LIMIT,IOC,2000.0,1.5942915,1.617176,FILLED,610.7,2000.0,1719224365212,3188.583,L LIQ
2024-06-24 10:49:58.211,WIF,SELL,LIMIT,IOC,10536.4,1.5651631,1.5938637,FILLED,65.0,10536.4,1719226198211,16491.18448684,L LIQ
2024-06-24 11:07:34.178,WIF,SELL,LIMIT,IOC,8758.1,1.5529869,1.5782649,FILLED,611.0,8758.1,1719227254178,13601.214568890002,L LIQ
2024-06-24 11:07:49.211,WIF,SELL,LIMIT,IOC,5357.3,1.5507004,1.5766296,FILLED,550.4,5357.3,1719227269211,8307.56725292,L LIQ
2024-06-24 11:07:56.117,WIF,SELL,LIMIT,IOC,3017.6,1.5468615,1.5687958,FILLED,620.4,3017.6,1719227276117,4667.809262399999,L LIQ
2024-06-24 11:13:16.474,WIF,SELL,LIMIT,IOC,2251.5,1.5443061,1.5665347,FILLED,5.0,2251.5,1719227596474,3477.00518415,L LIQ
2024-06-24 11:25:22.108,WIF,BUY,LIMIT,IOC,3221.6,1.5827296,1.5601569,FILLED,158.2,3221.6,1719228322108,5098.92167936,S LIQ
2024-06-24 11:41:20.185,WIF,BUY,LIMIT,IOC,2550.5,1.5996155,1.5772901,FILLED,375.9,2550.5,1719229280185,4079.81933275,S LIQ
2024-06-24 12:05:53.524,WIF,BUY,LIMIT,IOC,4742.3,1.6482659,1.6216517,FILLED,100.9,4742.3,1719230753524,7816.57137757,S LIQ
2024-06-24 12:14:35.506,WIF,BUY,LIMIT,IOC,4371.5,1.66466,1.6400205,FILLED,32.6,4371.5,1719231275506,7277.06119,S LIQ
2024-06-24 12:25:50.511,WIF,BUY,LIMIT,IOC,1899.6,1.6786751,1.6544803,FILLED,188.7,1899.6,1719231950511,3188.81121996,S LIQ
2024-06-24 13:10:25.259,WIF,SELL,LIMIT,IOC,3024.0,1.6183894,1.6425002,FILLED,73.5,3024.0,1719234625259,4894.0095456,L LIQ
2024-06-24 13:18:12.078,WIF,SELL,LIMIT,IOC,2423.3,1.6032524,1.6266669,FILLED,280.8,2423.3,1719235092078,3885.16154092,L LIQ
2024-06-24 13:35:46.187,WIF,BUY,LIMIT,IOC,1963.9,1.6920318,1.6737248,FILLED,175.9,1963.9,1719236146187,3322.9812520200003,S LIQ
2024-06-24 13:35:55.456,WIF,BUY,LIMIT,IOC,1850.8,1.6992581,1.675509,FILLED,279.1,1850.8,1719236155456,3144.98689148,S LIQ
2024-06-24 13:39:54.257,WIF,BUY,LIMIT,IOC,2046.7,1.7029985,1.6789674,FILLED,118.3,2046.7,1719236394257,3485.5270299500003,S LIQ
2024-06-24 13:52:25.110,WIF,BUY,LIMIT,IOC,2049.7,1.7186205,1.69528,FILLED,1.5,2049.7,1719237145110,3522.65643885,S LIQ
2024-06-24 14:06:14.358,WIF,BUY,LIMIT,IOC,4109.9,1.7321825,1.7045894,FILLED,183.3,4109.9,1719237974358,7119.0968567499995,S LIQ
2024-06-24 14:10:37.260,WIF,BUY,LIMIT,IOC,114869.8,1.7488215,1.7098948,FILLED,94729.5,114869.8,1719238237260,200886.7759407,S LIQ
2024-06-24 14:22:16.357,WIF,BUY,LIMIT,IOC,1797.3,1.7295808,1.7046798,FILLED,313.8,1797.3,1719238936357,3108.5755718399996,S LIQ
2024-06-24 15:06:08.218,WIF,SELL,LIMIT,IOC,2948.0,1.6445176,1.6651995,FILLED,44.2,2948.0,1719241568218,4848.0378848,L LIQ
2024-06-24 15:15:41.207,WIF,SELL,LIMIT,IOC,2784.5,1.6443259,1.6681,FILLED,2781.5,2784.5,1719242141207,4578.62546855,L LIQ
2024-06-24 15:40:39.563,WIF,SELL,LIMIT,IOC,3182.6,1.6473773,1.6669175,FILLED,899.6,3182.6,1719243639563,5242.94299498,L LIQ
2024-06-24 15:55:13.119,WIF,SELL,LIMIT,IOC,18306.7,1.6173626,1.6481587,FILLED,839.3,18306.7,1719244513119,29608.571909420003,L LIQ
2024-06-24 16:21:30.037,WIF,SELL,LIMIT,IOC,2998.1,1.6535627,1.6783939,FILLED,1391.3,2998.1,1719246090037,4957.54633087,L LIQ
2024-06-24 16:43:19.527,WIF,SELL,LIMIT,IOC,2958.2,1.6567092,1.6793936,FILLED,36.6,2958.2,1719247399527,4900.87715544,L LIQ
2024-06-24 16:46:57.310,WIF,SELL,LIMIT,IOC,2971.9,1.6485217,1.6723738,FILLED,388.5,2971.9,1719247617310,4899.2416402300005,L LIQ
2024-06-24 17:10:16.482,WIF,SELL,LIMIT,IOC,2958.5,1.6718179,1.6894415,FILLED,6.5,2958.5,1719249016482,4946.07325715,L LIQ
2024-06-24 17:11:30.546,WIF,SELL,LIMIT,IOC,2900.5,1.6459351,1.6703711,FILLED,204.6,2900.5,1719249090546,4774.03475755,L LIQ
2024-06-24 17:12:17.399,WIF,BUY,LIMIT,IOC,2696.5,1.6974103,1.6729164,FILLED,384.0,2696.5,1719249137399,4577.06687395,S LIQ
2024-06-24 17:15:37.335,WIF,BUY,LIMIT,IOC,3055.3,1.7398139,1.712615,FILLED,155.1,3055.3,1719249337335,5315.65340867,S LIQ
2024-06-24 17:28:36.504,WIF,SELL,LIMIT,IOC,2365.1,1.6162379,1.639549,FILLED,406.7,2365.1,1719250116504,3822.56425729,L LIQ
2024-06-24 17:28:41.404,WIF,SELL,LIMIT,IOC,1896.0,1.6144532,1.6370499,FILLED,2.1,1896.0,1719250121404,3061.0032672,L LIQ
2024-06-24 17:28:43.231,WIF,SELL,LIMIT,IOC,2737.9,1.6135577,1.6368479,FILLED,1412.6,2737.9,1719250123231,4417.75962683,L LIQ
2024-06-24 17:56:44.066,WIF,BUY,LIMIT,IOC,1928.8,1.6650603,1.649114,FILLED,96.7,1928.8,1719251804066,3211.5683066399997,S LIQ
2024-06-24 18:15:40.183,WIF,SELL,LIMIT,IOC,3067.4,1.6071322,1.6297384,FILLED,271.0,3067.4,1719252940183,4929.71731028,L LIQ
2024-06-24 19:11:00.087,WIF,SELL,LIMIT,IOC,2868.5,1.6585749,1.6832411,FILLED,270.1,2868.5,1719256260087,4757.62210065,L LIQ
2024-06-24 19:17:21.060,WIF,SELL,LIMIT,IOC,2042.3,1.6462082,1.6695306,FILLED,151.1,2042.3,1719256641060,3362.05100686,L LIQ
2024-06-24 19:58:26.179,WIF,SELL,LIMIT,IOC,4278.1,1.6224518,1.6483689,FILLED,256.1,4278.1,1719259106179,6941.011045580001,L LIQ
2024-06-24 21:16:40.569,WIF,BUY,LIMIT,IOC,2546.7,1.7397507,1.715,FILLED,428.1,2546.7,1719263800569,4430.62310769,S LIQ
2024-06-24 21:19:33.314,WIF,BUY,LIMIT,IOC,1720.6,1.7449125,1.7219,FILLED,206.6,1720.6,1719263973314,3002.2964475,S LIQ
2024-06-24 21:19:41.491,WIF,BUY,LIMIT,IOC,2382.9,1.7464018,1.7205879,FILLED,189.1,2382.9,1719263981491,4161.5008492199995,S LIQ
2024-06-24 21:46:39.462,WIF,BUY,LIMIT,IOC,2035.3,1.7739938,1.7478057,FILLED,132.7,2035.3,1719265599462,3610.60958114,S LIQ
2024-06-24 21:46:47.350,WIF,BUY,LIMIT,IOC,24051.4,1.7821251,1.7487831,FILLED,5978.6,24051.4,1719265607350,42862.60363014,S LIQ
2024-06-24 22:23:50.182,WIF,BUY,LIMIT,IOC,10465.5,1.8040401,1.7805641,FILLED,200.8,10465.5,1719267830182,18880.18166655,S LIQ
2024-06-24 22:39:40.381,WIF,BUY,LIMIT,IOC,7497.8,1.8099887,1.7777351,FILLED,172.0,7497.8,1719268780381,13570.93327486,S LIQ
2024-06-24 22:40:23.216,WIF,BUY,LIMIT,IOC,1798.5,1.8083941,1.782524,FILLED,923.0,1798.5,1719268823216,3252.3967888499997,S LIQ
2024-06-24 23:07:05.184,WIF,BUY,LIMIT,IOC,2177.5,1.81665,1.7929538,FILLED,283.1,2177.5,1719270425184,3955.755375,S LIQ
2024-06-24 23:38:01.481,WIF,BUY,LIMIT,IOC,2685.4,1.849681,1.8238421,FILLED,237.1,2685.4,1719272281481,4967.1333574,S LIQ
2024-06-24 23:38:37.383,WIF,BUY,LIMIT,IOC,1946.8,1.8558744,1.8296669,FILLED,192.9,1946.8,1719272317383,3613.01628192,S LIQ
2024-06-24 23:38:41.131,WIF,BUY,LIMIT,IOC,6325.4,1.8618395,1.8291647,FILLED,49.4,6325.4,1719272321131,11776.8795733,S LIQ
2024-06-24 23:39:34.263,WIF,BUY,LIMIT,IOC,1834.1,1.8616697,1.835246,FILLED,1112.8,1834.1,1719272374263,3414.48839677,S LIQ
2024-06-24 23:44:16.272,WIF,BUY,LIMIT,IOC,3941.4,1.866725,1.8366983,FILLED,857.1,3941.4,1719272656272,7357.509915,S LIQ
2024-06-24 23:45:51.368,WIF,BUY,LIMIT,IOC,13422.0,1.8786727,1.8452973,FILLED,97.6,13422.0,1719272751368,25215.5449794,S LIQ
2024-06-24 23:47:50.178,WIF,BUY,LIMIT,IOC,3014.0,1.8835934,1.8566529,FILLED,467.6,3014.0,1719272870178,5677.1505076,S LIQ
2024-06-25 00:00:20.476,WIF,SELL,LIMIT,IOC,2718.2,1.7887256,1.8146102,FILLED,429.2,2718.2,1719273620476,4862.11392592,L LIQ
2024-06-25 00:15:08.279,WIF,SELL,LIMIT,IOC,1960.6,1.7876108,1.8122748,FILLED,487.1,1960.6,1719274508279,3504.78973448,L LIQ
2024-06-25 03:04:10.305,WIF,BUY,LIMIT,IOC,36636.7,1.9257169,1.8894221,FILLED,1195.7,36636.7,1719284650305,70551.91235022999,S LIQ
2024-06-25 03:12:30.088,WIF,BUY,LIMIT,IOC,5464.4,1.939808,1.9148144,FILLED,417.3,5464.4,1719285150088,10599.8868352,S LIQ
2024-06-25 03:12:31.291,WIF,BUY,LIMIT,IOC,1998.6,1.9354125,1.9154818,FILLED,182.3,1998.6,1719285151291,3868.1154225,S LIQ
2024-06-25 03:12:33.119,WIF,BUY,LIMIT,IOC,2758.9,1.9398572,1.9174077,FILLED,247.8,2758.9,1719285153119,5351.87202908,S LIQ
2024-06-25 03:13:01.130,WIF,BUY,LIMIT,IOC,2702.7,1.9492315,1.9252161,FILLED,12.6,2702.7,1719285181130,5268.187975049999,S LIQ
2024-06-25 03:13:20.231,WIF,BUY,LIMIT,IOC,2638.6,1.9585634,1.9322402,FILLED,351.0,2638.6,1719285200231,5167.86538724,S LIQ
2024-06-25 03:14:04.143,WIF,BUY,LIMIT,IOC,2304.5,1.9612488,1.9313651,FILLED,252.4,2304.5,1719285244143,4519.6978596,S LIQ
2024-06-25 03:14:12.077,WIF,BUY,LIMIT,IOC,13290.2,1.9696234,1.9348637,FILLED,6442.8,13290.2,1719285252077,26176.68891068,S LIQ
2024-06-25 03:19:17.514,WIF,BUY,LIMIT,IOC,5058.7,1.9774978,1.9439709,FILLED,58.9,5058.7,1719285557514,10003.56812086,S LIQ
2024-06-25 03:44:26.097,WIF,BUY,LIMIT,IOC,2599.9,1.9651801,1.9365899,FILLED,691.4,2599.9,1719287066097,5109.27174199,S LIQ
2024-06-25 03:52:38.141,WIF,SELL,LIMIT,IOC,2550.9,1.8818219,1.9024138,FILLED,154.4,2550.9,1719287558141,4800.33948471,L LIQ
2024-06-25 03:55:13.435,WIF,SELL,LIMIT,IOC,2611.7,1.8710011,1.8986165,FILLED,2180.2,2611.7,1719287713435,4886.493572869999,L LIQ
2024-06-25 04:05:17.165,WIF,SELL,LIMIT,IOC,2554.4,1.8648124,1.8888811,FILLED,15.1,2554.4,1719288317165,4763.47679456,L LIQ
2024-06-25 04:14:51.505,WIF,SELL,LIMIT,IOC,1913.8,1.8493422,1.8776307,FILLED,1326.0,1913.8,1719288891505,3539.27110236,L LIQ
2024-06-25 04:17:22.410,WIF,BUY,LIMIT,IOC,2659.8,1.9182912,1.8909861,FILLED,89.6,2659.8,1719289042410,5102.270933760001,S LIQ
2024-06-25 04:53:07.513,WIF,BUY,LIMIT,IOC,2148.6,1.9379613,1.9109471,FILLED,51.6,2148.6,1719291187513,4163.90364918,S LIQ
2024-06-25 05:59:49.529,WIF,BUY,LIMIT,IOC,2634.0,1.9386068,1.9084914,FILLED,234.5,2634.0,1719295189529,5106.2903112,S LIQ
2024-06-25 06:04:15.107,WIF,SELL,LIMIT,IOC,2623.9,1.8669289,1.8931961,FILLED,49.6,2623.9,1719295455107,4898.63474071,L LIQ
2024-06-25 06:04:17.427,WIF,SELL,LIMIT,IOC,1683.3,1.8656183,1.8915954,FILLED,448.0,1683.3,1719295457427,3140.3952843899997,L LIQ
2024-06-25 06:04:50.152,WIF,SELL,LIMIT,IOC,2831.4,1.8576877,1.881762,FILLED,314.1,2831.4,1719295490152,5259.85695378,L LIQ
2024-06-25 07:05:57.392,WIF,BUY,LIMIT,IOC,2499.2,1.9274139,1.899062,FILLED,2010.8,2499.2,1719299157392,4816.9928188799995,S LIQ
2024-06-25 07:19:09.266,WIF,SELL,LIMIT,IOC,1684.3,1.8452301,1.8710267,FILLED,224.3,1684.3,1719299949266,3107.92105743,L LIQ
2024-06-25 07:25:33.153,WIF,BUY,LIMIT,IOC,2047.1,1.9042903,1.8772387,FILLED,789.6,2047.1,1719300333153,3898.27267313,S LIQ
2024-06-25 07:41:41.160,WIF,SELL,LIMIT,IOC,2659.9,1.8344306,1.8619741,FILLED,94.7,2659.9,1719301301160,4879.40195294,L LIQ
2024-06-25 07:55:04.253,WIF,SELL,LIMIT,IOC,1971.2,1.8377574,1.8652164,FILLED,16.6,1971.2,1719302104253,3622.58738688,L LIQ
2024-06-25 08:16:26.092,WIF,SELL,LIMIT,IOC,2129.3,1.8195,1.8464897,FILLED,882.3,2129.3,1719303386092,3874.26135,L LIQ
2024-06-25 08:21:55.069,WIF,SELL,LIMIT,IOC,3916.1,1.8029599,1.831968,FILLED,185.6,3916.1,1719303715069,7060.57126439,L LIQ
2024-06-25 08:40:52.308,WIF,SELL,LIMIT,IOC,12494.2,1.786469,1.82,FILLED,484.0,12494.2,1719304852308,22320.500979800003,L LIQ
2024-06-25 09:15:54.207,WIF,BUY,LIMIT,IOC,1892.4,1.8862738,1.8601963,FILLED,178.0,1892.4,1719306954207,3569.58453912,S LIQ
2024-06-25 09:36:18.274,WIF,BUY,LIMIT,IOC,1965.2,1.9161439,1.8892688,FILLED,330.8,1965.2,1719308178274,3765.60599228,S LIQ
2024-06-25 09:50:19.541,WIF,BUY,LIMIT,IOC,5082.0,1.925974,1.8975967,FILLED,398.2,5082.0,1719309019541,9787.799868,S LIQ
2024-06-25 10:35:34.474,WIF,SELL,LIMIT,IOC,2604.3,1.8788691,1.9058894,FILLED,272.8,2604.3,1719311734474,4893.13879713,L LIQ
2024-06-25 10:37:38.350,WIF,SELL,LIMIT,IOC,2593.6,1.8773515,1.9039869,FILLED,182.9,2593.6,1719311858350,4869.0988504,L LIQ
2024-06-25 11:10:27.147,WIF,BUY,LIMIT,IOC,1854.7,1.9710035,1.9427052,FILLED,246.9,1854.7,1719313827147,3655.62019145,S LIQ
2024-06-25 11:27:02.516,WIF,SELL,LIMIT,IOC,2124.5,1.8885917,1.9182711,FILLED,609.3,2124.5,1719314822516,4012.31306665,L LIQ
2024-06-25 11:57:33.172,WIF,BUY,LIMIT,IOC,2625.3,1.9508152,1.9221792,FILLED,422.3,2625.3,1719316653172,5121.47514456,S LIQ
2024-06-25 12:02:40.521,WIF,SELL,LIMIT,IOC,2602.5,1.8812008,1.9096493,FILLED,303.9,2602.5,1719316960521,4895.825082,L LIQ
2024-06-25 12:23:03.304,WIF,BUY,LIMIT,IOC,2606.7,1.9574551,1.9284199,FILLED,133.5,2606.7,1719318183304,5102.498209169999,S LIQ
2024-06-25 12:24:08.605,WIF,BUY,LIMIT,IOC,2475.3,1.9596837,1.9318453,FILLED,1493.8,2475.3,1719318248605,4850.80506261,S LIQ
2024-06-25 12:51:09.505,WIF,SELL,LIMIT,IOC,2601.1,1.8823351,1.9103614,FILLED,621.8,2601.1,1719319869505,4896.14182861,L LIQ
2024-06-25 13:10:25.428,WIF,BUY,LIMIT,IOC,2621.5,1.9443138,1.9170511,FILLED,138.5,2621.5,1719321025428,5097.0186267,S LIQ
2024-06-25 13:12:23.348,WIF,BUY,LIMIT,IOC,2304.0,1.9517306,1.9233684,FILLED,110.0,2304.0,1719321143348,4496.7873024,S LIQ
2024-06-25 14:20:14.676,WIF,BUY,LIMIT,IOC,2828.5,1.9863571,1.9599074,FILLED,2042.2,2828.5,1719325214676,5618.41105735,S LIQ
2024-06-25 14:20:24.096,WIF,BUY,LIMIT,IOC,10012.3,1.9941309,1.9595996,FILLED,216.7,10012.3,1719325224096,19965.83681007,S LIQ
2024-06-25 14:25:35.274,WIF,SELL,LIMIT,IOC,2553.8,1.9167785,1.9454165,FILLED,120.9,2553.8,1719325535274,4895.0689333,L LIQ
2024-06-25 14:30:13.157,WIF,BUY,LIMIT,IOC,2512.6,1.9969475,1.9688867,FILLED,2178.8,2512.6,1719325813157,5017.5302885,S LIQ
2024-06-25 14:53:14.074,WIF,SELL,LIMIT,IOC,1784.7,1.9364079,1.9641852,FILLED,410.1,1784.7,1719327194074,3455.9071791300003,L LIQ
2024-06-25 14:57:12.210,WIF,BUY,LIMIT,IOC,2416.6,2.0100905,1.9807776,FILLED,181.7,2416.6,1719327432210,4857.5847023,S LIQ
2024-06-25 14:58:04.527,WIF,BUY,LIMIT,IOC,2398.6,2.0203616,1.9884991,FILLED,1946.8,2398.6,1719327484527,4846.03933376,S LIQ
2024-06-25 14:59:14.407,WIF,BUY,LIMIT,IOC,1550.2,2.0241826,1.9965261,FILLED,292.1,1550.2,1719327554407,3137.88786652,S LIQ
2024-06-25 15:00:11.371,WIF,BUY,LIMIT,IOC,2370.6,2.0401924,2.0108508,FILLED,113.1,2370.6,1719327611371,4836.48010344,S LIQ
2024-06-25 15:00:50.492,WIF,SELL,LIMIT,IOC,1762.5,1.9679639,1.9949758,FILLED,218.7,1762.5,1719327650492,3468.53637375,L LIQ
2024-06-25 15:07:38.573,WIF,SELL,LIMIT,IOC,2451.9,1.9431631,1.9713775,FILLED,56.8,2451.9,1719328058573,4764.44160489,L LIQ
2024-06-25 15:15:17.333,WIF,SELL,LIMIT,IOC,4367.9,1.927609,1.9581255,FILLED,2301.9,4367.9,1719328517333,8419.603351099999,L LIQ
2024-06-25 15:30:31.402,WIF,BUY,LIMIT,IOC,2538.0,2.0202129,1.9909246,FILLED,975.7,2538.0,1719329431402,5127.3003402,S LIQ
2024-06-25 15:32:24.116,WIF,BUY,LIMIT,IOC,100000.0,2.0433948,1.9968475,FILLED,68616.6,100000.0,1719329544116,204339.48,S LIQ
2024-06-25 15:35:44.520,WIF,BUY,LIMIT,IOC,2458.0,2.0479182,2.0217284,FILLED,28.8,2458.0,1719329744520,5033.782935599999,S LIQ
2024-06-25 15:37:06.118,WIF,BUY,LIMIT,IOC,1892.8,2.0551474,2.0252842,FILLED,7.3,1892.8,1719329826118,3889.98299872,S LIQ
2024-06-25 15:37:10.623,WIF,BUY,LIMIT,IOC,1716.5,2.0590312,2.0326606,FILLED,43.6,1716.5,1719329830623,3534.3270548000005,S LIQ
2024-06-25 15:37:12.083,WIF,BUY,LIMIT,IOC,1769.3,2.060756,2.0342638,FILLED,61.0,1769.3,1719329832083,3646.0955908,S LIQ
2024-06-25 15:45:13.369,WIF,SELL,LIMIT,IOC,2425.9,1.9847581,2.0144852,FILLED,403.4,2425.9,1719330313369,4814.82467479,L LIQ
2024-06-25 16:06:07.373,WIF,SELL,LIMIT,IOC,2365.5,1.9752247,2.0045977,FILLED,19.0,2365.5,1719331567373,4672.39402785,L LIQ
2024-06-25 16:14:16.456,WIF,SELL,LIMIT,IOC,2031.5,1.9636788,1.9919791,FILLED,54.7,2031.5,1719332056456,3989.2134822,L LIQ
2024-06-25 16:51:38.282,WIF,SELL,LIMIT,IOC,2466.6,1.9492989,1.9751011,FILLED,487.4,2466.6,1719334298282,4808.14066674,L LIQ
2024-06-25 16:52:35.440,WIF,SELL,LIMIT,IOC,2468.6,1.9499061,1.9789989,FILLED,261.7,2468.6,1719334355440,4813.53819846,L LIQ
2024-06-25 16:55:18.243,WIF,SELL,LIMIT,IOC,9872.1,1.9378013,1.9741632,FILLED,180.8,9872.1,1719334518243,19130.16821373,L LIQ
2024-06-25 17:26:18.452,WIF,BUY,LIMIT,IOC,1823.1,2.0278632,1.9995168,FILLED,317.3,1823.1,1719336378452,3696.99739992,S LIQ
2024-06-25 18:16:11.255,WIF,BUY,LIMIT,IOC,1468.4,2.051879,2.0215179,FILLED,133.0,1468.4,1719339371255,3012.9791236,S LIQ
2024-06-25 18:43:31.490,WIF,BUY,LIMIT,IOC,2449.4,2.0810366,2.0509396,FILLED,547.9,2449.4,1719341011490,5097.2910480400005,S LIQ
2024-06-25 18:45:16.365,WIF,BUY,LIMIT,IOC,1841.3,2.092234,2.0663895,FILLED,430.0,1841.3,1719341116365,3852.4304642,S LIQ
2024-06-25 18:45:22.270,WIF,BUY,LIMIT,IOC,2471.4,2.0986905,2.070204,FILLED,532.9,2471.4,1719341122270,5186.7037017,S LIQ
2024-06-25 18:46:50.523,WIF,BUY,LIMIT,IOC,1763.9,2.102951,2.0709308,FILLED,172.3,1763.9,1719341210523,3709.3952689,S LIQ
2024-06-25 18:47:29.315,WIF,BUY,LIMIT,IOC,4210.5,2.1089038,2.0761972,FILLED,2077.5,4210.5,1719341249315,8879.539449900001,S LIQ
2024-06-25 18:47:30.380,WIF,BUY,LIMIT,IOC,2230.8,2.1069786,2.076846,FILLED,113.2,2230.8,1719341250380,4700.247860880001,S LIQ
2024-06-25 19:12:05.246,WIF,BUY,LIMIT,IOC,1830.6,2.0881552,2.0562655,FILLED,108.2,1830.6,1719342725246,3822.57690912,S LIQ
2024-06-25 20:35:42.177,WIF,BUY,LIMIT,IOC,1745.2,2.1137401,2.0831,FILLED,736.3,1745.2,1719347742177,3688.899222519999,S LIQ
2024-06-25 20:58:15.115,WIF,SELL,LIMIT,IOC,2420.8,2.0227765,2.0522089,FILLED,53.3,2420.8,1719349095115,4896.7373512,L LIQ
2024-06-25 21:49:41.568,WIF,BUY,LIMIT,IOC,1700.0,2.0827182,2.0516033,FILLED,66.7,1700.0,1719352181568,3540.62094,S LIQ
2024-06-25 22:10:28.271,WIF,BUY,LIMIT,IOC,2431.8,2.096486,2.0652036,FILLED,102.7,2431.8,1719353428271,5098.2346548000005,S LIQ
2024-06-25 23:12:03.235,WIF,SELL,LIMIT,IOC,1707.6,1.9922308,2.0223927,FILLED,410.9,1707.6,1719357123235,3401.93331408,L LIQ
2024-06-25 23:46:20.334,WIF,BUY,LIMIT,IOC,1970.2,2.0745842,2.0448592,FILLED,524.5,1970.2,1719359180334,4087.34579084,S LIQ
2024-06-26 00:08:37.120,WIF,BUY,LIMIT,IOC,2451.1,2.0801423,2.0499998,FILLED,1985.6,2451.1,1719360517120,5098.63679153,S LIQ
2024-06-26 00:35:21.150,WIF,SELL,LIMIT,IOC,1983.5,2.011403,2.0407634,FILLED,724.7,1983.5,1719362121150,3989.6178505,L LIQ
2024-06-26 00:39:58.398,WIF,SELL,LIMIT,IOC,1582.5,2.0105177,2.0402783,FILLED,109.5,1582.5,1719362398398,3181.6442602499997,L LIQ
2024-06-26 01:18:40.255,WIF,BUY,LIMIT,IOC,1883.5,2.0937367,2.0632024,FILLED,373.3,1883.5,1719364720255,3943.55307445,S LIQ
2024-06-26 01:18:50.302,WIF,BUY,LIMIT,IOC,6416.8,2.1024089,2.0671448,FILLED,1.1,6416.8,1719364730302,13490.73742952,S LIQ
2024-06-26 01:18:59.558,WIF,BUY,LIMIT,IOC,2427.4,2.0983364,2.0679343,FILLED,145.6,2427.4,1719364739558,5093.50177736,S LIQ
2024-06-26 01:20:28.144,WIF,BUY,LIMIT,IOC,2429.0,2.1054099,2.0767877,FILLED,5.6,2429.0,1719364828144,5114.040647100001,S LIQ
2024-06-26 01:21:07.566,WIF,BUY,LIMIT,IOC,2454.1,2.1124918,2.0837269,FILLED,15.9,2454.1,1719364867566,5184.26612638,S LIQ
2024-06-26 01:21:20.271,WIF,BUY,LIMIT,IOC,10553.4,2.12451,2.086899,FILLED,156.3,10553.4,1719364880271,22420.803834,S LIQ
2024-06-26 01:21:29.216,WIF,BUY,LIMIT,IOC,5063.8,2.1293842,2.0904,FILLED,2183.7,5063.8,1719364889216,10782.77571196,S LIQ
2024-06-26 01:36:52.225,WIF,BUY,LIMIT,IOC,1428.0,2.1665564,2.1367688,FILLED,346.0,1428.0,1719365812225,3093.8425392000004,S LIQ
2024-06-26 01:36:54.069,WIF,BUY,LIMIT,IOC,36615.9,2.1816471,2.1370929,FILLED,35156.2,36615.9,1719365814069,79882.97204889,S LIQ
2024-06-26 01:36:59.552,WIF,BUY,LIMIT,IOC,3702.6,2.1783762,2.1459291,FILLED,1061.3,3702.6,1719365819552,8065.65571812,S LIQ
2024-06-26 01:45:11.106,WIF,SELL,LIMIT,IOC,2323.6,2.0871799,2.1172702,FILLED,92.1,2323.6,1719366311106,4849.77121564,L LIQ
2024-06-26 01:52:06.264,WIF,BUY,LIMIT,IOC,2042.3,2.1547407,2.1244401,FILLED,350.8,2042.3,1719366726264,4400.62693161,S LIQ
2024-06-26 02:18:05.488,WIF,BUY,LIMIT,IOC,24951.9,2.1647462,2.1238823,FILLED,276.3,24951.9,1719368285488,54014.53070778001,S LIQ
2024-06-26 03:04:10.066,WIF,SELL,LIMIT,IOC,1778.0,2.0562117,2.0847007,FILLED,1771.6,1778.0,1719371050066,3655.9444026,L LIQ
2024-06-26 03:04:46.105,WIF,SELL,LIMIT,IOC,2368.8,2.051319,2.079628,FILLED,62.3,2368.8,1719371086105,4859.1644472,L LIQ
2024-06-26 03:19:05.412,WIF,SELL,LIMIT,IOC,1757.2,2.0324505,2.0636138,FILLED,164.2,1757.2,1719371945412,3571.4220186,L LIQ
2024-06-26 03:25:37.503,WIF,SELL,LIMIT,IOC,2077.6,2.0103851,2.0405035,FILLED,318.5,2077.6,1719372337503,4176.77608376,L LIQ
2024-06-26 03:48:13.154,WIF,BUY,LIMIT,IOC,2435.2,2.0932954,2.0624588,FILLED,589.8,2435.2,1719373693154,5097.59295808,S LIQ
2024-06-26 04:07:00.140,WIF,SELL,LIMIT,IOC,1537.1,2.0218167,2.0502348,FILLED,1062.0,1537.1,1719374820140,3107.73444957,L LIQ
2024-06-26 04:35:48.140,WIF,SELL,LIMIT,IOC,2522.8,2.005327,2.0321462,FILLED,457.9,2522.8,1719376548140,5059.0389556,L LIQ
2024-06-26 04:36:35.593,WIF,SELL,LIMIT,IOC,2347.5,1.9973272,2.0271766,FILLED,63.9,2347.5,1719376595593,4688.7256019999995,L LIQ
2024-06-26 04:58:32.584,WIF,SELL,LIMIT,IOC,1806.5,2.0067956,2.0323846,FILLED,133.8,1806.5,1719377912584,3625.2762514,L LIQ
2024-06-26 05:08:06.316,WIF,BUY,LIMIT,IOC,2042.6,2.0723638,2.042792,FILLED,564.0,2042.6,1719378486316,4233.0102978800005,S LIQ
2024-06-26 05:25:32.199,WIF,SELL,LIMIT,IOC,1856.6,1.9869745,2.016865,FILLED,105.9,1856.6,1719379532199,3689.0168567,L LIQ
2024-06-26 05:28:35.292,WIF,SELL,LIMIT,IOC,2469.2,1.9718667,2.0013465,FILLED,184.9,2469.2,1719379715292,4868.9332556399995,L LIQ
2024-06-26 05:28:59.330,WIF,SELL,LIMIT,IOC,14755.4,1.961866,1.9974084,FILLED,134.8,14755.4,1719379739330,28948.1175764,L LIQ
2024-06-26 05:29:11.064,WIF,SELL,LIMIT,IOC,2262.3,1.9656561,1.9923215,FILLED,8.0,2262.3,1719379751064,4446.90379503,L LIQ
2024-06-26 06:23:01.160,WIF,SELL,LIMIT,IOC,1975.5,1.9813344,2.011404,FILLED,171.2,1975.5,1719382981160,3914.1261072,L LIQ
2024-06-26 07:04:50.435,WIF,SELL,LIMIT,IOC,2317.8,1.9838443,2.0126526,FILLED,3.6,2317.8,1719385490435,4598.1543185400005,L LIQ
2024-06-26 07:12:46.292,WIF,BUY,LIMIT,IOC,1562.9,2.0599971,2.0294868,FILLED,5.1,1562.9,1719385966292,3219.56946759,S LIQ
2024-06-26 08:04:51.310,WIF,SELL,LIMIT,IOC,1645.0,1.9990274,2.0288457,FILLED,92.4,1645.0,1719389091310,3288.400073,L LIQ
2024-06-26 08:45:07.396,WIF,BUY,LIMIT,IOC,2494.7,2.0433858,2.0144751,FILLED,171.6,2494.7,1719391507396,5097.634555259999,S LIQ
2024-06-26 10:09:14.251,WIF,SELL,LIMIT,IOC,9781.8,1.9403773,1.9770424,FILLED,191.5,9781.8,1719396554251,18980.382673139997,L LIQ
2024-06-26 11:44:14.082,WIF,SELL,LIMIT,IOC,9323.7,1.9372126,1.9737644,FILLED,201.8,9323.7,1719402254082,18061.98911862,L LIQ
2024-06-26 13:18:55.128,WIF,BUY,LIMIT,IOC,2479.6,2.0555642,2.0300046,FILLED,17.0,2479.6,1719407935128,5096.97699032,S LIQ
2024-06-26 13:36:33.267,WIF,BUY,LIMIT,IOC,1679.7,2.0870227,2.0572457,FILLED,14.2,1679.7,1719408993267,3505.5720291899997,S LIQ
2024-06-26 13:46:52.430,WIF,BUY,LIMIT,IOC,2476.2,2.0760078,2.0461937,FILLED,371.4,2476.2,1719409612430,5140.61051436,S LIQ
2024-06-26 14:35:17.436,WIF,SELL,LIMIT,IOC,2287.5,1.9746959,2.0031097,FILLED,766.0,2287.5,1719412517436,4517.11687125,L LIQ
2024-06-26 15:19:03.577,WIF,BUY,LIMIT,IOC,2217.1,2.0393984,2.0098435,FILLED,591.0,2217.1,1719415143577,4521.55019264,S LIQ
2024-06-26 15:38:46.216,WIF,SELL,LIMIT,IOC,1553.5,1.9721121,2.0009164,FILLED,226.1,1553.5,1719416326216,3063.67614735,L LIQ
2024-06-26 15:59:01.598,WIF,BUY,LIMIT,IOC,1521.5,2.0394118,2.0114231,FILLED,212.7,1521.5,1719417541598,3102.9650537,S LIQ
2024-06-26 16:08:34.424,WIF,BUY,LIMIT,IOC,1673.2,2.0494448,2.0232307,FILLED,634.5,1673.2,1719418114424,3429.1310393599997,S LIQ
2024-06-26 16:30:32.517,WIF,SELL,LIMIT,IOC,2491.7,1.9670768,1.9953799,FILLED,3.3,2491.7,1719419432517,4901.36526256,L LIQ
2024-06-26 16:48:12.288,WIF,SELL,LIMIT,IOC,1572.7,1.952803,1.9809115,FILLED,155.4,1572.7,1719420492288,3071.1732781,L LIQ
2024-06-26 16:50:49.081,WIF,SELL,LIMIT,IOC,2448.5,1.9445991,1.9734047,FILLED,23.4,2448.5,1719420649081,4761.35089635,L LIQ
2024-06-26 17:04:57.558,WIF,SELL,LIMIT,IOC,2006.0,1.9389998,1.967767,FILLED,342.4,2006.0,1719421497558,3889.6335988,L LIQ
2024-06-26 17:05:07.431,WIF,SELL,LIMIT,IOC,1882.1,1.9381447,1.964481,FILLED,374.7,1882.1,1719421507431,3647.78213987,L LIQ
2024-06-26 17:05:25.079,WIF,SELL,LIMIT,IOC,3401.2,1.9314505,1.9620229,FILLED,24.7,3401.2,1719421525079,6569.2494406,L LIQ
2024-06-26 17:05:42.270,WIF,SELL,LIMIT,IOC,2512.0,1.9283599,1.9569747,FILLED,68.3,2512.0,1719421542270,4844.0400688,L LIQ
2024-06-26 17:06:24.291,WIF,SELL,LIMIT,IOC,6328.6,1.9204664,1.9541503,FILLED,50.7,6328.6,1719421584291,12153.86365904,L LIQ
2024-06-26 17:07:50.253,WIF,SELL,LIMIT,IOC,1936.5,1.9128652,1.9414425,FILLED,54.6,1936.5,1719421670253,3704.2634598,L LIQ
2024-06-26 17:07:53.121,WIF,SELL,LIMIT,IOC,2447.5,1.9128701,1.9416833,FILLED,49.7,2447.5,1719421673121,4681.74956975,L LIQ
2024-06-26 17:08:03.698,WIF,SELL,LIMIT,IOC,1992.1,1.9086948,1.9359,FILLED,1992.1,1992.1,1719421683698,3802.31091108,L LIQ
2024-06-26 17:10:26.181,WIF,SELL,LIMIT,IOC,2517.6,1.909156,1.9352885,FILLED,4.8,2517.6,1719421826181,4806.4911456,L LIQ
2024-06-26 17:10:45.412,WIF,SELL,LIMIT,IOC,3891.5,1.9027812,1.9340932,FILLED,1415.7,3891.5,1719421845412,7404.6730398,L LIQ
2024-06-26 17:38:40.483,WIF,SELL,LIMIT,IOC,7629.0,1.8826229,1.9151382,FILLED,79.5,7629.0,1719423520483,14362.5301041,L LIQ
2024-06-26 17:46:36.455,WIF,BUY,LIMIT,IOC,1958.3,1.9681284,1.9402,FILLED,1402.6,1958.3,1719423996455,3854.18584572,S LIQ
2024-06-26 17:56:09.059,WIF,BUY,LIMIT,IOC,2515.5,2.0077916,1.9865672,FILLED,350.4,2515.5,1719424569059,5050.5997698,S LIQ
2024-06-26 18:36:24.197,WIF,SELL,LIMIT,IOC,1848.1,1.9473939,1.9765074,FILLED,45.2,1848.1,1719426984197,3598.9786665899996,L LIQ
2024-06-26 18:43:23.602,WIF,SELL,LIMIT,IOC,2188.3,1.9426966,1.9720111,FILLED,71.6,2188.3,1719427403602,4251.202969780001,L LIQ
2024-06-26 19:12:43.057,WIF,SELL,LIMIT,IOC,2527.4,1.9338748,1.9628641,FILLED,215.8,2527.4,1719429163057,4887.67516952,L LIQ
2024-06-26 19:16:30.281,WIF,BUY,LIMIT,IOC,2251.8,2.0025452,1.9734,FILLED,585.2,2251.8,1719429390281,4509.3312813600005,S LIQ
2024-06-26 19:35:56.302,WIF,BUY,LIMIT,IOC,2416.2,2.0148361,1.9858203,FILLED,60.2,2416.2,1719430556302,4868.24698482,S LIQ
2024-06-26 20:50:43.294,WIF,BUY,LIMIT,IOC,2528.5,2.0189528,1.9902064,FILLED,66.2,2528.5,1719435043294,5104.9221548000005,S LIQ
2024-06-26 21:39:03.421,WIF,BUY,LIMIT,IOC,2529.7,2.0404194,2.0099511,FILLED,193.1,2529.7,1719437943421,5161.64895618,S LIQ
2024-06-26 21:44:43.138,WIF,BUY,LIMIT,IOC,8863.3,2.0600704,2.0256079,FILLED,728.3,8863.3,1719438283138,18259.021976319997,S LIQ
2024-06-26 22:38:00.427,WIF,SELL,LIMIT,IOC,1561.9,1.9815519,2.0112762,FILLED,37.2,1561.9,1719441480427,3094.98591261,L LIQ
2024-06-26 22:45:33.091,WIF,SELL,LIMIT,IOC,1565.3,1.977254,2.0072687,FILLED,289.5,1565.3,1719441933091,3094.9956862,L LIQ
2024-06-26 23:19:51.555,WIF,BUY,LIMIT,IOC,2495.5,2.0308321,2.0025682,FILLED,162.0,2495.5,1719443991555,5067.94150555,S LIQ
2024-06-27 00:35:43.368,WIF,BUY,LIMIT,IOC,1944.7,2.0489785,2.0203241,FILLED,164.9,1944.7,1719448543368,3984.64848895,S LIQ
2024-06-27 03:22:02.126,WIF,BUY,LIMIT,IOC,4795.1,2.0742703,2.0390945,FILLED,489.7,4795.1,1719458522126,9946.33351553,S LIQ
2024-06-27 05:12:27.246,WIF,SELL,LIMIT,IOC,2418.8,1.9700986,2.0002573,FILLED,175.9,2418.8,1719465147246,4765.274493680001,L LIQ
2024-06-27 06:05:06.070,WIF,SELL,LIMIT,IOC,2424.1,1.9585741,1.9881,FILLED,355.2,2424.1,1719468306070,4747.77947581,L LIQ
2024-06-27 06:20:42.389,WIF,BUY,LIMIT,IOC,1484.0,2.0290726,2.0,FILLED,372.0,1484.0,1719469242389,3011.1437384,S LIQ
2024-06-27 06:40:08.492,WIF,SELL,LIMIT,IOC,2477.9,1.9529078,1.9815163,FILLED,708.9,2477.9,1719470408492,4839.11023762,L LIQ
2024-06-27 07:13:41.569,WIF,BUY,LIMIT,IOC,6188.0,2.0687913,2.0331144,FILLED,352.2,6188.0,1719472421569,12801.6805644,S LIQ
2024-06-27 09:08:11.274,WIF,SELL,LIMIT,IOC,2439.1,1.9994863,2.029224,FILLED,190.3,2439.1,1719479291274,4876.94703433,L LIQ
2024-06-27 09:30:21.343,WIF,BUY,LIMIT,IOC,1772.7,2.0910453,2.0607511,FILLED,226.8,1772.7,1719480621343,3706.79600331,S LIQ
2024-06-27 09:36:05.247,WIF,SELL,LIMIT,IOC,2264.3,2.0182319,2.0455344,FILLED,35.9,2264.3,1719480965247,4569.88249117,L LIQ
2024-06-27 10:11:30.524,WIF,SELL,LIMIT,IOC,1511.2,1.9990128,2.0270556,FILLED,322.0,1511.2,1719483090524,3020.90814336,L LIQ
2024-06-27 10:12:26.169,WIF,SELL,LIMIT,IOC,1933.9,1.9946977,2.0250292,FILLED,66.4,1933.9,1719483146169,3857.54588203,L LIQ
2024-06-27 10:18:10.561,WIF,SELL,LIMIT,IOC,1893.9,1.9890542,2.0175084,FILLED,51.2,1893.9,1719483490561,3767.06974938,L LIQ
2024-06-27 10:53:58.554,WIF,SELL,LIMIT,IOC,2200.7,1.9733908,2.0037738,FILLED,76.7,2200.7,1719485638554,4342.841133559999,L LIQ
2024-06-27 11:22:41.461,WIF,SELL,LIMIT,IOC,1710.3,1.9644785,1.9938749,FILLED,718.8,1710.3,1719487361461,3359.84757855,L LIQ
2024-06-27 11:23:11.670,WIF,SELL,LIMIT,IOC,2476.8,1.9591651,1.9890589,FILLED,153.7,2476.8,1719487391670,4852.46011968,L LIQ
2024-06-27 11:23:21.547,WIF,SELL,LIMIT,IOC,2220.9,1.9573725,1.9875457,FILLED,335.7,2220.9,1719487401547,4347.1285852500005,L LIQ
2024-06-27 11:31:02.138,WIF,SELL,LIMIT,IOC,7531.8,1.9479594,1.9829123,FILLED,6596.9,7531.8,1719487862138,14671.64060892,L LIQ
2024-06-27 12:10:00.278,WIF,BUY,LIMIT,IOC,2410.2,2.0436805,2.0131,FILLED,1511.2,2410.2,1719490200278,4925.6787411,S LIQ
2024-06-27 12:10:54.568,WIF,BUY,LIMIT,IOC,2487.5,2.0488438,2.0188074,FILLED,7.3,2487.5,1719490254568,5096.4989525,S LIQ
2024-06-27 12:31:36.308,WIF,SELL,LIMIT,IOC,2511.0,1.951555,1.9773022,FILLED,140.0,2511.0,1719491496308,4900.3546049999995,L LIQ
2024-06-27 12:31:48.454,WIF,SELL,LIMIT,IOC,2487.6,1.9455114,1.9738308,FILLED,513.5,2487.6,1719491508454,4839.65415864,L LIQ
2024-06-27 12:31:58.336,WIF,SELL,LIMIT,IOC,1613.2,1.9444157,1.9727717,FILLED,15.6,1613.2,1719491518336,3136.73140724,L LIQ
2024-06-27 13:02:51.319,WIF,BUY,LIMIT,IOC,1653.5,2.0464028,2.0180407,FILLED,473.1,1653.5,1719493371319,3383.7270298000003,S LIQ
2024-06-27 13:03:15.133,WIF,BUY,LIMIT,IOC,1854.1,2.0650376,2.0363275,FILLED,29.5,1854.1,1719493395133,3828.78621416,S LIQ
2024-06-27 13:04:17.060,WIF,BUY,LIMIT,IOC,1877.8,2.1298319,2.0977736,FILLED,1564.9,1877.8,1719493457060,3999.39834182,S LIQ
2024-06-27 13:04:27.170,WIF,BUY,LIMIT,IOC,2566.0,2.1447224,2.1174384,FILLED,1721.0,2566.0,1719493467170,5503.3576784,S LIQ
2024-06-27 13:04:39.319,WIF,BUY,LIMIT,IOC,23384.7,2.1689989,2.1403492,FILLED,130.4,23384.7,1719493479319,50721.38857683,S LIQ
2024-06-27 13:04:44.289,WIF,BUY,LIMIT,IOC,4619.1,2.1720597,2.1441059,FILLED,585.3,4619.1,1719493484289,10032.960960270002,S LIQ
2024-06-27 13:14:13.517,WIF,BUY,LIMIT,IOC,2332.8,2.1852674,2.1578932,FILLED,72.5,2332.8,1719494053517,5097.79179072,S LIQ
2024-06-27 13:16:04.177,WIF,BUY,LIMIT,IOC,38167.9,2.2337324,2.192912,FILLED,25893.2,38167.9,1719494164177,85256.87486996001,S LIQ
2024-06-27 13:18:44.407,WIF,BUY,LIMIT,IOC,3069.3,2.2736552,2.2402994,FILLED,1079.6,3069.3,1719494324407,6978.52990536,S LIQ
2024-06-27 13:18:56.271,WIF,BUY,LIMIT,IOC,2313.1,2.2757013,2.2445005,FILLED,341.0,2313.1,1719494336271,5263.924677030001,S LIQ
2024-06-27 13:28:32.361,WIF,SELL,LIMIT,IOC,2067.8,2.1280423,2.1494466,FILLED,268.9,2067.8,1719494912361,4400.3658679400005,L LIQ
2024-06-27 13:58:54.271,WIF,BUY,LIMIT,IOC,1851.8,2.222037,2.1882825,FILLED,83.5,1851.8,1719496734271,4114.768116599999,S LIQ
2024-06-27 14:20:18.495,WIF,SELL,LIMIT,IOC,1391.9,2.1884746,2.2220646,FILLED,219.5,1391.9,1719498018495,3046.1377957400005,L LIQ
2024-06-27 14:23:15.245,WIF,BUY,LIMIT,IOC,1711.5,2.271164,2.2387912,FILLED,59.6,1711.5,1719498195245,3887.097186,S LIQ
2024-06-27 14:25:05.589,WIF,BUY,LIMIT,IOC,2193.4,2.2767035,2.2444125,FILLED,194.9,2193.4,1719498305589,4993.7214569,S LIQ
2024-06-27 14:28:14.534,WIF,BUY,LIMIT,IOC,2338.0,2.2892064,2.2549787,FILLED,13.6,2338.0,1719498494534,5352.1645632,S LIQ
2024-06-27 14:32:09.062,WIF,SELL,LIMIT,IOC,2240.1,2.1862426,2.2166734,FILLED,191.1,2240.1,1719498729062,4897.40204826,L LIQ
2024-06-27 14:32:54.293,WIF,SELL,LIMIT,IOC,2245.8,2.175567,2.206304,FILLED,22.6,2245.8,1719498774293,4885.888368600001,L LIQ
2024-06-27 14:39:53.362,WIF,BUY,LIMIT,IOC,2276.5,2.2389057,2.206393,FILLED,174.3,2276.5,1719499193362,5096.86882605,S LIQ
2024-06-27 14:49:14.393,WIF,SELL,LIMIT,IOC,2092.1,2.1464136,2.1786416,FILLED,167.9,2092.1,1719499754393,4490.511892559999,L LIQ
2024-06-27 14:53:39.139,WIF,SELL,LIMIT,IOC,1637.7,2.1336095,2.1651498,FILLED,210.3,1637.7,1719500019139,3494.21227815,L LIQ
2024-06-27 15:10:16.065,WIF,SELL,LIMIT,IOC,3120.0,2.1070428,2.1411229,FILLED,2404.9,3120.0,1719501016065,6573.9735359999995,L LIQ
2024-06-27 15:22:56.526,WIF,SELL,LIMIT,IOC,1848.4,2.0913732,2.1224922,FILLED,143.8,1848.4,1719501776526,3865.69422288,L LIQ
2024-06-27 15:49:08.124,WIF,SELL,LIMIT,IOC,2132.0,2.0860802,2.116079,FILLED,125.1,2132.0,1719503348124,4447.5229864,L LIQ
2024-06-27 15:49:19.258,WIF,SELL,LIMIT,IOC,2782.9,2.0809381,2.1141853,FILLED,208.5,2782.9,1719503359258,5791.04263849,L LIQ
2024-06-27 15:55:31.202,WIF,SELL,LIMIT,IOC,3294.3,2.0734491,2.1070979,FILLED,162.3,3294.3,1719503731202,6830.56337013,L LIQ
2024-06-27 16:13:10.299,WIF,BUY,LIMIT,IOC,1881.6,2.1686066,2.138,FILLED,1873.9,1881.6,1719504790299,4080.45017856,S LIQ
2024-06-27 16:26:24.150,WIF,SELL,LIMIT,IOC,2352.9,2.053202,2.0845056,FILLED,1613.8,2352.9,1719505584150,4830.9789858,L LIQ
2024-06-27 16:26:27.545,WIF,SELL,LIMIT,IOC,2000.0,2.052567,2.0821256,FILLED,208.9,2000.0,1719505587545,4105.134,L LIQ
2024-06-27 16:39:55.103,WIF,BUY,LIMIT,IOC,2401.9,2.123549,2.0929151,FILLED,30.4,2401.9,1719506395103,5100.5523431,S LIQ
2024-06-27 16:48:19.366,WIF,SELL,LIMIT,IOC,2996.1,2.0403243,2.072324,FILLED,112.1,2996.1,1719506899366,6113.01563523,L LIQ
2024-06-27 18:01:24.315,WIF,SELL,LIMIT,IOC,2266.7,2.0503227,2.0811099,FILLED,17.6,2266.7,1719511284315,4647.46646409,L LIQ
2024-06-27 18:29:19.409,WIF,BUY,LIMIT,IOC,1673.2,2.1330492,2.1017059,FILLED,142.2,1673.2,1719512959409,3569.01792144,S LIQ
2024-06-27 21:35:25.262,WIF,BUY,LIMIT,IOC,3241.2,2.1495868,2.1156627,FILLED,199.3,3241.2,1719524125262,6967.240736159999,S LIQ
2024-06-27 22:02:19.233,WIF,SELL,LIMIT,IOC,2283.8,2.0822879,2.1124,FILLED,974.8,2283.8,1719525739233,4755.52910602,L LIQ
2024-06-28 00:38:15.268,WIF,SELL,LIMIT,IOC,2360.9,2.0479555,2.0783265,FILLED,291.4,2360.9,1719535095268,4835.018139950001,L LIQ
2024-06-28 01:16:47.153,WIF,BUY,LIMIT,IOC,1421.8,2.151778,2.1204161,FILLED,341.5,1421.8,1719537407153,3059.3979604,S LIQ
2024-06-28 01:32:10.236,WIF,BUY,LIMIT,IOC,2184.3,2.1700628,2.1384609,FILLED,203.2,2184.3,1719538330236,4740.0681740400005,S LIQ
2024-06-28 01:32:12.282,WIF,BUY,LIMIT,IOC,1413.0,2.1703833,2.1385414,FILLED,456.0,1413.0,1719538332282,3066.7516029000003,S LIQ
2024-06-28 01:39:40.138,WIF,BUY,LIMIT,IOC,5799.2,2.1839331,2.1466404,FILLED,44.6,5799.2,1719538780138,12665.06483352,S LIQ
2024-06-28 01:44:20.415,WIF,SELL,LIMIT,IOC,1712.9,2.0947855,2.1250158,FILLED,131.7,1712.9,1719539060415,3588.1580829500003,L LIQ
2024-06-28 02:05:49.145,WIF,SELL,LIMIT,IOC,2337.3,2.0732281,2.104501,FILLED,2188.6,2337.3,1719540349145,4845.756038130001,L LIQ
2024-06-28 02:07:03.142,WIF,SELL,LIMIT,IOC,2337.4,2.0639423,2.0950294,FILLED,285.6,2337.4,1719540423142,4824.25873202,L LIQ
2024-06-28 02:16:08.322,WIF,SELL,LIMIT,IOC,2401.8,2.0542008,2.0839442,FILLED,61.5,2401.8,1719540968322,4933.77948144,L LIQ
2024-06-28 02:16:14.212,WIF,SELL,LIMIT,IOC,1500.8,2.0521007,2.0815189,FILLED,128.4,1500.8,1719540974212,3079.79273056,L LIQ
2024-06-28 02:27:04.494,WIF,SELL,LIMIT,IOC,2387.7,2.0417448,2.0714465,FILLED,7.2,2387.7,1719541624494,4875.07405896,L LIQ
2024-06-28 02:28:49.315,WIF,SELL,LIMIT,IOC,3270.3,2.0299931,2.0638702,FILLED,760.2,3270.3,1719541729315,6638.68643493,L LIQ
2024-06-28 02:28:56.269,WIF,SELL,LIMIT,IOC,4486.9,2.0272555,2.062784,FILLED,54.8,4486.9,1719541736269,9096.092702949998,L LIQ
2024-06-28 05:02:13.503,WIF,SELL,LIMIT,IOC,2392.8,2.0354357,2.065176,FILLED,149.7,2392.8,1719550933503,4870.39054296,L LIQ
2024-06-28 05:13:10.104,WIF,SELL,LIMIT,IOC,8458.7,2.0217691,2.0574915,FILLED,20.0,8458.7,1719551590104,17101.53828617,L LIQ
2024-06-28 05:47:50.311,WIF,SELL,LIMIT,IOC,2403.2,2.0193063,2.0497,FILLED,53.5,2403.2,1719553670311,4852.79690016,L LIQ
2024-06-28 05:50:31.169,WIF,SELL,LIMIT,IOC,6012.8,2.0130281,2.0489776,FILLED,202.0,6012.8,1719553831169,12103.93535968,L LIQ
2024-06-28 11:45:30.162,WIF,SELL,LIMIT,IOC,2096.2,1.9996958,2.0241055,FILLED,194.6,2096.2,1719575130162,4191.762335959999,L LIQ
2024-06-28 12:06:52.171,WIF,SELL,LIMIT,IOC,2383.0,1.9898075,2.0180795,FILLED,263.3,2383.0,1719576412171,4741.7112725,L LIQ
2024-06-28 12:44:08.341,WIF,SELL,LIMIT,IOC,1692.4,1.9872761,2.0164426,FILLED,107.9,1692.4,1719578648341,3363.2660716400005,L LIQ
2024-06-28 12:44:13.527,WIF,SELL,LIMIT,IOC,2106.4,1.9860595,2.0163461,FILLED,408.1,2106.4,1719578653527,4183.435730800001,L LIQ
2024-06-28 12:51:22.317,WIF,SELL,LIMIT,IOC,2469.1,1.9849051,2.0122329,FILLED,741.2,2469.1,1719579082317,4900.92918241,L LIQ
2024-06-28 12:51:28.121,WIF,SELL,LIMIT,IOC,1631.3,1.9832445,2.0118808,FILLED,644.4,1631.3,1719579088121,3235.26675285,L LIQ
2024-06-28 13:02:31.099,WIF,SELL,LIMIT,IOC,18188.8,1.9624783,2.0003259,FILLED,217.0,18188.8,1719579751099,35695.12530304,L LIQ
2024-06-28 13:57:26.353,WIF,SELL,LIMIT,IOC,2509.1,1.9773138,2.00652,FILLED,355.1,2509.1,1719583046353,4961.27805558,L LIQ
2024-06-28 14:14:04.313,WIF,SELL,LIMIT,IOC,1594.9,1.981039,2.0097364,FILLED,276.9,1594.9,1719584044313,3159.5591011,L LIQ
2024-06-28 14:20:33.039,WIF,SELL,LIMIT,IOC,1727.5,1.976226,2.0048,FILLED,1072.9,1727.5,1719584433039,3413.9304150000003,L LIQ
2024-06-28 14:45:22.285,WIF,SELL,LIMIT,IOC,2214.3,1.966496,1.9940384,FILLED,736.4,2214.3,1719585922285,4354.4120928,L LIQ
2024-06-28 15:16:24.421,WIF,SELL,LIMIT,IOC,1760.9,1.9519258,1.9809532,FILLED,409.8,1760.9,1719587784421,3437.14614122,L LIQ
2024-06-28 15:16:55.233,WIF,SELL,LIMIT,IOC,3453.3,1.9485423,1.9804409,FILLED,55.8,3453.3,1719587815233,6728.90112459,L LIQ
2024-06-28 15:32:10.462,WIF,BUY,LIMIT,IOC,1604.7,2.0439852,2.0147608,FILLED,12.7,1604.7,1719588730462,3279.9830504399997,S LIQ
2024-06-28 15:50:20.275,WIF,BUY,LIMIT,IOC,2510.6,2.0458236,2.0157327,FILLED,59.0,2510.6,1719589820275,5136.24473016,S LIQ
2024-06-28 15:55:24.344,WIF,BUY,LIMIT,IOC,6539.2,2.0816805,2.044625,FILLED,89.5,6539.2,1719590124344,13612.5251256,S LIQ
2024-06-28 16:21:11.971,WIF,SELL,LIMIT,IOC,2105.3,1.9670116,1.9922938,FILLED,205.6,2105.3,1719591671971,4141.149521480001,L LIQ
2024-06-28 16:46:59.116,WIF,SELL,LIMIT,IOC,24906.7,1.9404238,1.9759681,FILLED,402.4,24906.7,1719593219116,48329.55345946,L LIQ
2024-06-28 16:48:50.195,WIF,SELL,LIMIT,IOC,2395.1,1.9510881,1.9814562,FILLED,122.0,2395.1,1719593330195,4673.05110831,L LIQ
2024-06-28 17:30:21.155,WIF,SELL,LIMIT,IOC,3764.8,1.9246172,1.9555088,FILLED,3179.9,3764.8,1719595821155,7245.79883456,L LIQ
2024-06-28 17:30:34.226,WIF,SELL,LIMIT,IOC,1631.5,1.9263761,1.9539776,FILLED,77.5,1631.5,1719595834226,3142.88260715,L LIQ
2024-06-28 17:49:38.080,WIF,SELL,LIMIT,IOC,20394.9,1.9031118,1.9383237,FILLED,64.7,20394.9,1719596978080,38813.77484982,L LIQ
2024-06-28 17:49:43.184,WIF,SELL,LIMIT,IOC,14304.2,1.9010515,1.9370885,FILLED,167.1,14304.2,1719596983184,27193.0208663,L LIQ
2024-06-28 17:50:31.109,WIF,SELL,LIMIT,IOC,2466.6,1.9048437,1.9317622,FILLED,278.2,2466.6,1719597031109,4698.48747042,L LIQ
2024-06-28 17:50:32.389,WIF,SELL,LIMIT,IOC,1996.1,1.9048437,1.9322005,FILLED,203.5,1996.1,1719597032389,3802.25850957,L LIQ
2024-06-28 17:50:36.195,WIF,SELL,LIMIT,IOC,1956.5,1.9025422,1.931211,FILLED,128.1,1956.5,1719597036195,3722.3238143,L LIQ
2024-06-28 17:50:37.394,WIF,SELL,LIMIT,IOC,5458.0,1.8977445,1.9312141,FILLED,94.4,5458.0,1719597037394,10357.889481,L LIQ
2024-06-28 17:50:40.096,WIF,SELL,LIMIT,IOC,1705.0,1.9020136,1.930048,FILLED,884.9,1705.0,1719597040096,3242.933188,L LIQ
2024-06-28 20:49:58.071,WIF,SELL,LIMIT,IOC,2018.6,1.8956435,1.9233462,FILLED,6.9,2018.6,1719607798071,3826.5459691,L LIQ
2024-06-28 20:53:25.454,WIF,SELL,LIMIT,IOC,2342.3,1.8891056,1.9172195,FILLED,21.0,2342.3,1719608005454,4424.85204688,L LIQ
2024-06-28 21:08:47.149,WIF,SELL,LIMIT,IOC,1941.8,1.8880257,1.915,FILLED,1434.9,1941.8,1719608927149,3666.16830426,L LIQ
2024-06-28 21:09:24.442,WIF,SELL,LIMIT,IOC,2535.6,1.8782111,1.9056688,FILLED,386.7,2535.6,1719608964442,4762.392065159999,L LIQ
2024-06-28 21:09:28.230,WIF,SELL,LIMIT,IOC,3458.7,1.8753083,1.905066,FILLED,769.7,3458.7,1719608968230,6486.128817209999,L LIQ
2024-06-28 21:09:56.272,WIF,SELL,LIMIT,IOC,2536.4,1.8713508,1.895721,FILLED,205.2,2536.4,1719608996272,4746.49416912,L LIQ
2024-06-28 21:09:57.285,WIF,SELL,LIMIT,IOC,2391.2,1.87043,1.8963722,FILLED,312.5,2391.2,1719608997285,4472.572216,L LIQ
2024-06-28 21:23:08.131,WIF,BUY,LIMIT,IOC,1963.7,1.94741,1.9205163,FILLED,321.4,1963.7,1719609788131,3824.129017,S LIQ
2024-06-28 22:57:12.071,WIF,SELL,LIMIT,IOC,2023.8,1.9222443,1.9485947,FILLED,542.9,2023.8,1719615432071,3890.23801434,L LIQ
2024-06-28 23:08:16.402,WIF,BUY,LIMIT,IOC,2040.8,2.0012187,1.9709227,FILLED,3.0,2040.8,1719616096402,4084.08712296,S LIQ
2024-06-29 00:34:05.346,WIF,BUY,LIMIT,IOC,4947.5,2.058463,2.0258911,FILLED,79.2,4947.5,1719621245346,10184.2456925,S LIQ
2024-06-29 01:11:48.355,WIF,BUY,LIMIT,IOC,3000.0,2.0730562,2.0413644,FILLED,87.0,3000.0,1719623508355,6219.1686,S LIQ
2024-06-29 01:27:29.554,WIF,BUY,LIMIT,IOC,1889.0,2.0820179,2.0546756,FILLED,20.0,1889.0,1719624449554,3932.931813099999,S LIQ
2024-06-29 01:37:26.441,WIF,BUY,LIMIT,IOC,15790.5,2.0995147,2.059997,FILLED,69.6,15790.5,1719625046441,33152.38687035,S LIQ
2024-06-29 01:42:19.157,WIF,BUY,LIMIT,IOC,3994.4,2.1096193,2.0755066,FILLED,12.0,3994.4,1719625339157,8426.66333192,S LIQ
2024-06-29 01:42:21.265,WIF,BUY,LIMIT,IOC,3389.9,2.1099182,2.0763991,FILLED,52.9,3389.9,1719625341265,7152.411706180001,S LIQ
2024-06-29 02:40:10.601,WIF,BUY,LIMIT,IOC,2432.9,2.1099544,2.0791273,FILLED,21.0,2432.9,1719628810601,5133.30805976,S LIQ
2024-06-29 03:19:04.333,WIF,BUY,LIMIT,IOC,1490.7,2.099039,2.0686742,FILLED,115.2,1490.7,1719631144333,3129.0374373,S LIQ
2024-06-29 04:37:50.487,WIF,SELL,LIMIT,IOC,1860.8,2.0375928,2.0655984,FILLED,29.2,1860.8,1719635870487,3791.55268224,L LIQ
2024-06-29 07:06:15.262,WIF,BUY,LIMIT,IOC,2094.6,2.1102708,2.0795914,FILLED,138.7,2094.6,1719644775262,4420.17321768,S LIQ
2024-06-29 07:21:01.372,WIF,BUY,LIMIT,IOC,1934.8,2.1231156,2.0923841,FILLED,213.8,1934.8,1719645661372,4107.80406288,S LIQ
2024-06-29 08:21:25.111,WIF,BUY,LIMIT,IOC,7411.0,2.1463262,2.1087876,FILLED,384.9,7411.0,1719649285111,15906.4234682,S LIQ
2024-06-29 09:05:53.161,WIF,SELL,LIMIT,IOC,1500.0,2.0566895,2.0881483,FILLED,5.0,1500.0,1719651953161,3085.03425,L LIQ
2024-06-29 09:31:07.241,WIF,SELL,LIMIT,IOC,2384.5,2.0609156,2.0919625,FILLED,74.1,2384.5,1719653467241,4914.2532482,L LIQ
2024-06-29 10:02:37.280,WIF,BUY,LIMIT,IOC,3727.3,2.1524831,2.1190763,FILLED,34.6,3727.3,1719655357280,8022.95025863,S LIQ
2024-06-29 10:02:40.322,WIF,BUY,LIMIT,IOC,2373.2,2.1500106,2.1204791,FILLED,232.8,2373.2,1719655360322,5102.40515592,S LIQ
2024-06-29 10:27:39.346,WIF,BUY,LIMIT,IOC,2142.7,2.1585086,2.1270036,FILLED,1003.0,2142.7,1719656859346,4625.03637722,S LIQ
2024-06-29 10:32:28.229,WIF,BUY,LIMIT,IOC,2433.5,2.162832,2.1307701,FILLED,1706.8,2433.5,1719657148229,5263.251671999999,S LIQ
2024-06-29 10:40:51.319,WIF,SELL,LIMIT,IOC,2352.9,2.0840826,2.1146153,FILLED,837.6,2352.9,1719657651319,4903.63794954,L LIQ
2024-06-29 11:02:57.278,WIF,SELL,LIMIT,IOC,1998.5,2.0740073,2.1044229,FILLED,37.3,1998.5,1719658977278,4144.90358905,L LIQ
2024-06-29 12:25:09.348,WIF,BUY,LIMIT,IOC,2359.4,2.1578968,2.1284612,FILLED,7.8,2359.4,1719663909348,5091.3417099200005,S LIQ
2024-06-29 13:28:20.682,WIF,BUY,LIMIT,IOC,1457.4,2.1711951,2.1396836,FILLED,125.8,1457.4,1719667700682,3164.29973874,S LIQ
2024-06-29 13:35:24.052,WIF,BUY,LIMIT,IOC,2135.0,2.1809042,2.149917,FILLED,171.0,2135.0,1719668124052,4656.230467,S LIQ
2024-06-29 14:18:00.303,WIF,SELL,LIMIT,IOC,2019.6,2.0962397,2.128481,FILLED,63.2,2019.6,1719670680303,4233.56569812,L LIQ
2024-06-29 15:10:24.629,WIF,SELL,LIMIT,IOC,2327.8,2.089842,2.121,FILLED,2327.8,2327.8,1719673824629,4864.7342076,L LIQ
2024-06-29 16:22:16.459,WIF,BUY,LIMIT,IOC,1874.8,2.1953886,2.1640142,FILLED,264.4,1874.8,1719678136459,4115.914547279999,S LIQ
2024-06-29 17:04:36.357,WIF,SELL,LIMIT,IOC,2134.4,2.1168921,2.1485032,FILLED,114.7,2134.4,1719680676357,4518.2944982399995,L LIQ
2024-06-29 17:08:50.471,WIF,SELL,LIMIT,IOC,1500.0,2.1138346,2.1449,FILLED,1214.4,1500.0,1719680930471,3170.7519,L LIQ
2024-06-29 17:28:11.076,WIF,BUY,LIMIT,IOC,2329.4,2.1880284,2.1564473,FILLED,44.2,2329.4,1719682091076,5096.79335496,S LIQ
2024-06-29 19:14:05.404,WIF,BUY,LIMIT,IOC,2324.2,2.1931286,2.1607775,FILLED,783.4,2324.2,1719688445404,5097.26949212,S LIQ
2024-06-29 19:27:03.478,WIF,SELL,LIMIT,IOC,1431.5,2.115641,2.1467375,FILLED,208.6,1431.5,1719689223478,3028.5400915,L LIQ
2024-06-29 19:27:39.501,WIF,SELL,LIMIT,IOC,1624.3,2.1105229,2.142,FILLED,959.2,1624.3,1719689259501,3428.1223464699997,L LIQ
2024-06-29 19:29:58.572,WIF,SELL,LIMIT,IOC,2000.0,2.1010489,2.1317746,FILLED,85.4,2000.0,1719689398572,4202.0978,L LIQ
2024-06-29 20:17:37.248,WIF,BUY,LIMIT,IOC,1620.4,2.166506,2.1349046,FILLED,766.7,1620.4,1719692257248,3510.6063224000004,S LIQ
2024-06-29 20:18:01.288,WIF,BUY,LIMIT,IOC,2070.9,2.1697944,2.1396205,FILLED,357.0,2070.9,1719692281288,4493.42722296,S LIQ
2024-06-29 21:09:20.398,WIF,SELL,LIMIT,IOC,2319.7,2.0837894,2.1148599,FILLED,248.3,2319.7,1719695360398,4833.76627118,L LIQ
2024-06-29 21:16:26.087,WIF,SELL,LIMIT,IOC,6607.3,2.0749091,2.1122528,FILLED,218.7,6607.3,1719695786087,13709.546896430002,L LIQ
2024-06-29 22:10:16.631,WIF,SELL,LIMIT,IOC,2327.6,2.0755076,2.1061677,FILLED,276.4,2327.6,1719699016631,4830.951489759999,L LIQ
2024-06-29 22:15:08.475,WIF,SELL,LIMIT,IOC,2000.0,2.0676595,2.0979622,FILLED,601.8,2000.0,1719699308475,4135.319,L LIQ
2024-06-29 22:21:25.065,WIF,SELL,LIMIT,IOC,4553.1,2.0558743,2.0911579,FILLED,227.4,4553.1,1719699685065,9360.601275330002,L LIQ
2024-06-29 22:21:32.405,WIF,SELL,LIMIT,IOC,3031.4,2.057649,2.0906732,FILLED,166.6,3031.4,1719699692405,6237.5571786,L LIQ
2024-06-29 22:23:34.431,WIF,SELL,LIMIT,IOC,2194.6,2.0587318,2.0872373,FILLED,63.2,2194.6,1719699814431,4518.092808279999,L LIQ
2024-06-29 22:23:35.481,WIF,SELL,LIMIT,IOC,2342.6,2.0581629,2.0880805,FILLED,21.1,2342.6,1719699815481,4821.45240954,L LIQ
2024-06-29 22:32:27.455,WIF,BUY,LIMIT,IOC,2397.6,2.1264848,2.0967411,FILLED,30.0,2397.6,1719700347455,5098.45995648,S LIQ
2024-06-30 00:15:11.340,WIF,SELL,LIMIT,IOC,2160.8,2.0544012,2.0852535,FILLED,358.5,2160.8,1719706511340,4439.15011296,L LIQ
2024-06-30 01:03:46.645,WIF,SELL,LIMIT,IOC,3127.0,2.0457128,2.0785423,FILLED,86.1,3127.0,1719709426645,6396.9439256,L LIQ
2024-06-30 01:11:30.101,WIF,SELL,LIMIT,IOC,2373.9,2.0261196,2.055,FILLED,2373.9,2373.9,1719709890101,4809.80531844,L LIQ
2024-06-30 01:47:06.445,WIF,SELL,LIMIT,IOC,2349.1,2.0152657,2.044538,FILLED,49.0,2349.1,1719712026445,4734.06065587,L LIQ
2024-06-30 02:19:57.280,WIF,SELL,LIMIT,IOC,2366.0,2.0166316,2.0456957,FILLED,120.7,2366.0,1719713997280,4771.3503656,L LIQ
2024-06-30 02:35:22.437,WIF,SELL,LIMIT,IOC,3303.8,1.9919239,2.02294,FILLED,82.5,3303.8,1719714922437,6580.91818082,L LIQ
2024-06-30 02:38:35.534,WIF,SELL,LIMIT,IOC,3501.7,1.9914525,2.024416,FILLED,12.9,3501.7,1719715115534,6973.46921925,L LIQ
2024-06-30 02:41:09.447,WIF,SELL,LIMIT,IOC,5741.5,1.9820439,2.0162315,FILLED,454.9,5741.5,1719715269447,11379.90505185,L LIQ
2024-06-30 03:14:17.218,WIF,SELL,LIMIT,IOC,11498.6,1.9709705,2.0080146,FILLED,10653.5,11498.6,1719717257218,22663.4013913,L LIQ
2024-06-30 04:21:20.463,WIF,SELL,LIMIT,IOC,7239.5,1.9533844,1.9873867,FILLED,85.5,7239.5,1719721280463,14141.5263638,L LIQ
2024-06-30 04:21:22.157,WIF,SELL,LIMIT,IOC,3892.4,1.9553192,1.9880173,FILLED,160.8,3892.4,1719721282157,7610.88445408,L LIQ
2024-06-30 04:21:44.066,WIF,SELL,LIMIT,IOC,5616.2,1.9492008,1.9845646,FILLED,46.0,5616.2,1719721304066,10947.10153296,L LIQ
2024-06-30 04:22:13.635,WIF,SELL,LIMIT,IOC,2505.0,1.9464993,1.975,FILLED,2505.0,2505.0,1719721333635,4875.980746499999,L LIQ
2024-06-30 04:22:16.053,WIF,SELL,LIMIT,IOC,2430.7,1.9442253,1.9700756,FILLED,33.0,2430.7,1719721336053,4725.82843671,L LIQ
2024-06-30 04:28:01.465,WIF,SELL,LIMIT,IOC,3990.8,1.9349293,1.9664559,FILLED,84.8,3990.8,1719721681465,7721.91585044,L LIQ
2024-06-30 04:28:50.260,WIF,SELL,LIMIT,IOC,2613.3,1.9338988,1.9622,FILLED,290.1,2613.3,1719721730260,5053.85773404,L LIQ
2024-06-30 05:00:21.500,WIF,SELL,LIMIT,IOC,2226.5,1.9288817,1.9572895,FILLED,324.6,2226.5,1719723621500,4294.65510505,L LIQ
2024-06-30 05:01:37.305,WIF,SELL,LIMIT,IOC,13887.6,1.9182287,1.9550227,FILLED,3900.5,13887.6,1719723697305,26639.59289412,L LIQ
2024-06-30 05:08:09.629,WIF,SELL,LIMIT,IOC,7027.5,1.9149781,1.9498986,FILLED,506.1,7027.5,1719724089629,13457.508597749998,L LIQ
2024-06-30 05:09:22.153,WIF,SELL,LIMIT,IOC,3188.8,1.9101346,1.9400009,FILLED,2652.9,3188.8,1719724162153,6091.03721248,L LIQ
2024-06-30 05:15:13.234,WIF,SELL,LIMIT,IOC,5327.7,1.9027774,1.9364004,FILLED,15.4,5327.7,1719724513234,10137.42715398,L LIQ
2024-06-30 05:24:42.090,WIF,SELL,LIMIT,IOC,3353.5,1.9039055,1.9337364,FILLED,246.7,3353.5,1719725082090,6384.74709425,L LIQ
2024-06-30 05:30:13.476,WIF,SELL,LIMIT,IOC,3200.0,1.8917439,1.9211335,FILLED,1041.7,3200.0,1719725413476,6053.5804800000005,L LIQ
2024-06-30 05:36:28.485,WIF,BUY,LIMIT,IOC,1786.1,1.9585994,1.9300032,FILLED,3.4,1786.1,1719725788485,3498.25438834,S LIQ
2024-06-30 06:42:34.376,WIF,BUY,LIMIT,IOC,2055.6,2.0138614,1.9841469,FILLED,437.5,2055.6,1719729754376,4139.69349384,S LIQ
2024-06-30 06:52:39.091,WIF,BUY,LIMIT,IOC,6563.0,2.0274187,1.9918629,FILLED,442.9,6563.0,1719730359091,13305.9489281,S LIQ
2024-06-30 06:55:53.144,WIF,BUY,LIMIT,IOC,2532.4,2.0325623,2.0034514,FILLED,234.4,2532.4,1719730553144,5147.26076852,S LIQ
2024-06-30 07:06:08.098,WIF,BUY,LIMIT,IOC,2458.3,2.0532097,2.0240488,FILLED,648.1,2458.3,1719731168098,5047.4054055100005,S LIQ
2024-06-30 07:06:17.342,WIF,BUY,LIMIT,IOC,9817.4,2.0661746,2.0299653,FILLED,6288.7,9817.4,1719731177342,20284.46251804,S LIQ
2024-06-30 07:06:19.388,WIF,BUY,LIMIT,IOC,2519.7,2.0594707,2.0305737,FILLED,85.4,2519.7,1719731179388,5189.248322789999,S LIQ
2024-06-30 07:15:08.558,WIF,SELL,LIMIT,IOC,1537.7,1.9896053,2.0192851,FILLED,187.3,1537.7,1719731708558,3059.41606981,L LIQ
2024-06-30 07:28:12.397,WIF,BUY,LIMIT,IOC,2490.1,2.0520311,2.0218509,FILLED,680.0,2490.1,1719732492397,5109.76264211,S LIQ
2024-06-30 08:01:25.400,WIF,BUY,LIMIT,IOC,5948.9,2.0889751,2.0533884,FILLED,704.9,5948.9,1719734485400,12427.103972389998,S LIQ
2024-06-30 08:02:13.307,WIF,BUY,LIMIT,IOC,1651.8,2.0904494,2.060865,FILLED,219.1,1651.8,1719734533307,3453.0043189199996,S LIQ
2024-06-30 08:05:34.595,WIF,BUY,LIMIT,IOC,2577.7,2.101252,2.071137,FILLED,137.0,2577.7,1719734734595,5416.3972803999995,S LIQ
2024-06-30 08:06:26.098,WIF,BUY,LIMIT,IOC,1531.0,2.1157182,2.0865674,FILLED,528.3,1531.0,1719734786098,3239.1645642,S LIQ
2024-06-30 08:06:28.187,WIF,BUY,LIMIT,IOC,4307.4,2.1213678,2.0892413,FILLED,393.2,4307.4,1719734788187,9137.579661719998,S LIQ
2024-06-30 08:11:46.203,WIF,SELL,LIMIT,IOC,2411.9,2.0319547,2.0621943,FILLED,61.1,2411.9,1719735106203,4900.87154093,L LIQ
2024-06-30 08:18:08.308,WIF,BUY,LIMIT,IOC,2203.7,2.1055255,2.074673,FILLED,333.8,2203.7,1719735488308,4639.94654435,S LIQ
2024-06-30 08:44:14.074,WIF,SELL,LIMIT,IOC,2402.5,2.0398943,2.0700451,FILLED,1758.4,2402.5,1719737054074,4900.846055749999,L LIQ
2024-06-30 09:21:10.104,WIF,SELL,LIMIT,IOC,2016.4,2.037171,2.0678607,FILLED,340.2,2016.4,1719739270104,4107.751604399999,L LIQ
2024-06-30 09:47:58.338,WIF,SELL,LIMIT,IOC,2324.9,2.0347203,2.0648849,FILLED,589.3,2324.9,1719740878338,4730.52122547,L LIQ
2024-06-30 09:50:38.343,WIF,SELL,LIMIT,IOC,2415.4,2.0290094,2.05886,FILLED,71.3,2415.4,1719741038343,4900.86930476,L LIQ
2024-06-30 09:51:08.391,WIF,SELL,LIMIT,IOC,1787.7,2.0275502,2.0569094,FILLED,309.7,1787.7,1719741068391,3624.65149254,L LIQ
2024-06-30 10:00:36.568,WIF,SELL,LIMIT,IOC,2405.8,2.0136156,2.0439117,FILLED,66.6,2405.8,1719741636568,4844.356410480001,L LIQ
2024-06-30 10:17:17.465,WIF,SELL,LIMIT,IOC,2439.6,2.011389,2.041641,FILLED,465.1,2439.6,1719742637465,4906.9846044,L LIQ
2024-06-30 10:19:19.430,WIF,SELL,LIMIT,IOC,4458.8,1.9981329,2.0327462,FILLED,49.7,4458.8,1719742759430,8909.274974520002,L LIQ
2024-06-30 10:20:25.115,WIF,SELL,LIMIT,IOC,2168.5,1.9949869,2.0245631,FILLED,101.9,2168.5,1719742825115,4326.12909265,L LIQ
2024-06-30 10:37:58.186,WIF,SELL,LIMIT,IOC,2103.1,1.9871683,2.0147828,FILLED,823.9,2103.1,1719743878186,4179.21365173,L LIQ
2024-06-30 10:45:59.134,WIF,SELL,LIMIT,IOC,3189.4,1.9600063,1.9942942,FILLED,253.8,3189.4,1719744359134,6251.244093220001,L LIQ
2024-06-30 10:46:07.105,WIF,SELL,LIMIT,IOC,2504.2,1.9617892,1.9938608,FILLED,242.0,2504.2,1719744367105,4912.712514639999,L LIQ
2024-06-30 11:50:52.096,WIF,SELL,LIMIT,IOC,2082.6,2.0005732,2.0293336,FILLED,41.9,2082.6,1719748252096,4166.393746319999,L LIQ
2024-06-30 12:35:44.324,WIF,SELL,LIMIT,IOC,1603.0,1.9735059,2.0026665,FILLED,19.7,1603.0,1719750944324,3163.5299577,L LIQ
2024-06-30 12:36:24.356,WIF,SELL,LIMIT,IOC,6979.6,1.9648228,2.0002508,FILLED,588.4,6979.6,1719750984356,13713.67721488,L LIQ
2024-06-30 12:39:36.198,WIF,SELL,LIMIT,IOC,2391.8,1.9577336,1.9857282,FILLED,710.8,2391.8,1719751176198,4682.50722448,L LIQ
2024-06-30 12:41:30.576,WIF,SELL,LIMIT,IOC,4202.2,1.951685,1.985,FILLED,4202.2,4202.2,1719751290576,8201.370707,L LIQ
2024-06-30 13:53:58.112,WIF,BUY,LIMIT,IOC,2415.2,2.0421777,2.0127295,FILLED,972.1,2415.2,1719755638112,4932.26758104,S LIQ
2024-06-30 15:33:34.434,WIF,SELL,LIMIT,IOC,1952.7,2.0077174,2.0356354,FILLED,783.0,1952.7,1719761614434,3920.4697669800007,L LIQ
2024-06-30 17:19:33.078,WIF,BUY,LIMIT,IOC,2448.2,2.0880246,2.0609088,FILLED,437.9,2448.2,1719767973078,5111.901825719999,S LIQ
2024-06-30 17:19:39.517,WIF,BUY,LIMIT,IOC,7718.2,2.121056,2.0834163,FILLED,48.4,7718.2,1719767979517,16370.734419199998,S LIQ
2024-06-30 17:27:25.294,WIF,BUY,LIMIT,IOC,1425.4,2.1333965,2.1020302,FILLED,68.8,1425.4,1719768445294,3040.9433711,S LIQ
2024-06-30 17:44:32.475,WIF,BUY,LIMIT,IOC,1631.6,2.1303532,2.099336,FILLED,348.9,1631.6,1719769472475,3475.8842811199997,S LIQ
2024-06-30 17:50:19.076,WIF,BUY,LIMIT,IOC,4891.3,2.1464483,2.109991,FILLED,4455.8,4891.3,1719769819076,10498.92256979,S LIQ
2024-06-30 17:50:25.381,WIF,BUY,LIMIT,IOC,2369.8,2.14813,2.1189032,FILLED,23.2,2369.8,1719769825381,5090.638474,S LIQ
2024-06-30 18:45:44.469,WIF,BUY,LIMIT,IOC,2048.1,2.1449977,2.1136773,FILLED,245.0,2048.1,1719773144469,4393.169789369999,S LIQ
2024-06-30 18:46:35.056,WIF,BUY,LIMIT,IOC,3000.0,2.1533589,2.1216389,FILLED,535.0,3000.0,1719773195056,6460.0767000000005,S LIQ
2024-06-30 19:25:40.145,WIF,BUY,LIMIT,IOC,1456.4,2.1415824,2.110979,FILLED,374.8,1456.4,1719775540145,3119.00060736,S LIQ
2024-06-30 20:07:12.373,WIF,BUY,LIMIT,IOC,2362.4,2.1646498,2.1340911,FILLED,103.6,2362.4,1719778032373,5113.76868752,S LIQ
2024-06-30 20:12:50.280,WIF,BUY,LIMIT,IOC,2888.4,2.1801865,2.1467464,FILLED,14.1,2888.4,1719778370280,6297.2506866,S LIQ
2024-06-30 20:21:27.360,WIF,BUY,LIMIT,IOC,1749.7,2.1855587,2.1538102,FILLED,12.1,1749.7,1719778887360,3824.07205739,S LIQ
2024-06-30 20:23:21.111,WIF,BUY,LIMIT,IOC,1682.4,2.1942269,2.1623029,FILLED,163.7,1682.4,1719779001111,3691.56733656,S LIQ
2024-06-30 20:47:19.530,WIF,SELL,LIMIT,IOC,2325.7,2.1061306,2.1375073,FILLED,37.6,2325.7,1719780439530,4898.22793642,L LIQ
2024-06-30 21:03:30.482,WIF,SELL,LIMIT,IOC,1741.0,2.0835847,2.1146226,FILLED,249.7,1741.0,1719781410482,3627.5209627,L LIQ
2024-06-30 22:20:08.547,WIF,BUY,LIMIT,IOC,1560.7,2.1364832,2.1063962,FILLED,7.6,1560.7,1719786008547,3334.4093302399997,S LIQ
2024-06-30 22:26:23.134,WIF,BUY,LIMIT,IOC,5096.4,2.1687856,2.1329245,FILLED,6.4,5096.4,1719786383134,11052.99893184,S LIQ
2024-06-30 22:26:41.228,WIF,BUY,LIMIT,IOC,2599.5,2.1636493,2.13177,FILLED,362.7,2599.5,1719786401228,5624.40635535,S LIQ
2024-06-30 22:28:58.291,WIF,BUY,LIMIT,IOC,2458.3,2.1816063,2.1492033,FILLED,1053.3,2458.3,1719786538291,5363.0427672900005,S LIQ
2024-06-30 22:28:59.397,WIF,BUY,LIMIT,IOC,2085.8,2.1811002,2.1488678,FILLED,385.0,2085.8,1719786539397,4549.3387971600005,S LIQ
2024-06-30 22:29:53.475,WIF,BUY,LIMIT,IOC,11962.5,2.1946883,2.1534591,FILLED,889.4,11962.5,1719786593475,26253.95878875,S LIQ
2024-06-30 22:30:01.644,WIF,BUY,LIMIT,IOC,3107.8,2.1895226,2.1546096,FILLED,139.1,3107.8,1719786601644,6804.598336280001,S LIQ
2024-06-30 22:31:13.243,WIF,SELL,LIMIT,IOC,2137.2,2.1203098,2.1518318,FILLED,372.6,2137.2,1719786673243,4531.526104559999,L LIQ
2024-06-30 22:35:10.170,WIF,BUY,LIMIT,IOC,1365.3,2.2004487,2.1672368,FILLED,405.9,1365.3,1719786910170,3004.2726101099997,S LIQ
2024-06-30 22:36:26.106,WIF,BUY,LIMIT,IOC,4692.1,2.2082811,2.1715614,FILLED,724.6,4692.1,1719786986106,10361.475749310002,S LIQ
2024-06-30 22:36:52.533,WIF,BUY,LIMIT,IOC,2389.6,2.206218,2.1726937,FILLED,22.8,2389.6,1719787012533,5271.978532799999,S LIQ
2024-06-30 22:37:21.070,WIF,BUY,LIMIT,IOC,2000.0,2.2155727,2.1786882,FILLED,30.8,2000.0,1719787041070,4431.1454,S LIQ
2024-06-30 22:38:11.459,WIF,BUY,LIMIT,IOC,1905.2,2.2163342,2.1839516,FILLED,45.2,1905.2,1719787091459,4222.55991784,S LIQ
2024-06-30 22:38:34.132,WIF,BUY,LIMIT,IOC,3165.4,2.2194771,2.1861995,FILLED,27.2,3165.4,1719787114132,7025.53281234,S LIQ
2024-06-30 22:39:45.541,WIF,BUY,LIMIT,IOC,7352.9,2.2319437,2.1948351,FILLED,1056.9,7352.9,1719787185541,16411.25883173,S LIQ
2024-06-30 22:47:05.507,WIF,SELL,LIMIT,IOC,2000.0,2.1554503,2.1881543,FILLED,57.9,2000.0,1719787625507,4310.9006,L LIQ
2024-07-01 00:00:26.320,WIF,SELL,LIMIT,IOC,1816.2,2.159446,2.1926055,FILLED,114.7,1816.2,1719792026320,3921.9858252,L LIQ
2024-07-01 00:57:59.103,WIF,BUY,LIMIT,IOC,4610.4,2.255436,2.2175334,FILLED,625.2,4610.4,1719795479103,10398.4621344,S LIQ
2024-07-01 00:58:31.176,WIF,BUY,LIMIT,IOC,1379.5,2.2510351,2.2178654,FILLED,88.0,1379.5,1719795511176,3105.3029204500003,S LIQ
2024-07-01 00:58:37.390,WIF,BUY,LIMIT,IOC,8404.9,2.2600925,2.2195721,FILLED,702.3,8404.9,1719795517390,18995.85145325,S LIQ
2024-07-01 01:05:05.101,WIF,BUY,LIMIT,IOC,4048.8,2.262768,2.2250292,FILLED,514.6,4048.8,1719795905101,9161.4950784,S LIQ
2024-07-01 01:05:07.371,WIF,BUY,LIMIT,IOC,3987.6,2.2637593,2.2274467,FILLED,65.0,3987.6,1719795907371,9026.96658468,S LIQ
2024-07-01 01:05:41.154,WIF,BUY,LIMIT,IOC,9521.0,2.2690527,2.2278983,FILLED,5730.1,9521.0,1719795941154,21603.6507567,S LIQ
2024-07-01 01:06:45.413,WIF,BUY,LIMIT,IOC,2971.6,2.2718613,2.2372255,FILLED,300.7,2971.6,1719796005413,6751.06303908,S LIQ
2024-07-01 01:09:34.174,WIF,BUY,LIMIT,IOC,5000.0,2.2823391,2.2448008,FILLED,1784.6,5000.0,1719796174174,11411.695500000002,S LIQ
2024-07-01 01:09:35.289,WIF,BUY,LIMIT,IOC,10657.7,2.2838009,2.2447641,FILLED,153.8,10657.7,1719796175289,24340.064851930005,S LIQ
2024-07-01 01:11:56.469,WIF,BUY,LIMIT,IOC,1454.6,2.2989199,2.2668356,FILLED,153.9,1454.6,1719796316469,3344.00888654,S LIQ
2024-07-01 01:12:18.441,WIF,BUY,LIMIT,IOC,1418.0,2.307128,2.2749524,FILLED,114.7,1418.0,1719796338441,3271.507504,S LIQ
2024-07-01 01:12:48.097,WIF,BUY,LIMIT,IOC,1518.3,2.3118096,2.2826474,FILLED,158.2,1518.3,1719796368097,3510.02051568,S LIQ
2024-07-01 01:13:00.253,WIF,BUY,LIMIT,IOC,2192.0,2.3191411,2.2868424,FILLED,113.3,2192.0,1719796380253,5083.5572912,S LIQ
2024-07-01 01:33:28.256,WIF,BUY,LIMIT,IOC,2853.6,2.2985718,2.2638777,FILLED,367.6,2853.6,1719797608256,6559.20448848,S LIQ
2024-07-01 01:47:08.118,WIF,SELL,LIMIT,IOC,1581.6,2.2300825,2.2621083,FILLED,64.3,1581.6,1719798428118,3527.098482,L LIQ
2024-07-01 02:20:07.346,WIF,SELL,LIMIT,IOC,1472.4,2.2014697,2.2347029,FILLED,95.9,1472.4,1719800407346,3241.4439862800004,L LIQ
2024-07-01 03:34:27.377,WIF,SELL,LIMIT,IOC,1944.8,2.2319332,2.2656301,FILLED,823.4,1944.8,1719804867377,4340.66368736,L LIQ
2024-07-01 03:49:16.174,WIF,BUY,LIMIT,IOC,1309.2,2.3262053,2.2922084,FILLED,66.9,1309.2,1719805756174,3045.46797876,S LIQ
2024-07-01 04:10:00.184,WIF,BUY,LIMIT,IOC,5134.0,2.3507788,2.3109029,FILLED,753.1,5134.0,1719807000184,12068.8983592,S LIQ
2024-07-01 04:11:37.520,WIF,BUY,LIMIT,IOC,2192.9,2.3479553,2.3152259,FILLED,406.2,2192.9,1719807097520,5148.831177370001,S LIQ
2024-07-01 04:13:54.087,WIF,BUY,LIMIT,IOC,3030.7,2.3593672,2.3220436,FILLED,39.9,3030.7,1719807234087,7150.53417304,S LIQ
2024-07-01 04:15:01.073,WIF,BUY,LIMIT,IOC,1295.9,2.3608227,2.3342708,FILLED,26.8,1295.9,1719807301073,3059.39013693,S LIQ
2024-07-01 04:30:29.507,WIF,BUY,LIMIT,IOC,2169.4,2.3501339,2.3182469,FILLED,422.8,2169.4,1719808229507,5098.38048266,S LIQ
2024-07-01 04:36:17.151,WIF,SELL,LIMIT,IOC,2148.2,2.2655589,2.2972406,FILLED,46.4,2148.2,1719808577151,4866.873628979999,L LIQ
2024-07-01 04:59:23.414,WIF,BUY,LIMIT,IOC,2160.4,2.3601082,2.327426,FILLED,77.0,2160.4,1719809963414,5098.77775528,S LIQ
2024-07-01 05:20:14.117,WIF,BUY,LIMIT,IOC,1428.2,2.3539041,2.3198,FILLED,903.0,1428.2,1719811214117,3361.84583562,S LIQ
2024-07-01 06:47:34.413,WIF,BUY,LIMIT,IOC,2167.0,2.3404476,2.3060981,FILLED,20.6,2167.0,1719816454413,5071.7499492,S LIQ
2024-07-01 08:20:55.573,WIF,SELL,LIMIT,IOC,1734.0,2.2570872,2.2889172,FILLED,3.3,1734.0,1719822055573,3913.7892048,L LIQ
2024-07-01 08:21:12.298,WIF,SELL,LIMIT,IOC,1830.9,2.2516019,2.2836456,FILLED,134.8,1830.9,1719822072298,4122.45791871,L LIQ
2024-07-01 08:30:14.599,WIF,SELL,LIMIT,IOC,2208.5,2.2420509,2.2743754,FILLED,330.8,2208.5,1719822614599,4951.56941265,L LIQ
2024-07-01 08:36:59.448,WIF,SELL,LIMIT,IOC,2359.2,2.231236,2.2643157,FILLED,37.1,2359.2,1719823019448,5263.9319712,L LIQ
2024-07-01 08:51:22.445,WIF,BUY,LIMIT,IOC,1656.0,2.3138269,2.2809504,FILLED,381.4,1656.0,1719823882445,3831.6973464,S LIQ
2024-07-01 09:20:09.463,WIF,SELL,LIMIT,IOC,3932.4,2.2124961,2.2491714,FILLED,10.7,3932.4,1719825609463,8700.419663640001,L LIQ
2024-07-01 11:03:17.232,WIF,SELL,LIMIT,IOC,1376.5,2.2017688,2.2351998,FILLED,164.7,1376.5,1719831797232,3030.7347532,L LIQ
2024-07-01 11:21:07.248,WIF,SELL,LIMIT,IOC,1886.7,2.1750354,2.2066043,FILLED,232.5,1886.7,1719832867248,4103.639289180001,L LIQ
2024-07-01 11:25:46.079,WIF,SELL,LIMIT,IOC,2136.1,2.1595583,2.191763,FILLED,236.1,2136.1,1719833146079,4613.03248463,L LIQ
2024-07-01 11:49:03.544,WIF,SELL,LIMIT,IOC,2419.8,2.1364288,2.169163,FILLED,66.1,2419.8,1719834543544,5169.73041024,L LIQ
2024-07-01 11:59:20.647,WIF,BUY,LIMIT,IOC,1850.0,2.2114674,2.1812466,FILLED,38.4,1850.0,1719835160647,4091.21469,S LIQ
2024-07-01 12:01:58.259,WIF,BUY,LIMIT,IOC,2260.0,2.2238723,2.1929633,FILLED,394.6,2260.0,1719835318259,5025.951398,S LIQ
2024-07-01 12:13:03.174,WIF,BUY,LIMIT,IOC,2279.5,2.2360866,2.20266,FILLED,4.4,2279.5,1719835983174,5097.159404700001,S LIQ
2024-07-01 12:58:42.371,WIF,BUY,LIMIT,IOC,33667.3,2.2799724,2.2329861,FILLED,759.9,33667.3,1719838722371,76760.51478252001,S LIQ
2024-07-01 13:01:42.573,WIF,BUY,LIMIT,IOC,1681.8,2.2743764,2.2465451,FILLED,27.2,1681.8,1719838902573,3825.04622952,S LIQ
2024-07-01 13:02:08.190,WIF,BUY,LIMIT,IOC,1580.3,2.2917935,2.2578661,FILLED,65.2,1580.3,1719838928190,3621.72126805,S LIQ
2024-07-01 13:03:40.048,WIF,BUY,LIMIT,IOC,1953.2,2.2998123,2.2670735,FILLED,221.7,1953.2,1719839020048,4491.99338436,S LIQ
2024-07-01 13:12:55.274,WIF,BUY,LIMIT,IOC,2221.4,2.2829875,2.2501781,FILLED,316.3,2221.4,1719839575274,5071.4284325,S LIQ
2024-07-01 13:19:30.506,WIF,SELL,LIMIT,IOC,1780.3,2.2031852,2.2359252,FILLED,85.7,1780.3,1719839970506,3922.33061156,L LIQ
2024-07-01 13:56:32.499,WIF,SELL,LIMIT,IOC,2217.1,2.1803811,2.211062,FILLED,148.7,2217.1,1719842192499,4834.122936809999,L LIQ
2024-07-01 14:19:35.298,WIF,BUY,LIMIT,IOC,1517.0,2.26359,2.2307737,FILLED,662.7,1517.0,1719843575298,3433.86603,S LIQ
2024-07-01 14:23:49.143,WIF,BUY,LIMIT,IOC,1829.6,2.2650338,2.2320333,FILLED,93.4,1829.6,1719843829143,4144.10584048,S LIQ
2024-07-01 14:34:12.529,WIF,BUY,LIMIT,IOC,2239.6,2.2761977,2.2429,FILLED,2239.6,2239.6,1719844452529,5097.77236892,S LIQ
2024-07-01 15:03:58.469,WIF,BUY,LIMIT,IOC,2793.0,2.30956,2.2742666,FILLED,1860.2,2793.0,1719846238469,6450.6010799999995,S LIQ
2024-07-01 15:04:07.154,WIF,BUY,LIMIT,IOC,1833.0,2.3118911,2.2778878,FILLED,52.5,1833.0,1719846247154,4237.6963863,S LIQ
2024-07-01 15:04:24.188,WIF,BUY,LIMIT,IOC,4480.7,2.3219691,2.2835511,FILLED,25.0,4480.7,1719846264188,10404.04694637,S LIQ
2024-07-01 15:09:04.302,WIF,BUY,LIMIT,IOC,2023.7,2.3150333,2.2816521,FILLED,7.8,2023.7,1719846544302,4684.93288921,S LIQ
2024-07-01 15:35:01.042,WIF,BUY,LIMIT,IOC,2202.8,2.313821,2.2794382,FILLED,154.5,2202.8,1719848101042,5096.8848988,S LIQ
2024-07-01 15:35:05.225,WIF,BUY,LIMIT,IOC,2256.8,2.31373,2.2785105,FILLED,107.6,2256.8,1719848105225,5221.625864000001,S LIQ
2024-07-01 15:36:58.449,WIF,BUY,LIMIT,IOC,1656.4,2.3001598,2.2778995,FILLED,474.7,1656.4,1719848218449,3809.98469272,S LIQ
2024-07-01 15:37:02.139,WIF,BUY,LIMIT,IOC,1535.1,2.3064191,2.2768815,FILLED,89.1,1535.1,1719848222139,3540.5839604099997,S LIQ
2024-07-01 15:37:06.442,WIF,BUY,LIMIT,IOC,1963.1,2.3085672,2.2789334,FILLED,133.2,1963.1,1719848226442,4531.94827032,S LIQ
2024-07-01 16:01:11.397,WIF,BUY,LIMIT,IOC,2212.3,2.3326026,2.2991412,FILLED,1241.7,2212.3,1719849671397,5160.416731980001,S LIQ
2024-07-01 16:01:16.069,WIF,BUY,LIMIT,IOC,2121.0,2.3331993,2.2992778,FILLED,6.7,2121.0,1719849676069,4948.7157153,S LIQ
2024-07-01 16:01:35.561,WIF,BUY,LIMIT,IOC,2315.7,2.335959,2.3030608,FILLED,1004.2,2315.7,1719849695561,5409.380256299999,S LIQ
2024-07-01 16:03:26.108,WIF,SELL,LIMIT,IOC,1743.6,2.2485789,2.2811,FILLED,1743.6,1743.6,1719849806108,3920.62217004,L LIQ
2024-07-01 17:10:00.302,WIF,SELL,LIMIT,IOC,1875.7,2.2436394,2.2771351,FILLED,126.6,1875.7,1719853800302,4208.3944225800005,L LIQ
2024-07-01 17:21:04.542,WIF,BUY,LIMIT,IOC,2187.8,2.3280131,2.296959,FILLED,73.2,2187.8,1719854464542,5093.227060180001,S LIQ
2024-07-01 17:22:58.626,WIF,BUY,LIMIT,IOC,1761.2,2.3392736,2.3035525,FILLED,487.6,1761.2,1719854578626,4119.92866432,S LIQ
2024-07-01 17:23:24.365,WIF,BUY,LIMIT,IOC,4364.8,2.3460761,2.3055545,FILLED,386.5,4364.8,1719854604365,10240.15296128,S LIQ
2024-07-01 17:23:27.185,WIF,BUY,LIMIT,IOC,1641.9,2.3405495,2.3069829,FILLED,2.9,1641.9,1719854607185,3842.94822405,S LIQ
2024-07-01 17:27:15.209,WIF,BUY,LIMIT,IOC,1818.7,2.3404884,2.3065453,FILLED,32.7,1818.7,1719854835209,4256.64625308,S LIQ
2024-07-01 17:27:46.329,WIF,BUY,LIMIT,IOC,1319.9,2.3506525,2.3160978,FILLED,162.1,1319.9,1719854866329,3102.62623475,S LIQ
2024-07-01 17:35:28.200,WIF,BUY,LIMIT,IOC,1839.2,2.3559415,2.3222177,FILLED,5.8,1839.2,1719855328200,4333.047606800001,S LIQ
2024-07-01 17:41:16.550,WIF,BUY,LIMIT,IOC,2715.8,2.3676847,2.3321088,FILLED,78.1,2715.8,1719855676550,6430.15810826,S LIQ
2024-07-01 17:41:19.498,WIF,BUY,LIMIT,IOC,1917.1,2.3673901,2.3331934,FILLED,496.0,1917.1,1719855679498,4538.52356071,S LIQ
2024-07-01 17:52:14.215,WIF,BUY,LIMIT,IOC,1944.9,2.3779456,2.3430638,FILLED,89.0,1944.9,1719856334215,4624.86639744,S LIQ
2024-07-01 17:52:18.177,WIF,BUY,LIMIT,IOC,1485.1,2.3794521,2.3445173,FILLED,322.2,1485.1,1719856338177,3533.72431371,S LIQ
2024-07-01 17:52:53.445,WIF,BUY,LIMIT,IOC,1665.8,2.3810351,2.3458,FILLED,134.3,1665.8,1719856373445,3966.32826958,S LIQ
2024-07-01 17:59:37.096,WIF,SELL,LIMIT,IOC,2158.7,2.3047142,2.3388115,FILLED,65.3,2158.7,1719856777096,4975.18654354,L LIQ
2024-07-01 18:08:44.132,WIF,SELL,LIMIT,IOC,2134.3,2.2962166,2.3309056,FILLED,222.7,2134.3,1719857324132,4900.815089380001,L LIQ
2024-07-01 18:26:20.423,WIF,SELL,LIMIT,IOC,1873.1,2.2893748,2.3246448,FILLED,101.5,1873.1,1719858380423,4288.227937879999,L LIQ
2024-07-01 18:32:09.133,WIF,SELL,LIMIT,IOC,2136.0,2.2812534,2.3154429,FILLED,667.7,2136.0,1719858729133,4872.7572624,L LIQ
2024-07-01 19:55:00.565,WIF,BUY,LIMIT,IOC,2165.5,2.3498804,2.3158111,FILLED,311.0,2165.5,1719863700565,5088.6660062,S LIQ
2024-07-01 20:09:00.137,WIF,BUY,LIMIT,IOC,1725.3,2.3517342,2.3172128,FILLED,30.3,1725.3,1719864540137,4057.44701526,S LIQ
2024-07-01 21:53:01.448,WIF,SELL,LIMIT,IOC,2172.2,2.2633361,2.2978207,FILLED,154.7,2172.2,1719870781448,4916.418676419999,L LIQ
2024-07-01 22:13:19.295,WIF,SELL,LIMIT,IOC,2167.3,2.261354,2.2944893,FILLED,38.3,2167.3,1719871999295,4901.0325242,L LIQ
2024-07-01 22:23:13.444,WIF,SELL,LIMIT,IOC,2086.0,2.2541413,2.2872305,FILLED,164.6,2086.0,1719872593444,4702.1387518,L LIQ
2024-07-01 22:30:29.532,WIF,SELL,LIMIT,IOC,5372.4,2.2315811,2.2718671,FILLED,2475.7,5372.4,1719873029532,11988.94630164,L LIQ
2024-07-01 22:37:20.123,WIF,SELL,LIMIT,IOC,6570.2,2.2110194,2.2512549,FILLED,133.0,6570.2,1719873440123,14526.83966188,L LIQ
2024-07-01 22:46:18.647,WIF,BUY,LIMIT,IOC,1829.5,2.3020958,2.2684887,FILLED,178.5,1829.5,1719873978647,4211.6842661,S LIQ
2024-07-01 23:06:40.475,WIF,BUY,LIMIT,IOC,2204.5,2.3129063,2.2795333,FILLED,285.8,2204.5,1719875200475,5098.80193835,S LIQ
2024-07-01 23:15:31.541,WIF,BUY,LIMIT,IOC,1526.1,2.3270816,2.2943962,FILLED,7.2,1526.1,1719875731541,3551.35922976,S LIQ
2024-07-01 23:22:36.545,WIF,SELL,LIMIT,IOC,2195.4,2.2323075,2.2649333,FILLED,109.6,2195.4,1719876156545,4900.8078855,L LIQ
2024-07-02 02:02:23.227,WIF,BUY,LIMIT,IOC,1406.8,2.3372876,2.3037559,FILLED,172.9,1406.8,1719885743227,3288.0961956799997,S LIQ
2024-07-02 02:11:48.481,WIF,BUY,LIMIT,IOC,1471.9,2.3562386,2.3210934,FILLED,153.4,1471.9,1719886308481,3468.1475953400004,S LIQ
2024-07-02 02:35:38.271,WIF,SELL,LIMIT,IOC,1413.5,2.2459288,2.2792858,FILLED,4.6,1413.5,1719887738271,3174.6203588000003,L LIQ
2024-07-02 02:37:06.212,WIF,SELL,LIMIT,IOC,2178.1,2.243272,2.2754659,FILLED,129.6,2178.1,1719887826212,4886.0707432,L LIQ
2024-07-02 02:42:08.604,WIF,SELL,LIMIT,IOC,2196.8,2.2356281,2.2666659,FILLED,281.0,2196.8,1719888128604,4911.22781008,L LIQ
2024-07-02 02:42:14.236,WIF,SELL,LIMIT,IOC,2152.9,2.2336911,2.266027,FILLED,16.2,2152.9,1719888134236,4808.91356919,L LIQ
2024-07-02 03:22:13.049,WIF,SELL,LIMIT,IOC,2098.2,2.2370967,2.2710219,FILLED,10.9,2098.2,1719890533049,4693.876295939999,L LIQ
2024-07-02 03:43:04.357,WIF,BUY,LIMIT,IOC,6300.0,2.3766981,2.3339832,FILLED,530.2,6300.0,1719891784357,14973.19803,S LIQ
2024-07-02 03:43:10.508,WIF,BUY,LIMIT,IOC,3527.7,2.3742531,2.3344552,FILLED,28.3,3527.7,1719891790508,8375.652660869999,S LIQ
2024-07-02 03:43:14.240,WIF,BUY,LIMIT,IOC,1944.2,2.3716796,2.3390346,FILLED,418.3,1944.2,1719891794240,4611.01947832,S LIQ
2024-07-02 06:05:45.412,WIF,SELL,LIMIT,IOC,3178.6,2.2403429,2.2745661,FILLED,53.1,3178.6,1719900345412,7121.15394194,L LIQ
2024-07-02 06:45:56.170,WIF,BUY,LIMIT,IOC,1380.5,2.3098496,2.2778219,FILLED,110.7,1380.5,1719902756170,3188.7473728000004,S LIQ
2024-07-02 06:56:44.140,WIF,SELL,LIMIT,IOC,2000.0,2.2300434,2.263523,FILLED,1395.8,2000.0,1719903404140,4460.0868,L LIQ
2024-07-02 08:06:13.457,WIF,SELL,LIMIT,IOC,1379.3,2.2117191,2.2449537,FILLED,251.0,1379.3,1719907573457,3050.62415463,L LIQ
2024-07-02 09:03:31.134,WIF,SELL,LIMIT,IOC,2131.4,2.2177016,2.2508704,FILLED,62.2,2131.4,1719911011134,4726.80919024,L LIQ
2024-07-02 13:27:43.156,WIF,SELL,LIMIT,IOC,1980.2,2.192256,2.2212411,FILLED,118.5,1980.2,1719926863156,4341.1053312,L LIQ
2024-07-02 13:34:11.124,WIF,SELL,LIMIT,IOC,1502.0,2.1784678,2.2111646,FILLED,27.8,1502.0,1719927251124,3272.0586356,L LIQ
2024-07-02 13:34:36.068,WIF,SELL,LIMIT,IOC,2156.1,2.1740061,2.2047579,FILLED,247.4,2156.1,1719927276068,4687.37455221,L LIQ
2024-07-02 14:08:34.228,WIF,SELL,LIMIT,IOC,1783.0,2.1798478,2.2125418,FILLED,67.5,1783.0,1719929314228,3886.6686274,L LIQ
2024-07-02 14:10:25.344,WIF,SELL,LIMIT,IOC,22809.2,2.1640328,2.2050017,FILLED,20924.2,22809.2,1719929425344,49359.85694176001,L LIQ
2024-07-02 14:10:32.146,WIF,SELL,LIMIT,IOC,2048.6,2.1725298,2.2033538,FILLED,114.3,2048.6,1719929432146,4450.64454828,L LIQ
2024-07-02 14:10:33.615,WIF,SELL,LIMIT,IOC,2242.4,2.1714588,2.2029008,FILLED,47.0,2242.4,1719929433615,4869.27921312,L LIQ
2024-07-02 14:15:37.565,WIF,SELL,LIMIT,IOC,4336.7,2.157178,2.1902325,FILLED,456.9,4336.7,1719929737565,9355.0338326,L LIQ
2024-07-02 14:35:50.450,WIF,SELL,LIMIT,IOC,5925.7,2.1399987,2.1786413,FILLED,692.9,5925.7,1719930950450,12680.99029659,L LIQ
2024-07-02 14:37:06.563,WIF,SELL,LIMIT,IOC,5000.0,2.1403673,2.1779783,FILLED,142.7,5000.0,1719931026563,10701.8365,L LIQ
2024-07-02 14:37:24.229,WIF,SELL,LIMIT,IOC,2518.4,2.144697,2.1775276,FILLED,101.9,2518.4,1719931044229,5401.204924799999,L LIQ
2024-07-02 14:39:20.316,WIF,SELL,LIMIT,IOC,2395.0,2.1472305,2.1804,FILLED,725.9,2395.0,1719931160316,5142.6170475,L LIQ
2024-07-02 14:46:26.562,WIF,BUY,LIMIT,IOC,1682.8,2.2253744,2.1949961,FILLED,675.6,1682.8,1719931586562,3744.86004032,S LIQ
2024-07-02 17:14:29.686,WIF,SELL,LIMIT,IOC,5916.0,2.1278887,2.1661053,FILLED,56.4,5916.0,1719940469686,12588.589549200002,L LIQ
2024-07-02 17:32:28.218,WIF,SELL,LIMIT,IOC,2401.7,2.1288179,2.1582888,FILLED,999.1,2401.7,1719941548218,5112.78195043,L LIQ
2024-07-02 18:30:22.694,WIF,SELL,LIMIT,IOC,2188.4,2.1803726,2.2118673,FILLED,26.0,2188.4,1719945022694,4771.52739784,L LIQ
2024-07-02 23:25:08.518,WIF,SELL,LIMIT,IOC,2007.3,2.1933304,2.2255227,FILLED,16.8,2007.3,1719962708518,4402.672111919999,L LIQ
2024-07-02 23:32:42.535,WIF,SELL,LIMIT,IOC,2242.4,2.1842737,2.2170942,FILLED,47.1,2242.4,1719963162535,4898.01534488,L LIQ
2024-07-02 23:35:31.492,WIF,SELL,LIMIT,IOC,1471.2,2.1793644,2.2119909,FILLED,132.8,1471.2,1719963331492,3206.28090528,L LIQ
2024-07-02 23:53:54.052,WIF,SELL,LIMIT,IOC,2014.6,2.171517,2.2031527,FILLED,615.9,2014.6,1719964434052,4374.7381482,L LIQ
2024-07-02 23:53:55.166,WIF,SELL,LIMIT,IOC,1790.6,2.1708021,2.2033669,FILLED,421.9,1790.6,1719964435166,3887.03824026,L LIQ
2024-07-03 00:30:18.106,WIF,SELL,LIMIT,IOC,1696.2,2.1581444,2.1906557,FILLED,78.1,1696.2,1719966618106,3660.64453128,L LIQ
2024-07-03 01:02:46.098,WIF,SELL,LIMIT,IOC,1435.4,2.1190115,2.1400439,FILLED,182.9,1435.4,1719968566098,3041.6291071,L LIQ
2024-07-03 01:02:47.112,WIF,SELL,LIMIT,IOC,2137.0,2.1130291,2.1421886,FILLED,508.6,2137.0,1719968567112,4515.5431867,L LIQ
2024-07-03 01:04:07.198,WIF,SELL,LIMIT,IOC,1690.9,2.1092026,2.1404281,FILLED,114.7,1690.9,1719968647198,3566.4506763400004,L LIQ
2024-07-03 01:04:14.627,WIF,SELL,LIMIT,IOC,1670.5,2.1058316,2.1393761,FILLED,133.1,1670.5,1719968654627,3517.7916878,L LIQ
2024-07-03 01:04:53.269,WIF,SELL,LIMIT,IOC,9347.8,2.0984005,2.1374,FILLED,9347.8,9347.8,1719968693269,19615.428193899996,L LIQ
2024-07-03 01:08:13.115,WIF,SELL,LIMIT,IOC,3002.3,2.0949729,2.1258203,FILLED,336.4,3002.3,1719968893115,6289.737137670001,L LIQ
2024-07-03 01:08:15.333,WIF,SELL,LIMIT,IOC,2699.3,2.0930244,2.1262318,FILLED,95.2,2699.3,1719968895333,5649.700762920001,L LIQ
2024-07-03 01:08:23.327,WIF,SELL,LIMIT,IOC,38408.9,2.0801141,2.1252739,FILLED,0.9,38408.9,1719968903327,79894.89445549,L LIQ
2024-07-03 01:22:31.477,WIF,BUY,LIMIT,IOC,2344.0,2.1820974,2.1497426,FILLED,65.1,2344.0,1719969751477,5114.8363056,S LIQ
2024-07-03 01:48:17.352,WIF,SELL,LIMIT,IOC,1853.5,2.1065183,2.1370578,FILLED,1263.8,1853.5,1719971297352,3904.431669049999,L LIQ
2024-07-03 01:48:30.381,WIF,SELL,LIMIT,IOC,8858.9,2.0961021,2.1346946,FILLED,8.3,8858.9,1719971310381,18569.15889369,L LIQ
2024-07-03 01:55:19.269,WIF,SELL,LIMIT,IOC,2327.8,2.093237,2.1272709,FILLED,71.3,2327.8,1719971719269,4872.6370885999995,L LIQ
2024-07-03 02:05:08.164,WIF,SELL,LIMIT,IOC,27000.0,2.0758202,2.1179899,FILLED,10035.5,27000.0,1719972308164,56047.145399999994,L LIQ
2024-07-03 02:12:25.266,WIF,SELL,LIMIT,IOC,5507.3,2.0765185,2.1133776,FILLED,3224.0,5507.3,1719972745266,11436.01033505,L LIQ
2024-07-03 02:40:24.159,WIF,SELL,LIMIT,IOC,1537.0,2.1022377,2.1199,FILLED,1386.1,1537.0,1719974424159,3231.1393448999997,L LIQ
2024-07-03 02:41:22.404,WIF,SELL,LIMIT,IOC,2480.3,2.0867653,2.1178653,FILLED,395.7,2480.3,1719974482404,5175.803973590001,L LIQ
2024-07-03 03:03:36.089,WIF,SELL,LIMIT,IOC,8629.2,2.0689442,2.1076456,FILLED,0.8,8629.2,1719975816089,17853.33329064,L LIQ
2024-07-03 03:07:41.121,WIF,SELL,LIMIT,IOC,2348.6,2.0713619,2.1017589,FILLED,52.2,2348.6,1719976061121,4864.80055834,L LIQ
2024-07-03 03:07:58.171,WIF,SELL,LIMIT,IOC,2165.2,2.0709065,2.1017539,FILLED,632.3,2165.2,1719976078171,4483.9267537999995,L LIQ
2024-07-03 03:08:06.118,WIF,SELL,LIMIT,IOC,2214.6,2.0722431,2.1031727,FILLED,354.6,2214.6,1719976086118,4589.18956926,L LIQ
2024-07-03 03:10:37.133,WIF,SELL,LIMIT,IOC,2566.4,2.0693093,2.1012823,FILLED,161.0,2566.4,1719976237133,5310.67538752,L LIQ
2024-07-03 03:10:41.360,WIF,SELL,LIMIT,IOC,1891.0,2.0696027,2.1010622,FILLED,43.0,1891.0,1719976241360,3913.6187057,L LIQ
2024-07-03 03:12:26.580,WIF,SELL,LIMIT,IOC,10079.0,2.0430886,2.0824623,FILLED,12.0,10079.0,1719976346580,20592.2899994,L LIQ
2024-07-03 03:13:44.043,WIF,SELL,LIMIT,IOC,9858.5,2.0291759,2.0677,FILLED,9858.5,9858.5,1719976424043,20004.63061015,L LIQ
2024-07-03 03:14:06.166,WIF,SELL,LIMIT,IOC,2370.8,2.0236826,2.0562,FILLED,2370.8,2370.8,1719976446166,4797.74670808,L LIQ
2024-07-03 03:16:26.185,WIF,SELL,LIMIT,IOC,4141.1,2.0174454,2.0503686,FILLED,34.3,4141.1,1719976586185,8354.443145940002,L LIQ
2024-07-03 03:16:33.826,WIF,SELL,LIMIT,IOC,2209.0,2.0185346,2.0462068,FILLED,41.3,2209.0,1719976593826,4458.942931400001,L LIQ
2024-07-03 03:48:09.084,WIF,SELL,LIMIT,IOC,2230.2,2.0438307,2.071663,FILLED,176.2,2230.2,1719978489084,4558.15122714,L LIQ
2024-07-03 07:05:58.698,WIF,SELL,LIMIT,IOC,4035.5,2.0030812,2.0371269,FILLED,38.3,4035.5,1719990358698,8083.4341826,L LIQ
2024-07-03 07:19:16.490,WIF,SELL,LIMIT,IOC,2429.2,2.0035644,2.033388,FILLED,138.7,2429.2,1719991156490,4867.05864048,L LIQ
2024-07-03 07:27:59.101,WIF,SELL,LIMIT,IOC,3361.6,1.9960224,2.0280116,FILLED,150.7,3361.6,1719991679101,6709.828899839999,L LIQ
2024-07-03 07:28:23.061,WIF,SELL,LIMIT,IOC,2270.6,1.9975074,2.0270742,FILLED,15.9,2270.6,1719991703061,4535.540302439999,L LIQ
2024-07-03 07:30:15.372,WIF,SELL,LIMIT,IOC,4925.0,1.989914,2.0235289,FILLED,588.4,4925.0,1719991815372,9800.32645,L LIQ
2024-07-03 08:06:52.284,WIF,SELL,LIMIT,IOC,2272.3,1.9916244,2.0217708,FILLED,562.2,2272.3,1719994012284,4525.568124120001,L LIQ
2024-07-03 08:07:06.467,WIF,SELL,LIMIT,IOC,1950.6,1.9909955,2.021,FILLED,1950.6,1950.6,1719994026467,3883.6358223,L LIQ
2024-07-03 08:09:32.499,WIF,SELL,LIMIT,IOC,5795.7,1.9786144,2.0133591,FILLED,655.1,5795.7,1719994172499,11467.45547808,L LIQ
2024-07-03 08:18:16.531,WIF,BUY,LIMIT,IOC,2164.8,2.0645136,2.0347023,FILLED,52.2,2164.8,1719994696531,4469.259041280001,S LIQ
2024-07-03 08:23:21.129,WIF,BUY,LIMIT,IOC,2461.9,2.0784261,2.0708467,FILLED,271.3,2461.9,1719995001129,5116.877215590001,S LIQ
2024-07-03 09:28:11.259,WIF,BUY,LIMIT,IOC,2445.2,2.0919715,2.0625578,FILLED,141.2,2445.2,1719998891259,5115.2887118,S LIQ
2024-07-03 10:16:37.116,WIF,SELL,LIMIT,IOC,9632.7,1.9736662,2.0092527,FILLED,4788.5,9632.7,1720001797116,19011.73440474,L LIQ
2024-07-03 10:16:39.339,WIF,SELL,LIMIT,IOC,2804.6,1.9789216,2.0081,FILLED,2804.6,2804.6,1720001799339,5550.08351936,L LIQ
2024-07-03 10:24:37.502,WIF,SELL,LIMIT,IOC,3210.9,1.956777,1.989399,FILLED,316.0,3210.9,1720002277502,6283.0152693,L LIQ
2024-07-03 10:32:23.580,WIF,SELL,LIMIT,IOC,4514.9,1.9405352,1.9734623,FILLED,609.0,4514.9,1720002743580,8761.32237448,L LIQ
2024-07-03 10:32:32.335,WIF,SELL,LIMIT,IOC,8847.0,1.9358825,1.9712277,FILLED,1201.0,8847.0,1720002752335,17126.7524775,L LIQ
2024-07-03 10:32:33.614,WIF,SELL,LIMIT,IOC,6000.0,1.9368548,1.9710416,FILLED,103.0,6000.0,1720002753614,11621.1288,L LIQ
2024-07-03 10:32:54.299,WIF,SELL,LIMIT,IOC,2708.8,1.9381105,1.9668413,FILLED,8.0,2708.8,1720002774299,5249.9537224000005,L LIQ
2024-07-03 10:33:05.447,WIF,SELL,LIMIT,IOC,3526.3,1.9354367,1.9674813,FILLED,320.5,3526.3,1720002785447,6824.93043521,L LIQ
2024-07-03 10:33:08.654,WIF,SELL,LIMIT,IOC,27166.1,1.9276555,1.9652218,FILLED,3012.6,27166.1,1720002788654,52366.88207855,L LIQ
2024-07-03 10:33:11.206,WIF,SELL,LIMIT,IOC,2387.8,1.9350994,1.9632,FILLED,606.1,2387.8,1720002791206,4620.6303473200005,L LIQ
2024-07-03 10:33:16.140,WIF,SELL,LIMIT,IOC,2430.6,1.9341733,1.9575,FILLED,2430.6,2430.6,1720002796140,4701.20162298,L LIQ
2024-07-03 10:33:47.211,WIF,SELL,LIMIT,IOC,3097.3,1.9342616,1.9644375,FILLED,256.6,3097.3,1720002827211,5990.98845368,L LIQ
2024-07-03 10:50:42.089,WIF,SELL,LIMIT,IOC,2329.9,1.9901011,2.0197678,FILLED,111.7,2329.9,1720003842089,4636.73655289,L LIQ
2024-07-03 11:00:23.416,WIF,SELL,LIMIT,IOC,1583.0,1.9791869,2.0078352,FILLED,35.3,1583.0,1720004423416,3133.0528627,L LIQ
2024-07-03 11:05:29.122,WIF,SELL,LIMIT,IOC,1817.9,1.9696871,1.9988256,FILLED,206.4,1817.9,1720004729122,3580.69417909,L LIQ
2024-07-03 11:15:57.178,WIF,SELL,LIMIT,IOC,2118.7,1.9637581,1.9922474,FILLED,3.6,2118.7,1720005357178,4160.61428647,L LIQ
2024-07-03 11:17:03.279,WIF,SELL,LIMIT,IOC,1999.0,1.9622186,1.9909099,FILLED,189.4,1999.0,1720005423279,3922.4749814,L LIQ
2024-07-03 11:24:19.144,WIF,SELL,LIMIT,IOC,2500.1,1.9598366,1.9882073,FILLED,12.2,2500.1,1720005859144,4899.78748366,L LIQ
2024-07-03 12:25:41.239,WIF,SELL,LIMIT,IOC,4732.5,1.9248063,1.9579817,FILLED,436.2,4732.5,1720009541239,9109.14581475,L LIQ
2024-07-03 12:26:42.375,WIF,SELL,LIMIT,IOC,2662.5,1.9251434,1.9537881,FILLED,106.9,2662.5,1720009602375,5125.6943025,L LIQ
2024-07-03 12:26:46.447,WIF,SELL,LIMIT,IOC,2106.3,1.9244673,1.9527313,FILLED,61.3,2106.3,1720009606447,4053.5054739900006,L LIQ
2024-07-03 12:32:39.051,WIF,SELL,LIMIT,IOC,6420.1,1.9129905,1.9455948,FILLED,201.8,6420.1,1720009959051,12281.59030905,L LIQ
2024-07-03 12:33:49.339,WIF,SELL,LIMIT,IOC,11076.4,1.9086078,1.94413,FILLED,2010.9,11076.4,1720010029339,21140.50343592,L LIQ
2024-07-03 12:34:22.251,WIF,SELL,LIMIT,IOC,2000.0,1.9150587,1.9425354,FILLED,268.3,2000.0,1720010062251,3830.1174,L LIQ
2024-07-03 12:37:06.573,WIF,SELL,LIMIT,IOC,2508.8,1.9135262,1.9422633,FILLED,413.3,2508.8,1720010226573,4800.65453056,L LIQ
2024-07-03 12:38:51.278,WIF,SELL,LIMIT,IOC,2020.3,1.9118387,1.9417028,FILLED,257.6,2020.3,1720010331278,3862.48772561,L LIQ
2024-07-03 12:39:00.232,WIF,SELL,LIMIT,IOC,6055.4,1.9061748,1.9412648,FILLED,72.2,6055.4,1720010340232,11542.65088392,L LIQ
2024-07-03 12:39:14.161,WIF,SELL,LIMIT,IOC,1769.3,1.9078466,1.9345692,FILLED,1.0,1769.3,1720010354161,3375.55298938,L LIQ
2024-07-03 12:48:19.193,WIF,SELL,LIMIT,IOC,2500.0,1.9000854,1.9273327,FILLED,89.8,2500.0,1720010899193,4750.2135,L LIQ
2024-07-03 12:50:36.378,WIF,SELL,LIMIT,IOC,7688.6,1.8843954,1.918097,FILLED,120.2,7688.6,1720011036378,14488.362472440002,L LIQ
2024-07-03 13:05:11.126,WIF,SELL,LIMIT,IOC,2170.9,1.8875807,1.9163809,FILLED,562.0,2170.9,1720011911126,4097.74894163,L LIQ
2024-07-03 13:08:21.104,WIF,BUY,LIMIT,IOC,2615.7,1.9589034,1.9307893,FILLED,377.8,2615.7,1720012101104,5123.90362338,S LIQ
2024-07-03 13:32:31.355,WIF,SELL,LIMIT,IOC,2187.2,1.9256967,1.953386,FILLED,169.6,2187.2,1720013551355,4211.88382224,L LIQ
2024-07-03 13:32:50.447,WIF,SELL,LIMIT,IOC,2548.7,1.9231257,1.9514513,FILLED,271.1,2548.7,1720013570447,4901.47047159,L LIQ
2024-07-03 13:57:31.356,WIF,BUY,LIMIT,IOC,2440.4,2.0140739,1.9848092,FILLED,57.1,2440.4,1720015051356,4915.145945560001,S LIQ
2024-07-03 14:07:06.199,WIF,BUY,LIMIT,IOC,2466.5,2.0103737,1.9831846,FILLED,426.4,2466.5,1720015626199,4958.586731050001,S LIQ
2024-07-03 14:15:06.552,WIF,BUY,LIMIT,IOC,1723.5,1.9960012,1.9658048,FILLED,84.3,1723.5,1720016106552,3440.1080682,S LIQ
2024-07-03 14:27:53.048,WIF,SELL,LIMIT,IOC,1689.1,1.9307241,1.96,FILLED,544.6,1689.1,1720016873048,3261.1860773099997,L LIQ
2024-07-03 15:03:53.125,WIF,SELL,LIMIT,IOC,1845.2,1.8906815,1.9185418,FILLED,178.0,1845.2,1720019033125,3488.6855038,L LIQ
2024-07-03 15:07:24.329,WIF,SELL,LIMIT,IOC,8317.0,1.8750019,1.9090118,FILLED,4507.7,8317.0,1720019244329,15594.3908023,L LIQ
2024-07-03 15:25:48.050,WIF,BUY,LIMIT,IOC,2559.9,1.9787809,1.9496712,FILLED,161.5,2559.9,1720020348050,5065.48122591,S LIQ
2024-07-03 15:36:28.089,WIF,SELL,LIMIT,IOC,1927.0,1.8986311,1.9272551,FILLED,120.3,1927.0,1720020988089,3658.6621297,L LIQ
2024-07-03 15:41:33.292,WIF,SELL,LIMIT,IOC,10839.1,1.8796628,1.9139591,FILLED,191.2,10839.1,1720021293292,20373.85305548,L LIQ
2024-07-03 16:02:25.350,WIF,BUY,LIMIT,IOC,1575.9,1.9550736,1.9261,FILLED,22.8,1575.9,1720022545350,3081.00048624,S LIQ
2024-07-03 17:04:57.564,WIF,SELL,LIMIT,IOC,2000.0,1.8978309,1.9268237,FILLED,204.0,2000.0,1720026297564,3795.6618,L LIQ
2024-07-03 17:46:58.275,WIF,SELL,LIMIT,IOC,2569.8,1.8867049,1.9139101,FILLED,300.6,2569.8,1720028818275,4848.45425202,L LIQ
2024-07-03 18:10:05.336,WIF,SELL,LIMIT,IOC,8554.7,1.9124893,1.9128651,FILLED,115.6,8554.7,1720030205336,16360.77221471,L LIQ
2024-07-03 18:10:10.507,WIF,SELL,LIMIT,IOC,2452.7,1.8840096,1.9120804,FILLED,473.4,2452.7,1720030210507,4620.91034592,L LIQ
2024-07-03 18:18:17.397,WIF,SELL,LIMIT,IOC,2574.4,1.8775145,1.9046024,FILLED,96.4,2574.4,1720030697397,4833.4733288,L LIQ
2024-07-03 18:19:08.276,WIF,SELL,LIMIT,IOC,2508.3,1.8721909,1.8935095,FILLED,44.4,2508.3,1720030748276,4696.016434470001,L LIQ
2024-07-03 18:47:57.261,WIF,SELL,LIMIT,IOC,5134.7,1.8503792,1.8814974,FILLED,34.0,5134.7,1720032477261,9501.142078239998,L LIQ
2024-07-03 18:48:50.149,WIF,SELL,LIMIT,IOC,4500.0,1.842305,1.8733285,FILLED,275.5,4500.0,1720032530149,8290.3725,L LIQ
2024-07-03 18:48:51.176,WIF,SELL,LIMIT,IOC,2431.7,1.8458772,1.8727479,FILLED,153.6,2431.7,1720032531176,4488.61958724,L LIQ
2024-07-03 18:48:53.496,WIF,SELL,LIMIT,IOC,18023.6,1.8373428,1.8739124,FILLED,251.8,18023.6,1720032533496,33115.531690079995,L LIQ
2024-07-03 19:05:26.130,WIF,SELL,LIMIT,IOC,4499.5,1.831415,1.8635345,FILLED,93.4,4499.5,1720033526130,8240.4517925,L LIQ
2024-07-03 19:17:33.492,WIF,SELL,LIMIT,IOC,3000.0,1.8300862,1.8591242,FILLED,31.3,3000.0,1720034253492,5490.2586,L LIQ
2024-07-03 19:17:51.683,WIF,SELL,LIMIT,IOC,2020.7,1.8301317,1.8566,FILLED,2020.7,2020.7,1720034271683,3698.14712619,L LIQ
2024-07-03 19:52:36.173,WIF,SELL,LIMIT,IOC,1666.2,1.8074288,1.8337,FILLED,409.6,1666.2,1720036356173,3011.53786656,L LIQ
2024-07-03 19:52:52.429,WIF,SELL,LIMIT,IOC,8088.1,1.7999076,1.8320392,FILLED,50.1,8088.1,1720036372429,14557.83265956,L LIQ
2024-07-03 19:52:53.495,WIF,SELL,LIMIT,IOC,8769.7,1.7994258,1.8317363,FILLED,541.0,8769.7,1720036373495,15780.424438260005,L LIQ
2024-07-03 19:53:09.568,WIF,SELL,LIMIT,IOC,2560.7,1.8074159,1.8340436,FILLED,325.3,2560.7,1720036389568,4628.2498951299995,L LIQ
2024-07-03 19:57:19.189,WIF,SELL,LIMIT,IOC,1699.2,1.8036603,1.8315,FILLED,808.4,1699.2,1720036639189,3064.77958176,L LIQ
2024-07-03 20:00:20.465,WIF,BUY,LIMIT,IOC,2044.5,1.8705071,1.8445446,FILLED,896.7,2044.5,1720036820465,3824.25176595,S LIQ
2024-07-03 20:00:25.063,WIF,BUY,LIMIT,IOC,2726.2,1.873724,1.8510051,FILLED,31.0,2726.2,1720036825063,5108.146368799999,S LIQ
2024-07-03 20:18:53.063,WIF,SELL,LIMIT,IOC,33895.1,1.8092308,1.8463742,FILLED,98.1,33895.1,1720037933063,61324.05888907999,L LIQ
2024-07-03 20:49:09.251,WIF,SELL,LIMIT,IOC,2901.2,1.7987824,1.8257167,FILLED,218.0,2901.2,1720039749251,5218.62749888,L LIQ
2024-07-03 20:49:11.130,WIF,SELL,LIMIT,IOC,3519.9,1.7971781,1.8242759,FILLED,817.1,3519.9,1720039751130,6325.88719419,L LIQ
2024-07-03 20:55:44.457,WIF,SELL,LIMIT,IOC,4957.5,1.7948418,1.8255933,FILLED,34.9,4957.5,1720040144457,8897.9282235,L LIQ
2024-07-03 20:56:23.296,WIF,SELL,LIMIT,IOC,2022.3,1.7964654,1.8225273,FILLED,1469.4,2022.3,1720040183296,3632.99197842,L LIQ
2024-07-03 20:56:25.465,WIF,SELL,LIMIT,IOC,33600.3,1.7852027,1.8208021,FILLED,306.6,33600.3,1720040185465,59983.34628081,L LIQ
2024-07-03 20:58:42.092,WIF,SELL,LIMIT,IOC,7800.7,1.7817276,1.8131537,FILLED,98.2,7800.7,1720040322092,13898.72248932,L LIQ
2024-07-03 21:11:00.329,WIF,BUY,LIMIT,IOC,2327.4,1.8681359,1.8407318,FILLED,120.3,2327.4,1720041060329,4347.89949366,S LIQ
2024-07-03 21:34:35.146,WIF,BUY,LIMIT,IOC,2022.7,1.857229,1.8309426,FILLED,524.7,2022.7,1720042475146,3756.6170983,S LIQ
2024-07-03 23:02:23.284,WIF,SELL,LIMIT,IOC,2621.7,1.7809557,1.8052107,FILLED,470.8,2621.7,1720047743284,4669.13155869,L LIQ
2024-07-03 23:03:52.345,WIF,SELL,LIMIT,IOC,13000.0,1.7671297,1.8004581,FILLED,702.8,13000.0,1720047832345,22972.6861,L LIQ
2024-07-04 00:36:08.234,WIF,BUY,LIMIT,IOC,2728.3,1.8797526,1.8521,FILLED,587.6,2728.3,1720053368234,5128.52901858,S LIQ
2024-07-04 01:06:50.181,WIF,SELL,LIMIT,IOC,2099.1,1.7958229,1.8215222,FILLED,384.9,2099.1,1720055210181,3769.61184939,L LIQ
2024-07-04 01:06:53.480,WIF,SELL,LIMIT,IOC,2183.6,1.7949952,1.820357,FILLED,409.1,2183.6,1720055213480,3919.55151872,L LIQ
2024-07-04 01:07:10.317,WIF,SELL,LIMIT,IOC,5657.4,1.7866639,1.8180209,FILLED,3585.2,5657.4,1720055230317,10107.87234786,L LIQ
2024-07-04 01:09:02.527,WIF,SELL,LIMIT,IOC,2748.3,1.7866916,1.813866,FILLED,188.1,2748.3,1720055342527,4910.36452428,L LIQ
2024-07-04 01:12:24.390,WIF,SELL,LIMIT,IOC,2628.2,1.7617489,1.7867546,FILLED,17.5,2628.2,1720055544390,4630.228458979999,L LIQ
2024-07-04 01:12:59.059,WIF,SELL,LIMIT,IOC,3867.2,1.7542036,1.7812095,FILLED,3498.9,3867.2,1720055579059,6783.85616192,L LIQ
2024-07-04 01:14:28.266,WIF,SELL,LIMIT,IOC,2000.0,1.7480796,1.7744274,FILLED,58.5,2000.0,1720055668266,3496.1592,L LIQ
2024-07-04 01:15:13.635,WIF,SELL,LIMIT,IOC,3088.0,1.7436842,1.7677883,FILLED,292.7,3088.0,1720055713635,5384.496809599999,L LIQ
2024-07-04 01:15:51.261,WIF,SELL,LIMIT,IOC,4604.9,1.7341171,1.7615141,FILLED,71.5,4604.9,1720055751261,7985.435833789999,L LIQ
2024-07-04 01:15:59.304,WIF,SELL,LIMIT,IOC,3108.8,1.7365359,1.760684,FILLED,399.7,3108.8,1720055759304,5398.54280592,L LIQ
2024-07-04 01:19:41.173,WIF,SELL,LIMIT,IOC,1933.7,1.7460557,1.7693336,FILLED,161.1,1933.7,1720055981173,3376.3479070900003,L LIQ
2024-07-04 01:30:22.144,WIF,SELL,LIMIT,IOC,2146.0,1.7365726,1.7623034,FILLED,483.1,2146.0,1720056622144,3726.6847996,L LIQ
2024-07-04 01:34:41.398,WIF,SELL,LIMIT,IOC,1796.6,1.7146401,1.7396619,FILLED,539.1,1796.6,1720056881398,3080.52240366,L LIQ
2024-07-04 01:34:47.739,WIF,SELL,LIMIT,IOC,14863.9,1.7069193,1.7353498,FILLED,912.3,14863.9,1720056887739,25371.47778327,L LIQ
2024-07-04 01:34:49.745,WIF,SELL,LIMIT,IOC,1992.7,1.7120691,1.7301316,FILLED,1664.8,1992.7,1720056889745,3411.64009557,L LIQ
2024-07-04 01:34:54.709,WIF,SELL,LIMIT,IOC,5810.8,1.7020682,1.7238306,FILLED,96.9,5810.8,1720056894709,9890.37789656,L LIQ
2024-07-04 01:34:56.828,WIF,SELL,LIMIT,IOC,2228.5,1.7053002,1.72718,FILLED,85.2,2228.5,1720056896828,3800.2614957,L LIQ
2024-07-04 01:42:06.341,WIF,SELL,LIMIT,IOC,2567.0,1.704315,1.728943,FILLED,173.2,2567.0,1720057326341,4374.976605,L LIQ
2024-07-04 01:43:37.346,WIF,SELL,LIMIT,IOC,5556.7,1.6931363,1.7191143,FILLED,933.1,5556.7,1720057417346,9408.25047821,L LIQ
2024-07-04 01:43:41.385,WIF,SELL,LIMIT,IOC,2000.0,1.6954985,1.7208243,FILLED,96.5,2000.0,1720057421385,3390.997,L LIQ
2024-07-04 01:43:44.101,WIF,SELL,LIMIT,IOC,5345.8,1.6898846,1.7200093,FILLED,4786.8,5345.8,1720057424101,9033.78509468,L LIQ
2024-07-04 01:49:31.410,WIF,BUY,LIMIT,IOC,2867.9,1.7773074,1.7519212,FILLED,217.2,2867.9,1720057771410,5097.13989246,S LIQ
2024-07-04 01:55:05.421,WIF,BUY,LIMIT,IOC,2272.7,1.7969514,1.7707272,FILLED,239.9,2272.7,1720058105421,4083.931446779999,S LIQ
2024-07-04 01:56:23.201,WIF,SELL,LIMIT,IOC,2800.0,1.7382445,1.761062,FILLED,28.5,2800.0,1720058183201,4867.0846,L LIQ
2024-07-04 01:57:54.270,WIF,BUY,LIMIT,IOC,2452.2,1.8042789,1.7815938,FILLED,842.4,2452.2,1720058274270,4424.45271858,S LIQ
2024-07-04 01:58:10.642,WIF,BUY,LIMIT,IOC,1675.3,1.8152337,1.79306,FILLED,186.1,1675.3,1720058290642,3041.06101761,S LIQ
2024-07-04 02:00:32.417,WIF,SELL,LIMIT,IOC,2192.7,1.7421952,1.7658588,FILLED,163.2,2192.7,1720058432417,3820.11141504,L LIQ
2024-07-04 02:00:51.491,WIF,SELL,LIMIT,IOC,2820.7,1.7463508,1.7619046,FILLED,304.6,2820.7,1720058451491,4925.93170156,L LIQ
2024-07-04 02:01:02.925,WIF,SELL,LIMIT,IOC,2480.8,1.7255012,1.7543161,FILLED,2080.4,2480.8,1720058462925,4280.62337696,L LIQ
2024-07-04 02:02:45.491,WIF,BUY,LIMIT,IOC,1976.1,1.8271365,1.8051177,FILLED,385.5,1976.1,1720058565491,3610.60443765,S LIQ
2024-07-04 02:43:01.369,WIF,BUY,LIMIT,IOC,2519.0,1.855411,1.8265318,FILLED,466.8,2519.0,1720060981369,4673.780309,S LIQ
2024-07-04 03:29:12.561,WIF,BUY,LIMIT,IOC,2792.3,1.8260847,1.8024548,FILLED,168.4,2792.3,1720063752561,5098.97630781,S LIQ
2024-07-04 04:11:58.334,WIF,BUY,LIMIT,IOC,2844.8,1.874289,1.8463964,FILLED,1056.3,2844.8,1720066318334,5331.977347200001,S LIQ
2024-07-04 04:18:17.527,WIF,BUY,LIMIT,IOC,2465.1,1.8833547,1.8563781,FILLED,11.8,2465.1,1720066697527,4642.657670969999,S LIQ
2024-07-04 04:21:02.539,WIF,SELL,LIMIT,IOC,1954.5,1.8128379,1.8384948,FILLED,60.2,1954.5,1720066862539,3543.1916755499997,L LIQ
2024-07-04 05:12:20.329,WIF,SELL,LIMIT,IOC,2732.2,1.7938345,1.8203251,FILLED,17.9,2732.2,1720069940329,4901.1146209,L LIQ
2024-07-04 06:15:49.735,WIF,SELL,LIMIT,IOC,6507.5,1.7719597,1.8035671,FILLED,113.4,6507.5,1720073749735,11531.02774775,L LIQ
2024-07-04 06:18:38.363,WIF,SELL,LIMIT,IOC,1902.5,1.7717188,1.7976369,FILLED,39.5,1902.5,1720073918363,3370.695017,L LIQ
2024-07-04 06:23:43.417,WIF,SELL,LIMIT,IOC,20936.6,1.7550957,1.7885675,FILLED,839.2,20936.6,1720074223417,36745.73663262,L LIQ
2024-07-04 06:29:46.424,WIF,SELL,LIMIT,IOC,2773.5,1.7668531,1.7909589,FILLED,376.7,2773.5,1720074586424,4900.36707285,L LIQ
2024-07-04 06:33:43.556,WIF,BUY,LIMIT,IOC,2238.6,1.8315663,1.8065529,FILLED,153.4,2238.6,1720074823556,4100.14431918,S LIQ
2024-07-04 08:30:48.149,WIF,SELL,LIMIT,IOC,2793.6,1.7473052,1.7716887,FILLED,349.7,2793.6,1720081848149,4881.271806719999,L LIQ
2024-07-04 08:39:05.263,WIF,SELL,LIMIT,IOC,2782.5,1.7438947,1.7665314,FILLED,59.0,2782.5,1720082345263,4852.38700275,L LIQ
2024-07-04 08:39:06.397,WIF,SELL,LIMIT,IOC,2236.5,1.7412812,1.7663141,FILLED,155.4,2236.5,1720082346397,3894.3754038,L LIQ
2024-07-04 09:08:20.262,WIF,SELL,LIMIT,IOC,2732.0,1.7412831,1.7679215,FILLED,147.1,2732.0,1720084100262,4757.1854292,L LIQ
2024-07-04 09:48:58.351,WIF,BUY,LIMIT,IOC,2694.0,1.8558679,1.832098,FILLED,457.2,2694.0,1720086538351,4999.7081226,S LIQ
2024-07-04 10:04:57.268,WIF,SELL,LIMIT,IOC,2193.3,1.7810711,1.8070734,FILLED,116.2,2193.3,1720087497268,3906.42324363,L LIQ
2024-07-04 10:18:34.270,WIF,SELL,LIMIT,IOC,3699.6,1.7547835,1.783473,FILLED,71.2,3699.6,1720088314270,6491.9970366,L LIQ
2024-07-04 10:41:16.085,WIF,BUY,LIMIT,IOC,1972.2,1.8171995,1.7911796,FILLED,219.3,1972.2,1720089676085,3583.8808539,S LIQ
2024-07-04 12:45:49.115,WIF,SELL,LIMIT,IOC,2792.9,1.7529502,1.7782964,FILLED,26.5,2792.9,1720097149115,4895.81461358,L LIQ
2024-07-04 12:53:30.094,WIF,SELL,LIMIT,IOC,2597.9,1.7440728,1.7709007,FILLED,497.4,2597.9,1720097610094,4530.926727120001,L LIQ
2024-07-04 12:53:38.183,WIF,SELL,LIMIT,IOC,2808.8,1.7434161,1.767403,FILLED,541.4,2808.8,1720097618183,4896.90714168,L LIQ
2024-07-04 13:00:36.598,WIF,SELL,LIMIT,IOC,2769.7,1.7535512,1.7735636,FILLED,193.6,2769.7,1720098036598,4856.810758639999,L LIQ
2024-07-04 13:07:19.558,WIF,SELL,LIMIT,IOC,1749.2,1.7411061,1.7681745,FILLED,68.1,1749.2,1720098439558,3045.54279012,L LIQ
2024-07-04 13:07:37.531,WIF,SELL,LIMIT,IOC,2814.0,1.7390419,1.7651859,FILLED,232.1,2814.0,1720098457531,4893.6639066,L LIQ
2024-07-04 13:20:27.182,WIF,SELL,LIMIT,IOC,3712.9,1.7440299,1.7726771,FILLED,34.0,3712.9,1720099227182,6475.40861571,L LIQ
2024-07-04 13:47:49.389,WIF,BUY,LIMIT,IOC,1770.8,1.7992448,1.7724155,FILLED,102.2,1770.8,1720100869389,3186.1026918400003,S LIQ
2024-07-04 15:25:29.360,WIF,BUY,LIMIT,IOC,2048.4,1.8075554,1.7816479,FILLED,23.8,2048.4,1720106729360,3702.59648136,S LIQ
2024-07-04 15:28:49.470,WIF,BUY,LIMIT,IOC,2818.8,1.8168982,1.7903584,FILLED,51.5,2818.8,1720106929470,5121.47264616,S LIQ
2024-07-04 15:32:14.094,WIF,BUY,LIMIT,IOC,2796.1,1.8236051,1.7968232,FILLED,101.4,2796.1,1720107134094,5098.98222011,S LIQ
2024-07-04 15:52:27.128,WIF,BUY,LIMIT,IOC,5581.5,1.8654946,1.8334024,FILLED,2967.5,5581.5,1720108347128,10412.2581099,S LIQ
2024-07-04 15:53:50.342,WIF,BUY,LIMIT,IOC,2722.8,1.85977,1.8330709,FILLED,112.4,2722.8,1720108430342,5063.781756,S LIQ
2024-07-04 15:54:07.393,WIF,BUY,LIMIT,IOC,2380.8,1.8535582,1.8345769,FILLED,156.1,2380.8,1720108447393,4412.95136256,S LIQ
2024-07-04 16:00:19.213,WIF,SELL,LIMIT,IOC,1696.3,1.7975202,1.8221353,FILLED,343.6,1696.3,1720108819213,3049.13351526,L LIQ
2024-07-04 16:00:28.535,WIF,SELL,LIMIT,IOC,2729.7,1.7955239,1.820024,FILLED,257.8,2729.7,1720108828535,4901.24158983,L LIQ
2024-07-04 16:06:33.428,WIF,BUY,LIMIT,IOC,2734.1,1.8643615,1.8374171,FILLED,312.1,2734.1,1720109193428,5097.35077715,S LIQ
2024-07-04 16:07:10.506,WIF,BUY,LIMIT,IOC,5282.0,1.8745614,1.8427797,FILLED,190.6,5282.0,1720109230506,9901.4333148,S LIQ
2024-07-04 16:14:33.159,WIF,SELL,LIMIT,IOC,2264.0,1.7910912,1.8166436,FILLED,80.7,2264.0,1720109673159,4055.0304768,L LIQ
2024-07-04 17:01:02.277,WIF,BUY,LIMIT,IOC,2726.1,1.8688729,1.842429,FILLED,21.5,2726.1,1720112462277,5094.73441269,S LIQ
2024-07-04 17:22:44.126,WIF,BUY,LIMIT,IOC,2420.6,1.8766984,1.848789,FILLED,158.8,2420.6,1720113764126,4542.73614704,S LIQ
2024-07-04 17:53:54.556,WIF,BUY,LIMIT,IOC,2156.1,1.8746603,1.8468656,FILLED,660.8,2156.1,1720115634556,4041.95507283,S LIQ
2024-07-04 17:57:15.272,WIF,BUY,LIMIT,IOC,2124.8,1.8789385,1.851209,FILLED,558.5,2124.8,1720115835272,3992.3685248000006,S LIQ
2024-07-04 18:05:26.532,WIF,SELL,LIMIT,IOC,2813.7,1.8211929,1.8389086,FILLED,190.3,2813.7,1720116326532,5124.2904627299995,L LIQ
2024-07-04 18:09:48.147,WIF,SELL,LIMIT,IOC,2111.6,1.8111239,1.8237961,FILLED,24.1,2111.6,1720116588147,3824.3692272399994,L LIQ
2024-07-04 19:09:49.380,WIF,BUY,LIMIT,IOC,2719.0,1.8870636,1.8584337,FILLED,70.9,2719.0,1720120189380,5130.9259284,S LIQ
2024-07-04 19:10:57.500,WIF,BUY,LIMIT,IOC,5318.2,1.8957904,1.8626715,FILLED,37.6,5318.2,1720120257500,10082.19250528,S LIQ
2024-07-04 19:11:30.577,WIF,BUY,LIMIT,IOC,2289.4,1.8949617,1.8671,FILLED,1682.7,2289.4,1720120290577,4338.325315980001,S LIQ
2024-07-04 19:16:27.128,WIF,SELL,LIMIT,IOC,2672.7,1.8332095,1.8591859,FILLED,59.1,2672.7,1720120587128,4899.619030649999,L LIQ
2024-07-04 19:21:20.357,WIF,BUY,LIMIT,IOC,10394.3,1.9166382,1.8814897,FILLED,12.1,10394.3,1720120880357,19922.112442259997,S LIQ
2024-07-04 19:21:50.058,WIF,BUY,LIMIT,IOC,1856.0,1.9139855,1.8853082,FILLED,69.9,1856.0,1720120910058,3552.3570879999997,S LIQ
2024-07-04 19:22:01.233,WIF,BUY,LIMIT,IOC,5365.7,1.9203488,1.8878109,FILLED,67.5,5365.7,1720120921233,10304.01555616,S LIQ
2024-07-04 19:31:53.239,WIF,BUY,LIMIT,IOC,2328.6,1.9183486,1.8895609,FILLED,442.7,2328.6,1720121513239,4467.06654996,S LIQ
2024-07-04 19:51:02.104,WIF,SELL,LIMIT,IOC,2685.5,1.8296906,1.8553412,FILLED,198.2,2685.5,1720122662104,4913.6341063,L LIQ
2024-07-04 19:54:58.575,WIF,SELL,LIMIT,IOC,2231.5,1.8244902,1.8501457,FILLED,1263.9,2231.5,1720122898575,4071.3498813,L LIQ
2024-07-04 20:22:34.423,WIF,SELL,LIMIT,IOC,1679.7,1.8209977,1.8473583,FILLED,682.2,1679.7,1720124554423,3058.72983669,L LIQ
2024-07-04 22:09:42.374,WIF,SELL,LIMIT,IOC,2674.6,1.8215143,1.8464089,FILLED,150.9,2674.6,1720130982374,4871.82214678,L LIQ
2024-07-04 22:34:14.223,WIF,SELL,LIMIT,IOC,1808.9,1.8000829,1.8271213,FILLED,125.5,1808.9,1720132454223,3256.16995781,L LIQ
2024-07-04 22:34:20.494,WIF,SELL,LIMIT,IOC,2705.3,1.7988184,1.8253494,FILLED,376.0,2705.3,1720132460494,4866.34341752,L LIQ
2024-07-04 22:37:19.431,WIF,SELL,LIMIT,IOC,2642.0,1.794683,1.8209406,FILLED,16.2,2642.0,1720132639431,4741.5524860000005,L LIQ
2024-07-04 22:38:28.130,WIF,SELL,LIMIT,IOC,2567.2,1.7896812,1.8165661,FILLED,377.6,2567.2,1720132708130,4594.46957664,L LIQ
2024-07-04 22:45:38.202,WIF,SELL,LIMIT,IOC,4525.3,1.7780468,1.8071535,FILLED,84.5,4525.3,1720133138202,8046.195184040001,L LIQ
2024-07-04 22:45:50.189,WIF,SELL,LIMIT,IOC,2199.1,1.7808432,1.8072685,FILLED,137.5,2199.1,1720133150189,3916.25228112,L LIQ
2024-07-04 22:45:52.249,WIF,SELL,LIMIT,IOC,5711.9,1.7758671,1.8060022,FILLED,475.1,5711.9,1720133152249,10143.57528849,L LIQ
2024-07-04 22:48:20.553,WIF,SELL,LIMIT,IOC,2641.5,1.7789905,1.8088171,FILLED,1664.3,2641.5,1720133300553,4699.20340575,L LIQ
2024-07-04 23:01:39.406,WIF,SELL,LIMIT,IOC,2816.9,1.779256,1.7955,FILLED,2816.9,2816.9,1720134099406,5011.9862264,L LIQ
2024-07-04 23:02:51.335,WIF,SELL,LIMIT,IOC,3966.4,1.763198,1.794875,FILLED,116.9,3966.4,1720134171335,6993.5485472,L LIQ
2024-07-04 23:06:52.191,WIF,SELL,LIMIT,IOC,4585.3,1.7564764,1.7843728,FILLED,572.0,4585.3,1720134412191,8053.97123692,L LIQ
2024-07-04 23:06:54.212,WIF,SELL,LIMIT,IOC,3229.4,1.7582641,1.7845114,FILLED,574.2,3229.4,1720134414212,5678.138084540001,L LIQ
2024-07-04 23:07:01.603,WIF,SELL,LIMIT,IOC,3309.6,1.7605845,1.7852325,FILLED,62.9,3309.6,1720134421603,5826.8304612,L LIQ
2024-07-04 23:11:01.290,WIF,SELL,LIMIT,IOC,1767.4,1.7505604,1.7777511,FILLED,185.0,1767.4,1720134661290,3093.94045096,L LIQ
2024-07-04 23:14:07.091,WIF,BUY,LIMIT,IOC,1794.3,1.8172781,1.7903613,FILLED,234.1,1794.3,1720134847091,3260.74209483,S LIQ
2024-07-04 23:17:53.376,WIF,SELL,LIMIT,IOC,2120.8,1.7443366,1.7703596,FILLED,418.6,2120.8,1720135073376,3699.389061280001,L LIQ
2024-07-04 23:18:11.212,WIF,SELL,LIMIT,IOC,2436.3,1.7428157,1.7675669,FILLED,970.7,2436.3,1720135091212,4246.02188991,L LIQ
2024-07-04 23:18:17.123,WIF,SELL,LIMIT,IOC,2295.5,1.7401035,1.7657752,FILLED,361.2,2295.5,1720135097123,3994.40758425,L LIQ
2024-07-04 23:22:39.222,WIF,SELL,LIMIT,IOC,5577.8,1.7326073,1.7624098,FILLED,920.3,5577.8,1720135359222,9664.13699794,L LIQ
2024-07-04 23:22:45.169,WIF,SELL,LIMIT,IOC,1841.5,1.7359779,1.7615416,FILLED,251.5,1841.5,1720135365169,3196.80330285,L LIQ
2024-07-04 23:26:56.319,WIF,SELL,LIMIT,IOC,2561.4,1.743584,1.7682083,FILLED,332.7,2561.4,1720135616319,4466.0160576,L LIQ
2024-07-04 23:34:01.626,WIF,SELL,LIMIT,IOC,3507.9,1.7302878,1.7565204,FILLED,454.5,3507.9,1720136041626,6069.6765736199995,L LIQ
2024-07-04 23:34:03.621,WIF,SELL,LIMIT,IOC,18619.5,1.73209,1.756096,FILLED,563.5,18619.5,1720136043621,32250.649755,L LIQ
2024-07-04 23:34:07.336,WIF,SELL,LIMIT,IOC,2351.9,1.7302085,1.7562149,FILLED,572.1,2351.9,1720136047336,4069.27737115,L LIQ
2024-07-04 23:34:29.140,WIF,SELL,LIMIT,IOC,2718.1,1.7228142,1.7434802,FILLED,549.3,2718.1,1720136069140,4682.78127702,L LIQ
2024-07-04 23:34:36.063,WIF,SELL,LIMIT,IOC,3219.1,1.718354,1.7437729,FILLED,97.5,3219.1,1720136076063,5531.5533614,L LIQ
2024-07-04 23:36:40.412,WIF,SELL,LIMIT,IOC,2975.9,1.7081562,1.7350638,FILLED,27.5,2975.9,1720136200412,5083.30203558,L LIQ
2024-07-04 23:37:38.545,WIF,SELL,LIMIT,IOC,2447.4,1.7060076,1.7290173,FILLED,83.7,2447.4,1720136258545,4175.28300024,L LIQ
2024-07-04 23:40:40.547,WIF,SELL,LIMIT,IOC,4193.7,1.6998401,1.7261814,FILLED,75.6,4193.7,1720136440547,7128.61942737,L LIQ
2024-07-04 23:41:24.445,WIF,SELL,LIMIT,IOC,1897.8,1.6937215,1.7157916,FILLED,25.5,1897.8,1720136484445,3214.3446627000003,L LIQ
2024-07-04 23:41:25.535,WIF,SELL,LIMIT,IOC,2597.9,1.693068,1.715,FILLED,1213.6,2597.9,1720136485535,4398.4213572,L LIQ
2024-07-04 23:41:26.548,WIF,SELL,LIMIT,IOC,4665.9,1.6937827,1.715,FILLED,4665.9,4665.9,1720136486548,7903.02069993,L LIQ
2024-07-04 23:41:30.290,WIF,SELL,LIMIT,IOC,4347.6,1.6872425,1.7143359,FILLED,666.7,4347.6,1720136490290,7335.455493,L LIQ
2024-07-04 23:54:45.089,WIF,SELL,LIMIT,IOC,2717.5,1.6937548,1.7185656,FILLED,333.5,2717.5,1720137285089,4602.778669,L LIQ
2024-07-05 00:02:44.301,WIF,SELL,LIMIT,IOC,5316.5,1.6838514,1.7123027,FILLED,98.2,5316.5,1720137764301,8952.1959681,L LIQ
2024-07-05 00:03:23.568,WIF,SELL,LIMIT,IOC,1878.9,1.6841744,1.7023005,FILLED,37.9,1878.9,1720137803568,3164.3952801600003,L LIQ
2024-07-05 00:03:30.195,WIF,SELL,LIMIT,IOC,2219.3,1.6793798,1.7051911,FILLED,62.4,2219.3,1720137810195,3727.047590140001,L LIQ
2024-07-05 00:03:33.312,WIF,SELL,LIMIT,IOC,2092.5,1.6787549,1.6970047,FILLED,229.2,2092.5,1720137813312,3512.7946282499997,L LIQ
2024-07-05 00:03:42.616,WIF,SELL,LIMIT,IOC,2741.6,1.6639828,1.6930176,FILLED,32.4,2741.6,1720137822616,4561.97524448,L LIQ
2024-07-05 00:04:18.206,WIF,SELL,LIMIT,IOC,3408.7,1.6611838,1.6849,FILLED,3408.7,3408.7,1720137858206,5662.47721906,L LIQ
2024-07-05 00:11:59.183,WIF,SELL,LIMIT,IOC,2412.6,1.6568617,1.6801801,FILLED,29.7,2412.6,1720138319183,3997.34453742,L LIQ
2024-07-05 00:25:55.247,WIF,SELL,LIMIT,IOC,1889.3,1.6654,1.6873375,FILLED,55.3,1889.3,1720139155247,3146.44022,L LIQ
2024-07-05 00:28:50.109,WIF,SELL,LIMIT,IOC,6000.0,1.6419867,1.6701939,FILLED,4371.5,6000.0,1720139330109,9851.9202,L LIQ
2024-07-05 00:36:20.167,WIF,SELL,LIMIT,IOC,3207.0,1.6271331,1.6477919,FILLED,1339.4,3207.0,1720139780167,5218.2158517,L LIQ
2024-07-05 00:36:41.401,WIF,SELL,LIMIT,IOC,3000.0,1.6223633,1.6418,FILLED,3000.0,3000.0,1720139801401,4867.0899,L LIQ
2024-07-05 00:36:43.843,WIF,SELL,LIMIT,IOC,19030.3,1.6131781,1.6425041,FILLED,1072.4,19030.3,1720139803843,30699.26319643,L LIQ
2024-07-05 00:37:01.274,WIF,SELL,LIMIT,IOC,2623.8,1.6164201,1.6365137,FILLED,156.5,2623.8,1720139821274,4241.163058380001,L LIQ
2024-07-05 00:37:29.312,WIF,SELL,LIMIT,IOC,5061.7,1.5992031,1.6220815,FILLED,1266.0,5061.7,1720139849312,8094.68633127,L LIQ
2024-07-05 00:37:57.270,WIF,SELL,LIMIT,IOC,1925.7,1.5806337,1.6001302,FILLED,388.7,1925.7,1720139877270,3043.82631609,L LIQ
2024-07-05 00:38:28.271,WIF,SELL,LIMIT,IOC,5774.8,1.5726175,1.5939276,FILLED,83.9,5774.8,1720139908271,9081.551539,L LIQ
2024-07-05 00:38:29.297,WIF,SELL,LIMIT,IOC,3450.1,1.5751247,1.5920089,FILLED,127.4,3450.1,1720139909297,5434.33772747,L LIQ
2024-07-05 00:39:29.265,WIF,BUY,LIMIT,IOC,4366.9,1.6521153,1.6265886,FILLED,198.9,4366.9,1720139969265,7214.62230357,S LIQ
2024-07-05 01:21:25.052,WIF,SELL,LIMIT,IOC,3048.7,1.5888098,1.6101678,FILLED,74.0,3048.7,1720142485052,4843.80443726,L LIQ
2024-07-05 01:52:03.310,WIF,BUY,LIMIT,IOC,1847.9,1.6553218,1.6324191,FILLED,50.0,1847.9,1720144323310,3058.8691542200004,S LIQ
2024-07-05 02:17:32.488,WIF,SELL,LIMIT,IOC,7643.0,1.5493678,1.5764565,FILLED,46.2,7643.0,1720145852488,11841.8180954,L LIQ
2024-07-05 02:18:09.466,WIF,SELL,LIMIT,IOC,2688.7,1.5518896,1.574955,FILLED,120.4,2688.7,1720145889466,4172.56556752,L LIQ
2024-07-05 02:18:20.466,WIF,SELL,LIMIT,IOC,3500.0,1.5498167,1.5735,FILLED,3500.0,3500.0,1720145900466,5424.35845,L LIQ
2024-07-05 02:27:55.316,WIF,SELL,LIMIT,IOC,2317.0,1.5392143,1.5612683,FILLED,45.3,2317.0,1720146475316,3566.3595331,L LIQ
2024-07-05 02:31:01.211,WIF,BUY,LIMIT,IOC,3099.8,1.6157405,1.5947606,FILLED,1268.9,3099.8,1720146661211,5008.4724019000005,S LIQ
2024-07-05 02:32:24.505,WIF,BUY,LIMIT,IOC,2539.5,1.6258909,1.6015825,FILLED,24.2,2539.5,1720146744505,4128.94994055,S LIQ
2024-07-05 02:47:06.274,WIF,SELL,LIMIT,IOC,6974.3,1.5712229,1.5712229,FILLED,6974.3,6974.3,1720147626274,10958.17987147,L LIQ
2024-07-05 02:52:00.214,WIF,SELL,LIMIT,IOC,2574.9,1.5325094,1.5542216,FILLED,596.7,2574.9,1720147920214,3946.05845406,L LIQ
2024-07-05 02:57:23.078,WIF,SELL,LIMIT,IOC,4126.7,1.5391214,1.5602936,FILLED,369.3,4126.7,1720148243078,6351.492281379999,L LIQ
2024-07-05 02:57:50.397,WIF,SELL,LIMIT,IOC,13160.0,1.5166869,1.5444038,FILLED,12657.5,13160.0,1720148270397,19959.599604,L LIQ
2024-07-05 02:58:33.736,WIF,SELL,LIMIT,IOC,20012.6,1.4974007,1.5140671,FILLED,520.3,20012.6,1720148313736,29966.88124882,L LIQ
2024-07-05 02:59:12.518,WIF,SELL,LIMIT,IOC,2237.8,1.503943,1.5159217,FILLED,1484.6,2237.8,1720148352518,3365.5236454000005,L LIQ
2024-07-05 02:59:21.892,WIF,SELL,LIMIT,IOC,2805.9,1.4865744,1.5009329,FILLED,45.1,2805.9,1720148361892,4171.17910896,L LIQ
2024-07-05 02:59:32.795,WIF,SELL,LIMIT,IOC,2427.1,1.4784298,1.4912814,FILLED,53.7,2427.1,1720148372795,3588.29696758,L LIQ
2024-07-05 03:01:46.625,WIF,SELL,LIMIT,IOC,10018.5,1.4816325,1.4920839,FILLED,2223.0,10018.5,1720148506625,14843.73520125,L LIQ
2024-07-05 03:01:49.947,WIF,SELL,LIMIT,IOC,2255.3,1.4706313,1.4879159,FILLED,455.5,2255.3,1720148509947,3316.71477089,L LIQ
2024-07-05 03:01:51.060,WIF,SELL,LIMIT,IOC,2450.0,1.4706313,1.4985883,FILLED,841.6,2450.0,1720148511060,3603.046685,L LIQ
2024-07-05 03:10:52.605,WIF,BUY,LIMIT,IOC,3772.8,1.540637,1.5184219,FILLED,10.9,3772.8,1720149052605,5812.5152736,S LIQ
2024-07-05 03:12:26.365,WIF,BUY,LIMIT,IOC,2712.1,1.5817328,1.5643494,FILLED,1302.0,2712.1,1720149146365,4289.81752688,S LIQ
2024-07-05 03:16:08.538,WIF,BUY,LIMIT,IOC,3212.5,1.5872096,1.5638845,FILLED,907.4,3212.5,1720149368538,5098.91084,S LIQ
2024-07-05 03:31:57.361,WIF,SELL,LIMIT,IOC,3240.0,1.5123916,1.5341458,FILLED,99.9,3240.0,1720150317361,4900.148784,L LIQ
2024-07-05 04:18:37.545,WIF,SELL,LIMIT,IOC,15500.0,1.4735437,1.5008628,FILLED,753.9,15500.0,1720153117545,22839.92735,L LIQ
2024-07-05 04:19:40.616,WIF,SELL,LIMIT,IOC,14000.0,1.5877054,1.5877054,FILLED,14000.0,14000.0,1720153180616,22227.8756,L LIQ
2024-07-05 04:20:12.517,WIF,BUY,LIMIT,IOC,3285.1,1.5510568,1.5302364,FILLED,588.1,3285.1,1720153212517,5095.37669368,S LIQ
2024-07-05 04:29:14.315,WIF,BUY,LIMIT,IOC,9972.2,1.6013686,1.5727142,FILLED,283.8,9972.2,1720153754315,15969.16795292,S LIQ
2024-07-05 04:30:33.286,WIF,BUY,LIMIT,IOC,4180.7,1.6058502,1.5830654,FILLED,659.8,4180.7,1720153833286,6713.577931139999,S LIQ
2024-07-05 04:31:52.089,WIF,BUY,LIMIT,IOC,3089.3,1.6161374,1.5949872,FILLED,913.3,3089.3,1720153912089,4992.73326982,S LIQ
2024-07-05 04:37:03.110,WIF,BUY,LIMIT,IOC,4091.6,1.6213745,1.5995776,FILLED,464.5,4091.6,1720154223110,6634.0159042,S LIQ
2024-07-05 04:41:19.203,WIF,SELL,LIMIT,IOC,2610.6,1.5722401,1.5938819,FILLED,380.0,2610.6,1720154479203,4104.49000506,L LIQ
2024-07-05 04:52:00.345,WIF,BUY,LIMIT,IOC,3125.5,1.6305973,1.6075187,FILLED,82.6,3125.5,1720155120345,5096.43186115,S LIQ
2024-07-05 05:14:47.081,WIF,BUY,LIMIT,IOC,5770.5,1.6792118,1.6523393,FILLED,182.9,5770.5,1720156487081,9689.8916919,S LIQ
2024-07-05 06:12:58.388,WIF,SELL,LIMIT,IOC,2000.0,1.5897989,1.6120737,FILLED,1095.7,2000.0,1720159978388,3179.5978,L LIQ
2024-07-05 06:13:47.110,WIF,SELL,LIMIT,IOC,2381.2,1.5814482,1.6049738,FILLED,1062.5,2381.2,1720160027110,3765.74445384,L LIQ
2024-07-05 06:20:49.267,WIF,BUY,LIMIT,IOC,2052.3,1.6245333,1.6011068,FILLED,27.3,2052.3,1720160449267,3334.0296915900003,S LIQ
2024-07-05 06:26:45.332,WIF,SELL,LIMIT,IOC,2400.0,1.5640021,1.5858944,FILLED,255.7,2400.0,1720160805332,3753.60504,L LIQ
2024-07-05 06:34:37.087,WIF,SELL,LIMIT,IOC,89631.0,1.5536107,1.5887363,FILLED,185.6,89631.0,1720161277087,139251.68065169998,L LIQ
2024-07-05 06:37:02.072,WIF,SELL,LIMIT,IOC,12892.0,1.5556052,1.5843704,FILLED,13.3,12892.0,1720161422072,20054.8622384,L LIQ
2024-07-05 08:42:27.340,WIF,SELL,LIMIT,IOC,3418.1,1.5391807,1.5610661,FILLED,472.7,3418.1,1720168947340,5261.073550669999,L LIQ
2024-07-05 08:48:52.315,WIF,SELL,LIMIT,IOC,2092.9,1.535588,1.558682,FILLED,685.7,2092.9,1720169332315,3213.8321252,L LIQ
2024-07-05 08:48:54.158,WIF,SELL,LIMIT,IOC,3189.0,1.5352806,1.5574417,FILLED,7.6,3189.0,1720169334158,4896.0098334,L LIQ
2024-07-05 08:51:44.240,WIF,SELL,LIMIT,IOC,2328.1,1.5325906,1.5548678,FILLED,60.2,2328.1,1720169504240,3568.02417586,L LIQ
2024-07-05 08:56:28.174,WIF,SELL,LIMIT,IOC,12251.3,1.5231291,1.5509998,FILLED,712.8,12251.3,1720169788174,18660.31154283,L LIQ
2024-07-05 09:06:57.318,WIF,SELL,LIMIT,IOC,2272.7,1.5390926,1.5600154,FILLED,5.4,2272.7,1720170417318,3497.8957520199997,L LIQ
2024-07-05 10:10:45.300,WIF,BUY,LIMIT,IOC,5837.6,1.6427114,1.615164,FILLED,160.8,5837.6,1720174245300,9589.49206864,S LIQ
2024-07-05 10:11:14.559,WIF,BUY,LIMIT,IOC,3122.2,1.6458009,1.6254432,FILLED,1219.7,3122.2,1720174274559,5138.51956998,S LIQ
2024-07-05 10:13:27.289,WIF,BUY,LIMIT,IOC,7318.1,1.6636892,1.634934,FILLED,338.0,7318.1,1720174407289,12175.04393452,S LIQ
2024-07-05 11:29:25.457,WIF,BUY,LIMIT,IOC,3144.6,1.6851459,1.6597874,FILLED,23.6,3144.6,1720178965457,5299.1097971399995,S LIQ
2024-07-05 11:32:12.523,WIF,BUY,LIMIT,IOC,1804.5,1.7020436,1.6761892,FILLED,2.5,1804.5,1720179132523,3071.3376762000003,S LIQ
2024-07-05 11:38:55.068,WIF,BUY,LIMIT,IOC,6405.6,1.714878,1.6855458,FILLED,16.0,6405.6,1720179535068,10984.8225168,S LIQ
2024-07-05 11:42:31.477,WIF,BUY,LIMIT,IOC,3263.7,1.7224299,1.697993,FILLED,3035.5,3263.7,1720179751477,5621.49446463,S LIQ
2024-07-05 11:42:54.174,WIF,BUY,LIMIT,IOC,2894.7,1.7291959,1.7046483,FILLED,269.6,2894.7,1720179774174,5005.503371729999,S LIQ
2024-07-05 11:44:27.216,WIF,BUY,LIMIT,IOC,3692.8,1.73217,1.7060366,FILLED,1315.5,3692.8,1720179867216,6396.557376000001,S LIQ
2024-07-05 11:44:51.448,WIF,BUY,LIMIT,IOC,4659.2,1.7361254,1.7074509,FILLED,139.7,4659.2,1720179891448,8088.955463679999,S LIQ
2024-07-05 11:47:43.521,WIF,SELL,LIMIT,IOC,2562.2,1.6932499,1.7115251,FILLED,39.2,2562.2,1720180063521,4338.44489378,L LIQ
2024-07-05 11:47:52.075,WIF,SELL,LIMIT,IOC,2939.1,1.689096,1.7114277,FILLED,41.6,2939.1,1720180072075,4964.422053599999,L LIQ
2024-07-05 11:57:39.464,WIF,BUY,LIMIT,IOC,2397.7,1.7511047,1.7255781,FILLED,386.4,2397.7,1720180659464,4198.6237391899995,S LIQ
2024-07-05 12:05:08.150,WIF,SELL,LIMIT,IOC,1910.0,1.6815686,1.7041841,FILLED,193.0,1910.0,1720181108150,3211.796026,L LIQ
2024-07-05 12:26:21.494,WIF,SELL,LIMIT,IOC,2150.2,1.7083134,1.7335298,FILLED,659.2,2150.2,1720182381494,3673.215472679999,L LIQ
2024-07-05 12:26:37.145,WIF,SELL,LIMIT,IOC,2294.8,1.7063292,1.731065,FILLED,946.9,2294.8,1720182397145,3915.6842481600006,L LIQ
2024-07-05 12:29:32.467,WIF,BUY,LIMIT,IOC,6264.1,1.7857058,1.7548553,FILLED,4589.0,6264.1,1720182572467,11185.83970178,S LIQ
2024-07-05 12:30:21.485,WIF,BUY,LIMIT,IOC,2352.1,1.7593217,1.7545,FILLED,2352.1,2352.1,1720182621485,4138.10057057,S LIQ
2024-07-05 12:30:27.179,WIF,BUY,LIMIT,IOC,2570.0,1.7587809,1.7563743,FILLED,1476.1,2570.0,1720182627179,4520.066913000001,S LIQ
2024-07-05 12:31:04.346,WIF,SELL,LIMIT,IOC,2220.8,1.7251051,1.7403313,FILLED,488.9,2220.8,1720182664346,3831.11340608,L LIQ
2024-07-05 12:31:07.335,WIF,SELL,LIMIT,IOC,2193.7,1.7201015,1.7351234,FILLED,759.6,2193.7,1720182667335,3773.38666055,L LIQ
2024-07-05 12:33:42.110,WIF,SELL,LIMIT,IOC,3888.0,1.712469,1.7223783,FILLED,617.3,3888.0,1720182822110,6658.079472,L LIQ
2024-07-05 12:34:19.150,WIF,SELL,LIMIT,IOC,2024.7,1.6917723,1.7145708,FILLED,564.0,2024.7,1720182859150,3425.3313758100003,L LIQ
2024-07-05 12:48:32.335,WIF,SELL,LIMIT,IOC,2804.2,1.6795233,1.7039527,FILLED,229.4,2804.2,1720183712335,4709.71923786,L LIQ
2024-07-05 12:54:37.326,WIF,BUY,LIMIT,IOC,2462.3,1.7473714,1.7237251,FILLED,24.6,2462.3,1720184077326,4302.552598220001,S LIQ
2024-07-05 13:10:21.138,WIF,BUY,LIMIT,IOC,2849.1,1.7565094,1.7328812,FILLED,84.9,2849.1,1720185021138,5004.4709315400005,S LIQ
2024-07-05 13:15:31.399,WIF,SELL,LIMIT,IOC,1786.8,1.698317,1.7228446,FILLED,161.9,1786.8,1720185331399,3034.5528156,L LIQ
2024-07-05 13:32:25.105,WIF,BUY,LIMIT,IOC,2882.9,1.768767,1.7461455,FILLED,373.9,2882.9,1720186345105,5099.1783843,S LIQ
2024-07-05 13:33:42.410,WIF,BUY,LIMIT,IOC,1961.2,1.7825829,1.7568632,FILLED,149.1,1961.2,1720186422410,3496.00158348,S LIQ
2024-07-05 13:39:29.119,WIF,BUY,LIMIT,IOC,1797.4,1.8119779,1.7858108,FILLED,161.0,1797.4,1720186769119,3256.8490774600004,S LIQ
2024-07-05 13:42:51.126,WIF,BUY,LIMIT,IOC,11347.6,1.8350208,1.8036521,FILLED,884.5,11347.6,1720186971126,20823.08203008,S LIQ
2024-07-05 14:01:35.088,WIF,BUY,LIMIT,IOC,1933.8,1.8431384,1.8169699,FILLED,1452.0,1933.8,1720188095088,3564.26103792,S LIQ
2024-07-05 14:28:48.440,WIF,SELL,LIMIT,IOC,2659.1,1.7323,1.7576453,FILLED,151.7,2659.1,1720189728440,4606.358929999999,L LIQ
2024-07-05 14:39:00.224,WIF,BUY,LIMIT,IOC,2828.0,1.8250542,1.7993535,FILLED,318.5,2828.0,1720190340224,5161.2532776,S LIQ
2024-07-05 14:42:31.533,WIF,BUY,LIMIT,IOC,2814.9,1.8352895,1.8084564,FILLED,415.7,2814.9,1720190551533,5166.15641355,S LIQ
2024-07-05 14:45:50.094,WIF,BUY,LIMIT,IOC,2923.4,1.8512599,1.8238309,FILLED,192.7,2923.4,1720190750094,5411.97319166,S LIQ
2024-07-05 15:04:50.466,WIF,BUY,LIMIT,IOC,2737.6,1.8625282,1.8349694,FILLED,139.0,2737.6,1720191890466,5098.85720032,S LIQ
2024-07-05 15:04:58.403,WIF,BUY,LIMIT,IOC,1910.4,1.8638003,1.8361526,FILLED,182.7,1910.4,1720191898403,3560.6040931200005,S LIQ
2024-07-05 15:05:11.654,WIF,BUY,LIMIT,IOC,2995.8,1.8700179,1.8465,FILLED,2995.8,2995.8,1720191911654,5602.19962482,S LIQ
2024-07-05 15:07:08.120,WIF,BUY,LIMIT,IOC,1640.0,1.8983294,1.8664695,FILLED,459.7,1640.0,1720192028120,3113.260216,S LIQ
2024-07-05 15:08:07.363,WIF,BUY,LIMIT,IOC,2732.3,1.9040965,1.8739713,FILLED,10.2,2732.3,1720192087363,5202.56286695,S LIQ
2024-07-05 15:10:10.158,WIF,SELL,LIMIT,IOC,2454.1,1.8172126,1.8411947,FILLED,1012.3,2454.1,1720192210158,4459.62144166,L LIQ
2024-07-05 15:11:54.072,WIF,SELL,LIMIT,IOC,2641.1,1.7998219,1.8252909,FILLED,323.1,2641.1,1720192314072,4753.50962009,L LIQ
2024-07-05 15:21:36.599,WIF,BUY,LIMIT,IOC,1641.2,1.8705637,1.8475431,FILLED,146.0,1641.2,1720192896599,3069.96914444,S LIQ
2024-07-05 15:27:15.085,WIF,SELL,LIMIT,IOC,2712.0,1.8097262,1.8364217,FILLED,40.8,2712.0,1720193235085,4907.9774544,L LIQ
2024-07-05 15:33:07.443,WIF,SELL,LIMIT,IOC,2724.7,1.7986671,1.8261346,FILLED,71.9,2724.7,1720193587443,4900.82824737,L LIQ
2024-07-05 15:38:19.505,WIF,SELL,LIMIT,IOC,2703.8,1.7954237,1.8222965,FILLED,106.6,2703.8,1720193899505,4854.46660006,L LIQ
2024-07-05 15:54:48.192,WIF,SELL,LIMIT,IOC,2669.6,1.8270215,1.8490785,FILLED,279.1,2669.6,1720194888192,4877.4165964,L LIQ
2024-07-05 15:58:17.387,WIF,BUY,LIMIT,IOC,2691.5,1.9409302,1.9325718,FILLED,414.8,2691.5,1720195097387,5224.0136333,S LIQ
2024-07-05 16:04:55.417,WIF,SELL,LIMIT,IOC,2587.7,1.8882285,1.9153397,FILLED,670.5,2587.7,1720195495417,4886.16888945,L LIQ
2024-07-05 16:06:02.086,WIF,SELL,LIMIT,IOC,1765.5,1.874001,1.9023895,FILLED,109.0,1765.5,1720195562086,3308.5487655,L LIQ
2024-07-05 16:18:20.520,WIF,BUY,LIMIT,IOC,2600.4,1.9452437,1.9216715,FILLED,18.6,2600.4,1720196300520,5058.41171748,S LIQ
2024-07-05 16:26:41.220,WIF,BUY,LIMIT,IOC,1659.8,1.987437,1.958842,FILLED,86.1,1659.8,1720196801220,3298.7479326,S LIQ
2024-07-05 16:33:14.223,WIF,BUY,LIMIT,IOC,2601.8,1.9931758,1.9663515,FILLED,660.3,2601.8,1720197194223,5185.84479644,S LIQ
2024-07-05 16:33:57.586,WIF,BUY,LIMIT,IOC,1500.0,2.001345,1.9732138,FILLED,495.0,1500.0,1720197237586,3002.0175000000004,S LIQ
2024-07-05 16:48:49.084,WIF,BUY,LIMIT,IOC,2505.8,1.9947172,1.96701,FILLED,376.0,2505.8,1720198129084,4998.36235976,S LIQ
2024-07-05 16:53:59.072,WIF,SELL,LIMIT,IOC,3839.4,1.8889349,1.9197526,FILLED,103.1,3839.4,1720198439072,7252.37665506,L LIQ
2024-07-05 17:11:47.083,WIF,BUY,LIMIT,IOC,1727.1,1.9773087,1.9465817,FILLED,84.5,1727.1,1720199507083,3415.00985577,S LIQ
2024-07-05 17:15:45.323,WIF,BUY,LIMIT,IOC,2031.0,1.9871888,1.9584427,FILLED,115.7,2031.0,1720199745323,4035.9804528,S LIQ
2024-07-05 17:18:53.479,WIF,BUY,LIMIT,IOC,3500.0,2.0096231,1.9799325,FILLED,1139.0,3500.0,1720199933479,7033.680850000001,S LIQ
2024-07-05 17:19:10.162,WIF,BUY,LIMIT,IOC,2185.9,2.0138891,1.9847792,FILLED,301.8,2185.9,1720199950162,4402.160183690001,S LIQ
2024-07-05 17:35:17.397,WIF,SELL,LIMIT,IOC,1793.4,1.9136073,1.9422717,FILLED,4.7,1793.4,1720200917397,3431.86333182,L LIQ
2024-07-05 18:16:15.401,WIF,SELL,LIMIT,IOC,2616.8,1.8949177,1.9230895,FILLED,29.1,2616.8,1720203375401,4958.62063736,L LIQ
2024-07-05 18:18:54.326,WIF,SELL,LIMIT,IOC,1870.9,1.8866691,1.9151129,FILLED,964.3,1870.9,1720203534326,3529.76921919,L LIQ
2024-07-05 19:18:50.152,WIF,BUY,LIMIT,IOC,1791.3,1.9744846,1.9485073,FILLED,277.3,1791.3,1720207130152,3536.89426398,S LIQ
2024-07-05 20:21:13.125,WIF,BUY,LIMIT,IOC,1762.3,1.966949,1.9380102,FILLED,24.6,1762.3,1720210873125,3466.3542227,S LIQ
2024-07-05 20:43:38.126,WIF,SELL,LIMIT,IOC,2585.4,1.9002676,1.9274317,FILLED,190.9,2585.4,1720212218126,4912.95185304,L LIQ
2024-07-05 21:27:51.104,WIF,BUY,LIMIT,IOC,2046.5,1.9697514,1.9410343,FILLED,558.0,2046.5,1720214871104,4031.0962401,S LIQ
2024-07-05 23:46:01.408,WIF,BUY,LIMIT,IOC,1598.4,1.9669479,1.9383191,FILLED,5.4,1598.4,1720223161408,3143.9695233600005,S LIQ
2024-07-06 00:33:46.515,WIF,BUY,LIMIT,IOC,1518.8,2.0035081,1.9746752,FILLED,8.0,1518.8,1720226026515,3042.9281022799996,S LIQ
2024-07-06 00:37:26.112,WIF,BUY,LIMIT,IOC,2563.8,2.0223655,1.9930519,FILLED,431.8,2563.8,1720226246112,5184.9406689,S LIQ
2024-07-06 00:37:44.117,WIF,BUY,LIMIT,IOC,2455.6,2.0240145,1.9961736,FILLED,12.2,2455.6,1720226264117,4970.170006199999,S LIQ
2024-07-06 00:37:47.072,WIF,BUY,LIMIT,IOC,1971.3,2.025802,1.9961175,FILLED,1.5,1971.3,1720226267072,3993.4634826,S LIQ
2024-07-06 00:40:59.389,WIF,BUY,LIMIT,IOC,2573.3,2.0234115,1.9945524,FILLED,504.4,2573.3,1720226459389,5206.84481295,S LIQ
2024-07-06 01:55:55.092,WIF,SELL,LIMIT,IOC,2576.0,1.8883311,1.91654,FILLED,46.0,2576.0,1720230955092,4864.3409136,L LIQ
2024-07-06 02:09:41.264,WIF,SELL,LIMIT,IOC,4079.8,1.8555858,1.885567,FILLED,430.8,4079.8,1720231781264,7570.418946840001,L LIQ
2024-07-06 02:15:31.346,WIF,BUY,LIMIT,IOC,2608.3,1.9184482,1.8912866,FILLED,20.8,2608.3,1720232131346,5003.888440060001,S LIQ
2024-07-06 04:03:54.156,WIF,BUY,LIMIT,IOC,2272.3,1.9688364,1.9401066,FILLED,241.5,2272.3,1720238634156,4473.786951720001,S LIQ
2024-07-06 04:39:47.211,WIF,SELL,LIMIT,IOC,2365.4,1.8854148,1.9122728,FILLED,47.2,2365.4,1720240787211,4459.76016792,L LIQ
2024-07-06 04:40:00.087,WIF,SELL,LIMIT,IOC,1943.4,1.881524,1.90829,FILLED,256.7,1943.4,1720240800087,3656.5537416,L LIQ
2024-07-06 04:40:02.132,WIF,SELL,LIMIT,IOC,1982.4,1.8797801,1.9068425,FILLED,852.8,1982.4,1720240802132,3726.47607024,L LIQ
2024-07-06 06:13:23.362,WIF,BUY,LIMIT,IOC,2605.6,1.9576051,1.9287075,FILLED,240.7,2605.6,1720246403362,5100.73584856,S LIQ
2024-07-06 07:05:18.129,WIF,BUY,LIMIT,IOC,2041.1,2.008421,1.9800172,FILLED,163.4,2041.1,1720249518129,4099.388103099999,S LIQ
2024-07-06 07:05:46.104,WIF,BUY,LIMIT,IOC,5777.6,2.0221447,1.9871171,FILLED,321.4,5777.6,1720249546104,11683.14321872,S LIQ
2024-07-06 07:35:04.078,WIF,BUY,LIMIT,IOC,2378.0,2.0303136,2.0017078,FILLED,402.3,2378.0,1720251304078,4828.0857408,S LIQ
2024-07-06 07:47:32.145,WIF,SELL,LIMIT,IOC,2497.5,1.9458825,1.968676,FILLED,135.7,2497.5,1720252052145,4859.84154375,L LIQ
2024-07-06 07:51:58.170,WIF,BUY,LIMIT,IOC,1766.0,2.0070241,1.9793465,FILLED,95.9,1766.0,1720252318170,3544.4045606000004,S LIQ
2024-07-06 08:25:20.415,WIF,BUY,LIMIT,IOC,1500.0,2.0132977,1.9888,FILLED,1500.0,1500.0,1720254320415,3019.9465499999997,S LIQ
2024-07-06 09:19:23.078,WIF,SELL,LIMIT,IOC,1647.2,1.9492253,1.977978,FILLED,77.3,1647.2,1720257563078,3210.76391416,L LIQ
2024-07-06 10:03:04.499,WIF,BUY,LIMIT,IOC,1559.7,2.0603477,2.0303179,FILLED,108.4,1559.7,1720260184499,3213.52430769,S LIQ
2024-07-06 10:03:15.374,WIF,BUY,LIMIT,IOC,2516.6,2.0620774,2.0332457,FILLED,195.4,2516.6,1720260195374,5189.42398484,S LIQ
2024-07-06 10:05:34.060,WIF,BUY,LIMIT,IOC,5469.9,2.0779535,2.0430065,FILLED,56.1,5469.9,1720260334060,11366.19784965,S LIQ
2024-07-06 10:05:35.391,WIF,BUY,LIMIT,IOC,1982.6,2.0726648,2.0424792,FILLED,13.4,1982.6,1720260335391,4109.26523248,S LIQ
2024-07-06 10:29:26.163,WIF,SELL,LIMIT,IOC,1841.8,1.9625835,1.9905697,FILLED,483.5,1841.8,1720261766163,3614.6862903,L LIQ
2024-07-06 10:30:13.372,WIF,SELL,LIMIT,IOC,5481.0,1.9517314,1.9862768,FILLED,737.1,5481.0,1720261813372,10697.4398034,L LIQ
2024-07-06 10:41:38.191,WIF,SELL,LIMIT,IOC,1952.7,1.9421901,1.9688393,FILLED,8.7,1952.7,1720262498191,3792.51460827,L LIQ
2024-07-06 11:42:19.259,WIF,SELL,LIMIT,IOC,2525.0,1.9350326,1.9641627,FILLED,201.7,2525.0,1720266139259,4885.957315,L LIQ
2024-07-06 11:42:24.065,WIF,SELL,LIMIT,IOC,2102.5,1.9344661,1.9608275,FILLED,31.6,2102.5,1720266144065,4067.21497525,L LIQ
2024-07-06 11:44:20.346,WIF,SELL,LIMIT,IOC,7478.6,1.9187705,1.9533717,FILLED,5672.5,7478.6,1720266260346,14349.7170613,L LIQ
2024-07-06 11:44:24.361,WIF,SELL,LIMIT,IOC,3438.6,1.9203916,1.9519424,FILLED,16.4,3438.6,1720266264361,6603.45855576,L LIQ
2024-07-06 11:53:06.373,WIF,BUY,LIMIT,IOC,2533.5,1.9917334,1.9627629,FILLED,12.1,2533.5,1720266786373,5046.0565689,S LIQ
2024-07-06 12:41:58.090,WIF,SELL,LIMIT,IOC,23637.5,1.8941448,1.9300153,FILLED,1001.7,23637.5,1720269718090,44772.84771,L LIQ
2024-07-06 12:44:03.352,WIF,SELL,LIMIT,IOC,7031.2,1.8910199,1.925678,FILLED,13.3,7031.2,1720269843352,13296.13912088,L LIQ
2024-07-06 12:45:37.324,WIF,SELL,LIMIT,IOC,2571.2,1.8963536,1.9249646,FILLED,339.4,2571.2,1720269937324,4875.90437632,L LIQ
2024-07-06 13:50:08.240,WIF,BUY,LIMIT,IOC,2007.8,2.0033337,1.9747277,FILLED,81.2,2007.8,1720273808240,4022.29340286,S LIQ
2024-07-06 14:41:12.263,WIF,BUY,LIMIT,IOC,2636.4,2.0059353,1.9760642,FILLED,104.1,2636.4,1720276872263,5288.44782492,S LIQ
2024-07-06 15:03:09.384,WIF,BUY,LIMIT,IOC,4981.4,2.0261869,1.9916356,FILLED,1201.4,4981.4,1720278189384,10093.24742366,S LIQ
2024-07-06 15:31:57.292,WIF,BUY,LIMIT,IOC,2023.1,2.0383229,2.008817,FILLED,20.0,2023.1,1720279917292,4123.73105899,S LIQ
2024-07-06 16:03:52.364,WIF,SELL,LIMIT,IOC,2410.5,1.9848706,2.0138317,FILLED,21.4,2410.5,1720281832364,4784.5305813,L LIQ
2024-07-06 16:18:44.075,WIF,BUY,LIMIT,IOC,2633.2,2.0787518,2.0476784,FILLED,3.8,2633.2,1720282724075,5473.769239759999,S LIQ
2024-07-06 16:20:24.635,WIF,BUY,LIMIT,IOC,2582.7,2.087772,2.0585636,FILLED,701.2,2582.7,1720282824635,5392.0887444,S LIQ
2024-07-06 16:21:07.477,WIF,BUY,LIMIT,IOC,2612.0,2.0873479,2.0565977,FILLED,11.0,2612.0,1720282867477,5452.1527148000005,S LIQ
2024-07-06 16:45:10.242,WIF,BUY,LIMIT,IOC,5000.0,2.0935184,2.0580789,FILLED,389.4,5000.0,1720284310242,10467.592,S LIQ
2024-07-06 16:49:10.342,WIF,SELL,LIMIT,IOC,1960.6,2.0008085,2.0302669,FILLED,1382.3,1960.6,1720284550342,3922.7851451,L LIQ
2024-07-06 16:53:27.205,WIF,BUY,LIMIT,IOC,5043.1,2.0799316,2.0447937,FILLED,310.6,5043.1,1720284807205,10489.303051960002,S LIQ
2024-07-06 17:13:15.128,WIF,SELL,LIMIT,IOC,2307.9,2.0038841,2.0333031,FILLED,41.8,2307.9,1720285995128,4624.76411439,L LIQ
2024-07-06 17:18:52.515,WIF,BUY,LIMIT,IOC,1480.5,2.0929291,2.0616264,FILLED,304.1,1480.5,1720286332515,3098.58153255,S LIQ
2024-07-06 17:28:30.207,WIF,BUY,LIMIT,IOC,2448.9,2.0589341,2.0286922,FILLED,136.2,2448.9,1720286910207,5042.123717490001,S LIQ
2024-07-06 17:47:38.178,WIF,SELL,LIMIT,IOC,2138.5,1.9944461,2.0233893,FILLED,256.1,2138.5,1720288058178,4265.12298485,L LIQ
2024-07-06 18:07:16.522,WIF,BUY,LIMIT,IOC,2473.5,2.0667717,2.0380581,FILLED,247.1,2473.5,1720289236522,5112.15979995,S LIQ
2024-07-06 18:35:35.193,WIF,BUY,LIMIT,IOC,1476.3,2.0485674,2.0186703,FILLED,4.3,1476.3,1720290935193,3024.30005262,S LIQ
2024-07-06 22:40:46.504,WIF,BUY,LIMIT,IOC,3233.9,2.0524653,2.0199158,FILLED,243.0,3233.9,1720305646504,6637.467533670001,S LIQ
2024-07-06 22:54:21.390,WIF,BUY,LIMIT,IOC,2472.8,2.0413792,2.0160853,FILLED,992.5,2472.8,1720306461390,5047.922485760001,S LIQ
2024-07-07 00:57:34.067,WIF,SELL,LIMIT,IOC,21104.1,1.9056286,1.9411663,FILLED,949.1,21104.1,1720313854067,40216.57653726,L LIQ
2024-07-07 01:04:12.171,WIF,SELL,LIMIT,IOC,2498.7,1.8984891,1.9276441,FILLED,224.7,2498.7,1720314252171,4743.75471417,L LIQ
2024-07-07 01:07:20.078,WIF,SELL,LIMIT,IOC,5005.1,1.8690114,1.9020154,FILLED,4231.4,5005.1,1720314440078,9354.58895814,L LIQ
2024-07-07 01:24:43.068,WIF,SELL,LIMIT,IOC,2195.4,1.8322855,1.8471897,FILLED,124.9,2195.4,1720315483068,4022.5995867,L LIQ
2024-07-07 01:27:33.082,WIF,SELL,LIMIT,IOC,1945.9,1.811058,1.8383,FILLED,1821.6,1945.9,1720315653082,3524.1377622000005,L LIQ
2024-07-07 01:27:41.060,WIF,SELL,LIMIT,IOC,1878.4,1.8086183,1.8347534,FILLED,363.2,1878.4,1720315661060,3397.30861472,L LIQ
2024-07-07 01:32:03.254,WIF,SELL,LIMIT,IOC,1921.9,1.8069514,1.8349715,FILLED,191.6,1921.9,1720315923254,3472.77989566,L LIQ
2024-07-07 01:46:04.385,WIF,BUY,LIMIT,IOC,2472.9,1.8760942,1.8492,FILLED,117.9,2472.9,1720316764385,4639.39334718,S LIQ
2024-07-07 01:46:18.101,WIF,BUY,LIMIT,IOC,2710.0,1.881531,1.854776,FILLED,220.2,2710.0,1720316778101,5098.94901,S LIQ
2024-07-07 02:03:39.184,WIF,BUY,LIMIT,IOC,2255.4,1.897035,1.8698844,FILLED,920.2,2255.4,1720317819184,4278.572739,S LIQ
2024-07-07 03:09:44.463,WIF,SELL,LIMIT,IOC,2658.8,1.8327071,1.8605188,FILLED,127.1,2658.8,1720321784463,4872.80163748,L LIQ
2024-07-07 04:31:28.221,WIF,SELL,LIMIT,IOC,2462.7,1.8087186,1.8357754,FILLED,139.5,2462.7,1720326688221,4454.33129622,L LIQ
2024-07-07 04:33:58.336,WIF,SELL,LIMIT,IOC,11423.4,1.7871564,1.8185628,FILLED,8.6,11423.4,1720326838336,20415.402419759997,L LIQ
2024-07-07 04:36:59.076,WIF,SELL,LIMIT,IOC,17495.4,1.7849121,1.8183696,FILLED,328.8,17495.4,1720327019076,31227.75115434,L LIQ
2024-07-07 04:41:14.381,WIF,BUY,LIMIT,IOC,2748.5,1.8559574,1.8291672,FILLED,3.0,2748.5,1720327274381,5101.0989139,S LIQ
2024-07-07 04:55:30.581,WIF,BUY,LIMIT,IOC,2360.1,1.857835,1.8306423,FILLED,312.8,2360.1,1720328130581,4384.676383499999,S LIQ
2024-07-07 05:05:40.261,WIF,SELL,LIMIT,IOC,4250.7,1.7955438,1.8259909,FILLED,420.0,4250.7,1720328740261,7632.31803066,L LIQ
2024-07-07 05:16:49.425,WIF,BUY,LIMIT,IOC,2735.0,1.8643064,1.8364408,FILLED,59.6,2735.0,1720329409425,5098.878004,S LIQ
2024-07-07 05:17:00.354,WIF,BUY,LIMIT,IOC,2443.5,1.8652154,1.8369388,FILLED,206.1,2443.5,1720329420354,4557.6538299,S LIQ
2024-07-07 06:51:35.365,WIF,SELL,LIMIT,IOC,2553.0,1.8301707,1.8576697,FILLED,142.1,2553.0,1720335095365,4672.4257971,L LIQ
2024-07-07 07:00:28.214,WIF,SELL,LIMIT,IOC,2679.7,1.82803,1.8554138,FILLED,44.6,2679.7,1720335628214,4898.571991,L LIQ
2024-07-07 07:24:43.198,WIF,SELL,LIMIT,IOC,2320.1,1.8172266,1.8443381,FILLED,412.1,2320.1,1720337083198,4216.14743466,L LIQ
2024-07-07 07:33:02.087,WIF,SELL,LIMIT,IOC,2688.7,1.8029895,1.830758,FILLED,109.0,2688.7,1720337582087,4847.69786865,L LIQ
2024-07-07 07:34:57.351,WIF,SELL,LIMIT,IOC,4591.6,1.7952584,1.825909,FILLED,362.6,4591.6,1720337697351,8243.108469440001,L LIQ
2024-07-07 08:11:23.501,WIF,BUY,LIMIT,IOC,2258.1,1.8859892,1.8581276,FILLED,147.9,2258.1,1720339883501,4258.75221252,S LIQ
2024-07-07 09:14:02.460,WIF,SELL,LIMIT,IOC,2694.0,1.8175462,1.8449313,FILLED,382.6,2694.0,1720343642460,4896.4694628,L LIQ
2024-07-07 09:28:32.143,WIF,BUY,LIMIT,IOC,2618.3,1.9008919,1.8733452,FILLED,226.8,2618.3,1720344512143,4977.105261770001,S LIQ
2024-07-07 09:29:48.093,WIF,BUY,LIMIT,IOC,5959.2,1.918888,1.887087,FILLED,0.7,5959.2,1720344588093,11435.0373696,S LIQ
2024-07-07 12:44:43.234,WIF,SELL,LIMIT,IOC,2678.2,1.8144471,1.8408188,FILLED,44.7,2678.2,1720356283234,4859.45222322,L LIQ
2024-07-07 12:45:09.316,WIF,SELL,LIMIT,IOC,2669.7,1.8089526,1.8357035,FILLED,435.6,2669.7,1720356309316,4829.3607562199995,L LIQ
2024-07-07 12:45:11.070,WIF,SELL,LIMIT,IOC,3629.5,1.806227,1.8355179,FILLED,2977.3,3629.5,1720356311070,6555.7008965,L LIQ
2024-07-07 13:13:12.237,WIF,SELL,LIMIT,IOC,2474.7,1.7988079,1.8243148,FILLED,186.0,2474.7,1720357992237,4451.509910129999,L LIQ
2024-07-07 13:17:22.474,WIF,SELL,LIMIT,IOC,2544.2,1.7936513,1.8182669,FILLED,4.2,2544.2,1720358242474,4563.40763746,L LIQ
2024-07-07 13:22:35.217,WIF,SELL,LIMIT,IOC,2686.7,1.783146,1.8082638,FILLED,401.3,2686.7,1720358555217,4790.778358199999,L LIQ
2024-07-07 13:22:57.209,WIF,SELL,LIMIT,IOC,5588.5,1.7752056,1.8064959,FILLED,395.0,5588.5,1720358577209,9920.7364956,L LIQ
2024-07-07 13:23:35.497,WIF,SELL,LIMIT,IOC,2082.4,1.7772583,1.8036031,FILLED,2015.9,2082.4,1720358615497,3700.96268392,L LIQ
2024-07-07 13:24:07.067,WIF,SELL,LIMIT,IOC,2546.5,1.7741952,1.7996934,FILLED,270.0,2546.5,1720358647067,4517.9880768,L LIQ
2024-07-07 13:24:30.338,WIF,SELL,LIMIT,IOC,2066.2,1.7690167,1.7936027,FILLED,132.8,2066.2,1720358670338,3655.14230554,L LIQ
2024-07-07 13:24:46.072,WIF,SELL,LIMIT,IOC,6399.2,1.7633929,1.7949811,FILLED,148.1,6399.2,1720358686072,11284.30384568,L LIQ
2024-07-07 13:27:32.530,WIF,SELL,LIMIT,IOC,2742.8,1.7670127,1.7915287,FILLED,64.7,2742.8,1720358852530,4846.5624335600005,L LIQ
2024-07-07 14:04:44.328,WIF,SELL,LIMIT,IOC,2877.1,1.742732,1.7683959,FILLED,58.4,2877.1,1720361084328,5014.0142372,L LIQ
2024-07-07 14:09:50.254,WIF,SELL,LIMIT,IOC,2095.9,1.7410415,1.767,FILLED,1333.5,2095.9,1720361390254,3649.04887985,L LIQ
2024-07-07 14:11:35.306,WIF,SELL,LIMIT,IOC,11795.9,1.7273701,1.7582317,FILLED,861.6,11795.9,1720361495306,20375.884962589997,L LIQ
2024-07-07 14:14:17.355,WIF,BUY,LIMIT,IOC,2460.9,1.7878749,1.7612594,FILLED,84.7,2460.9,1720361657355,4399.78134141,S LIQ
2024-07-07 14:20:34.149,WIF,SELL,LIMIT,IOC,2758.5,1.7305732,1.7536874,FILLED,3.9,2758.5,1720362034149,4773.7861722,L LIQ
2024-07-07 14:20:36.452,WIF,SELL,LIMIT,IOC,1807.9,1.7288153,1.7535197,FILLED,607.7,1807.9,1720362036452,3125.52518087,L LIQ
2024-07-07 14:22:14.292,WIF,SELL,LIMIT,IOC,11327.8,1.7156203,1.7454782,FILLED,1262.7,11327.8,1720362134292,19434.20363434,L LIQ
2024-07-07 15:02:50.239,WIF,BUY,LIMIT,IOC,2500.0,1.8109007,1.7852223,FILLED,52.6,2500.0,1720364570239,4527.251749999999,S LIQ
2024-07-07 15:02:51.566,WIF,BUY,LIMIT,IOC,2833.6,1.8118773,1.7851163,FILLED,159.3,2833.6,1720364571566,5134.1355172799995,S LIQ
2024-07-07 15:07:52.214,WIF,BUY,LIMIT,IOC,2692.9,1.8159447,1.789984,FILLED,564.9,2692.9,1720364872214,4890.15748263,S LIQ
2024-07-07 15:09:32.562,WIF,SELL,LIMIT,IOC,2262.5,1.7558181,1.7809306,FILLED,354.2,2262.5,1720364972562,3972.53845125,L LIQ
2024-07-07 15:55:38.439,WIF,BUY,LIMIT,IOC,2104.7,1.8197934,1.7936357,FILLED,30.6,2104.7,1720367738439,3830.11916898,S LIQ
2024-07-07 16:17:32.166,WIF,BUY,LIMIT,IOC,5953.0,1.8549704,1.8230681,FILLED,48.7,5953.0,1720369052166,11042.6387912,S LIQ
2024-07-07 16:18:22.493,WIF,BUY,LIMIT,IOC,17134.0,1.863298,1.829842,FILLED,3217.1,17134.0,1720369102493,31925.747932,S LIQ
2024-07-07 17:15:21.220,WIF,SELL,LIMIT,IOC,2257.8,1.7783101,1.8047291,FILLED,1790.4,2257.8,1720372521220,4015.06854378,L LIQ
2024-07-07 18:49:18.305,WIF,SELL,LIMIT,IOC,2697.8,1.7583928,1.7839241,FILLED,164.8,2697.8,1720378158305,4743.79209584,L LIQ
2024-07-07 19:30:19.237,WIF,SELL,LIMIT,IOC,12386.2,1.7370672,1.7693355,FILLED,111.9,12386.2,1720380619237,21515.66175264,L LIQ
2024-07-07 19:30:37.378,WIF,SELL,LIMIT,IOC,3306.8,1.7404008,1.7675714,FILLED,26.5,3306.8,1720380637378,5755.15736544,L LIQ
2024-07-07 20:18:13.361,WIF,BUY,LIMIT,IOC,2807.0,1.8160463,1.788834,FILLED,272.7,2807.0,1720383493361,5097.6419641,S LIQ
2024-07-07 20:29:25.192,WIF,SELL,LIMIT,IOC,2799.4,1.7354534,1.7617,FILLED,298.3,2799.4,1720384165192,4858.22824796,L LIQ
2024-07-07 20:51:02.461,WIF,SELL,LIMIT,IOC,1888.0,1.7354824,1.7598111,FILLED,195.4,1888.0,1720385462461,3276.5907712,L LIQ
2024-07-07 21:07:06.325,WIF,SELL,LIMIT,IOC,33769.4,1.7150871,1.7498843,FILLED,491.7,33769.4,1720386426325,57917.462314740005,L LIQ
2024-07-07 21:10:21.474,WIF,SELL,LIMIT,IOC,2778.8,1.7164234,1.7410031,FILLED,303.8,2778.8,1720386621474,4769.597343920001,L LIQ
2024-07-07 21:12:19.233,WIF,SELL,LIMIT,IOC,3929.2,1.7058226,1.7343216,FILLED,15.8,3929.2,1720386739233,6702.51815992,L LIQ
2024-07-07 21:14:51.454,WIF,SELL,LIMIT,IOC,1818.3,1.7019754,1.7263865,FILLED,792.5,1818.3,1720386891454,3094.70186982,L LIQ
2024-07-07 21:16:35.140,WIF,SELL,LIMIT,IOC,2000.0,1.7019815,1.7259808,FILLED,5.8,2000.0,1720386995140,3403.963,L LIQ
2024-07-07 21:16:51.205,WIF,SELL,LIMIT,IOC,1991.8,1.6999667,1.7257525,FILLED,238.1,1991.8,1720387011205,3385.99367306,L LIQ
2024-07-07 21:16:54.059,WIF,SELL,LIMIT,IOC,10638.2,1.6926315,1.7237252,FILLED,347.6,10638.2,1720387014059,18006.552423300003,L LIQ
2024-07-07 21:17:04.210,WIF,SELL,LIMIT,IOC,2119.3,1.6978441,1.7246066,FILLED,122.7,2119.3,1720387024210,3598.2410011300003,L LIQ
2024-07-07 21:19:36.368,WIF,SELL,LIMIT,IOC,4489.8,1.6922897,1.7202,FILLED,3454.0,4489.8,1720387176368,7598.04229506,L LIQ
2024-07-07 21:19:55.133,WIF,SELL,LIMIT,IOC,1840.8,1.6938416,1.7183296,FILLED,757.8,1840.8,1720387195133,3118.02361728,L LIQ
2024-07-07 21:23:09.484,WIF,SELL,LIMIT,IOC,2719.7,1.6909496,1.7158417,FILLED,18.4,2719.7,1720387389484,4598.875627119999,L LIQ
2024-07-07 21:23:18.594,WIF,SELL,LIMIT,IOC,2815.9,1.6891475,1.7129075,FILLED,857.9,2815.9,1720387398594,4756.47044525,L LIQ
2024-07-07 21:41:39.292,WIF,BUY,LIMIT,IOC,2911.5,1.7508873,1.7251827,FILLED,240.6,2911.5,1720388499292,5097.70837395,S LIQ
2024-07-07 22:50:25.386,WIF,SELL,LIMIT,IOC,5000.0,1.6784935,1.7061915,FILLED,60.5,5000.0,1720392625386,8392.4675,L LIQ
2024-07-07 22:50:29.293,WIF,SELL,LIMIT,IOC,2311.8,1.6812518,1.7064367,FILLED,200.0,2311.8,1720392629293,3886.71791124,L LIQ
2024-07-07 22:55:34.146,WIF,SELL,LIMIT,IOC,2400.0,1.6739886,1.6961648,FILLED,28.2,2400.0,1720392934146,4017.57264,L LIQ
2024-07-07 22:55:46.083,WIF,SELL,LIMIT,IOC,3261.0,1.670251,1.6953763,FILLED,1050.2,3261.0,1720392946083,5446.688510999999,L LIQ
2024-07-07 23:09:29.401,WIF,BUY,LIMIT,IOC,2943.0,1.7321809,1.7071379,FILLED,1365.9,2943.0,1720393769401,5097.808388699999,S LIQ
2024-07-07 23:19:19.411,WIF,SELL,LIMIT,IOC,2921.5,1.6649456,1.6893688,FILLED,157.8,2921.5,1720394359411,4864.1385704,L LIQ
2024-07-07 23:27:57.355,WIF,SELL,LIMIT,IOC,18974.3,1.6539421,1.6849481,FILLED,29.4,18974.3,1720394877355,31382.39358803,L LIQ
2024-07-07 23:36:24.367,WIF,SELL,LIMIT,IOC,2030.8,1.6566278,1.68,FILLED,2030.8,2030.8,1720395384367,3364.27973624,L LIQ
2024-07-07 23:41:49.288,WIF,SELL,LIMIT,IOC,5251.1,1.6456652,1.674306,FILLED,589.2,5251.1,1720395709288,8641.55253172,L LIQ
2024-07-07 23:41:53.381,WIF,SELL,LIMIT,IOC,2676.1,1.6491069,1.6741,FILLED,2676.1,2676.1,1720395713381,4413.17497509,L LIQ
2024-07-07 23:42:32.201,WIF,SELL,LIMIT,IOC,2526.7,1.6467917,1.6704418,FILLED,498.6,2526.7,1720395752201,4160.94858839,L LIQ
2024-07-07 23:43:50.156,WIF,SELL,LIMIT,IOC,3000.0,1.6405176,1.6653484,FILLED,717.6,3000.0,1720395830156,4921.5527999999995,L LIQ
2024-07-07 23:43:55.359,WIF,SELL,LIMIT,IOC,3721.6,1.6385251,1.665265,FILLED,17.7,3721.6,1720395835359,6097.93501216,L LIQ
2024-07-07 23:44:43.170,WIF,SELL,LIMIT,IOC,2204.1,1.6337369,1.6586535,FILLED,1022.9,2204.1,1720395883170,3600.9195012899995,L LIQ
2024-07-07 23:46:34.095,WIF,SELL,LIMIT,IOC,3100.0,1.6326175,1.657385,FILLED,346.9,3100.0,1720395994095,5061.1142500000005,L LIQ
2024-07-07 23:47:15.173,WIF,SELL,LIMIT,IOC,3006.6,1.6300727,1.6543645,FILLED,91.3,3006.6,1720396035173,4900.97657982,L LIQ
2024-07-07 23:47:39.214,WIF,SELL,LIMIT,IOC,3576.4,1.6283331,1.6539395,FILLED,82.4,3576.4,1720396059214,5823.57049884,L LIQ
2024-07-07 23:49:03.395,WIF,SELL,LIMIT,IOC,2835.9,1.6275842,1.6511629,FILLED,380.6,2835.9,1720396143395,4615.66603278,L LIQ
2024-07-07 23:49:35.423,WIF,SELL,LIMIT,IOC,2000.0,1.6227381,1.6469721,FILLED,293.6,2000.0,1720396175423,3245.4762,L LIQ
2024-07-07 23:51:19.508,WIF,SELL,LIMIT,IOC,4169.8,1.6193484,1.6469622,FILLED,332.8,4169.8,1720396279508,6752.35895832,L LIQ
2024-07-08 00:09:52.108,WIF,SELL,LIMIT,IOC,2274.1,1.6351083,1.6548301,FILLED,282.5,2274.1,1720397392108,3718.39978503,L LIQ
2024-07-08 00:10:18.224,WIF,SELL,LIMIT,IOC,16183.1,1.6199169,1.6514877,FILLED,169.4,16183.1,1720397418224,26215.27718439,L LIQ
2024-07-08 00:34:44.408,WIF,SELL,LIMIT,IOC,4892.7,1.6086245,1.6356128,FILLED,123.5,4892.7,1720398884408,7870.517091149999,L LIQ
2024-07-08 00:34:50.124,WIF,SELL,LIMIT,IOC,3487.0,1.6095452,1.6298029,FILLED,451.4,3487.0,1720398890124,5612.4841123999995,L LIQ
2024-07-08 00:38:22.822,WIF,SELL,LIMIT,IOC,9489.6,1.5881946,1.6139323,FILLED,30.0,9489.6,1720399102822,15071.33147616,L LIQ
2024-07-08 00:38:32.257,WIF,SELL,LIMIT,IOC,5347.3,1.5883924,1.6153502,FILLED,263.1,5347.3,1720399112257,8493.61068052,L LIQ
2024-07-08 00:38:33.358,WIF,SELL,LIMIT,IOC,2166.7,1.5919288,1.6154375,FILLED,99.6,2166.7,1720399113358,3449.2321309599997,L LIQ
2024-07-08 00:40:42.352,WIF,SELL,LIMIT,IOC,2641.9,1.5819101,1.606979,FILLED,357.5,2641.9,1720399242352,4179.24829319,L LIQ
2024-07-08 00:42:09.297,WIF,SELL,LIMIT,IOC,10000.0,1.573986,1.6038005,FILLED,176.8,10000.0,1720399329297,15739.86,L LIQ
2024-07-08 00:43:13.469,WIF,SELL,LIMIT,IOC,8336.8,1.57295,1.5990122,FILLED,164.9,8336.8,1720399393469,13113.36956,L LIQ
2024-07-08 00:49:20.279,WIF,SELL,LIMIT,IOC,2300.0,1.5775224,1.6001116,FILLED,735.3,2300.0,1720399760279,3628.30152,L LIQ
2024-07-08 00:49:29.193,WIF,SELL,LIMIT,IOC,2411.4,1.5706624,1.593133,FILLED,215.2,2411.4,1720399769193,3787.49531136,L LIQ
2024-07-08 00:54:10.070,WIF,BUY,LIMIT,IOC,3119.6,1.6347401,1.6107263,FILLED,211.8,3119.6,1720400050070,5099.73521596,S LIQ
2024-07-08 00:58:36.445,WIF,SELL,LIMIT,IOC,2783.9,1.5793731,1.6031,FILLED,2749.9,2783.9,1720400316445,4396.81677309,L LIQ
2024-07-08 01:02:53.046,WIF,SELL,LIMIT,IOC,14668.1,1.5615547,1.591295,FILLED,2613.9,14668.1,1720400573046,22905.040495070003,L LIQ
2024-07-08 01:05:37.183,WIF,SELL,LIMIT,IOC,4646.6,1.5572348,1.5812691,FILLED,0.7,4646.6,1720400737183,7235.847221680001,L LIQ
2024-07-08 01:05:38.266,WIF,SELL,LIMIT,IOC,70091.0,1.5469428,1.5804604,FILLED,299.1,70091.0,1720400738266,108426.7677948,L LIQ
2024-07-08 01:05:39.456,WIF,SELL,LIMIT,IOC,9664.2,1.5534755,1.58,FILLED,9664.2,9664.2,1720400739456,15013.0979271,L LIQ
2024-07-08 01:09:51.241,WIF,SELL,LIMIT,IOC,3086.4,1.5562548,1.5779445,FILLED,109.2,3086.4,1720400991241,4803.224814720001,L LIQ
2024-07-08 01:10:04.354,WIF,SELL,LIMIT,IOC,10670.5,1.5446253,1.5685755,FILLED,2.1,10670.5,1720401004354,16481.924263650002,L LIQ
2024-07-08 01:10:33.193,WIF,SELL,LIMIT,IOC,3209.2,1.5427414,1.5635355,FILLED,518.2,3209.2,1720401033193,4950.9657008799995,L LIQ
2024-07-08 01:10:36.065,WIF,SELL,LIMIT,IOC,2148.3,1.5397521,1.5622003,FILLED,38.1,2148.3,1720401036065,3307.8494364300004,L LIQ
2024-07-08 01:10:41.288,WIF,SELL,LIMIT,IOC,3177.9,1.5362021,1.560412,FILLED,163.0,3177.9,1720401041288,4881.89665359,L LIQ
2024-07-08 01:10:57.086,WIF,SELL,LIMIT,IOC,2215.7,1.5367773,1.5604795,FILLED,91.5,2215.7,1720401057086,3405.0374636099996,L LIQ
2024-07-08 01:11:08.234,WIF,SELL,LIMIT,IOC,5551.0,1.5321447,1.558661,FILLED,2160.4,5551.0,1720401068234,8504.935229699999,L LIQ
2024-07-08 01:20:21.320,WIF,BUY,LIMIT,IOC,2239.9,1.6027526,1.5799731,FILLED,321.3,2239.9,1720401621320,3590.0055487400004,S LIQ
2024-07-08 01:25:14.292,WIF,SELL,LIMIT,IOC,2826.8,1.537405,1.5597224,FILLED,355.6,2826.8,1720401914292,4345.936454,L LIQ
2024-07-08 01:29:06.324,WIF,BUY,LIMIT,IOC,2201.5,1.6092444,1.589,FILLED,2201.5,2201.5,1720402146324,3542.7515466,S LIQ
2024-07-08 01:42:25.174,WIF,SELL,LIMIT,IOC,2177.4,1.5523149,1.5739989,FILLED,299.6,2177.4,1720402945174,3380.01046326,L LIQ
2024-07-08 02:03:00.499,WIF,BUY,LIMIT,IOC,2032.5,1.6180115,1.5924682,FILLED,46.4,2032.5,1720404180499,3288.60837375,S LIQ
2024-07-08 02:03:24.195,WIF,BUY,LIMIT,IOC,4191.2,1.6256453,1.6016379,FILLED,339.2,4191.2,1720404204195,6813.40458136,S LIQ
2024-07-08 02:14:48.223,WIF,SELL,LIMIT,IOC,3126.9,1.5672802,1.5906392,FILLED,193.1,3126.9,1720404888223,4900.72845738,L LIQ
2024-07-08 02:25:42.153,WIF,BUY,LIMIT,IOC,7327.2,1.6541958,1.6274497,FILLED,223.7,7327.2,1720405542153,12120.62346576,S LIQ
2024-07-08 02:25:43.302,WIF,BUY,LIMIT,IOC,9403.9,1.6556104,1.6282733,FILLED,674.4,9403.9,1720405543302,15569.19464056,S LIQ
2024-07-08 02:30:00.491,WIF,BUY,LIMIT,IOC,4103.3,1.6608071,1.6348204,FILLED,100.1,4103.3,1720405800491,6814.78977343,S LIQ
2024-07-08 02:32:27.673,WIF,BUY,LIMIT,IOC,11501.7,1.6663471,1.6373256,FILLED,417.6,11501.7,1720405947673,19165.82444007,S LIQ
2024-07-08 02:33:15.317,WIF,BUY,LIMIT,IOC,5917.5,1.6743418,1.646353,FILLED,3599.5,5917.5,1720405995317,9907.9176015,S LIQ
2024-07-08 03:04:18.440,WIF,SELL,LIMIT,IOC,3043.1,1.5965164,1.6192498,FILLED,61.3,3043.1,1720407858440,4858.35905684,L LIQ
2024-07-08 03:33:20.251,WIF,BUY,LIMIT,IOC,3102.2,1.6465657,1.6218893,FILLED,121.0,3102.2,1720409600251,5107.97611454,S LIQ
2024-07-08 03:33:43.366,WIF,BUY,LIMIT,IOC,2342.7,1.6512805,1.6274128,FILLED,115.3,2342.7,1720409623366,3868.454827349999,S LIQ
2024-07-08 03:34:08.180,WIF,BUY,LIMIT,IOC,1873.0,1.6624813,1.6405055,FILLED,185.1,1873.0,1720409648180,3113.8274749,S LIQ
2024-07-08 04:19:27.200,WIF,BUY,LIMIT,IOC,3068.7,1.6528605,1.6288448,FILLED,48.0,3068.7,1720412367200,5072.13301635,S LIQ
2024-07-08 04:33:48.381,WIF,BUY,LIMIT,IOC,2915.6,1.6700131,1.6480935,FILLED,7.1,2915.6,1720413228381,4869.09019436,S LIQ
2024-07-08 04:37:42.137,WIF,BUY,LIMIT,IOC,2145.7,1.6862943,1.6620131,FILLED,376.5,2145.7,1720413462137,3618.2816795099993,S LIQ
2024-07-08 04:38:28.406,WIF,BUY,LIMIT,IOC,2779.0,1.6860104,1.6614,FILLED,62.8,2779.0,1720413508406,4685.4229016,S LIQ
2024-07-08 04:38:34.283,WIF,BUY,LIMIT,IOC,2753.3,1.6864542,1.6626764,FILLED,177.1,2753.3,1720413514283,4643.314348860001,S LIQ
2024-07-08 04:38:54.097,WIF,BUY,LIMIT,IOC,3097.0,1.6884197,1.6630476,FILLED,1142.5,3097.0,1720413534097,5229.0358109,S LIQ
2024-07-08 04:44:43.068,WIF,BUY,LIMIT,IOC,2216.5,1.6901513,1.665749,FILLED,106.6,2216.5,1720413883068,3746.22035645,S LIQ
2024-07-08 04:50:03.261,WIF,BUY,LIMIT,IOC,2950.7,1.7026167,1.6766465,FILLED,188.7,2950.7,1720414203261,5023.91109669,S LIQ
2024-07-08 04:56:49.095,WIF,BUY,LIMIT,IOC,1838.4,1.7141898,1.6891432,FILLED,4.7,1838.4,1720414609095,3151.3665283200003,S LIQ
2024-07-08 05:01:56.495,WIF,BUY,LIMIT,IOC,2241.3,1.7129139,1.6879727,FILLED,1611.8,2241.3,1720414916495,3839.15392407,S LIQ
2024-07-08 06:15:49.238,WIF,SELL,LIMIT,IOC,5970.1,1.6191994,1.6452782,FILLED,620.9,5970.1,1720419349238,9666.782337940002,L LIQ
2024-07-08 06:24:24.311,WIF,SELL,LIMIT,IOC,2338.1,1.6338516,1.6585496,FILLED,389.5,2338.1,1720419864311,3820.10842596,L LIQ
2024-07-08 07:02:31.402,WIF,SELL,LIMIT,IOC,5395.9,1.6330587,1.6543631,FILLED,231.3,5395.9,1720422151402,8811.82143933,L LIQ
2024-07-08 07:04:49.088,WIF,SELL,LIMIT,IOC,3529.4,1.6220027,1.6460371,FILLED,486.7,3529.4,1720422289088,5724.69632938,L LIQ
2024-07-08 07:07:22.266,WIF,SELL,LIMIT,IOC,2985.7,1.6178702,1.6410603,FILLED,1278.6,2985.7,1720422442266,4830.47505614,L LIQ
2024-07-08 07:07:34.328,WIF,SELL,LIMIT,IOC,3009.6,1.6134027,1.637463,FILLED,164.3,3009.6,1720422454328,4855.69676592,L LIQ
2024-07-08 07:07:50.466,WIF,SELL,LIMIT,IOC,2633.4,1.6131349,1.6373475,FILLED,147.1,2633.4,1720422470466,4248.0294456599995,L LIQ
2024-07-08 08:06:39.552,WIF,BUY,LIMIT,IOC,6058.8,1.7245812,1.6941034,FILLED,121.1,6058.8,1720425999552,10448.89257456,S LIQ
2024-07-08 08:06:51.285,WIF,BUY,LIMIT,IOC,2495.6,1.7237035,1.6997966,FILLED,253.2,2495.6,1720426011285,4301.6744546,S LIQ
2024-07-08 08:13:41.338,WIF,BUY,LIMIT,IOC,2994.0,1.747121,1.7202648,FILLED,539.6,2994.0,1720426421338,5230.880274,S LIQ
2024-07-08 08:18:47.435,WIF,BUY,LIMIT,IOC,2108.8,1.7727862,1.7466468,FILLED,646.0,2108.8,1720426727435,3738.4515385600007,S LIQ
2024-07-08 08:24:58.380,WIF,BUY,LIMIT,IOC,3188.2,1.7738906,1.7479585,FILLED,507.0,3188.2,1720427098380,5655.51801092,S LIQ
2024-07-08 08:25:36.236,WIF,BUY,LIMIT,IOC,7647.1,1.7858107,1.753998,FILLED,7499.9,7647.1,1720427136236,13656.273003970002,S LIQ
2024-07-08 08:36:29.050,WIF,BUY,LIMIT,IOC,2000.0,1.7864,1.7605585,FILLED,37.1,2000.0,1720427789050,3572.8,S LIQ
2024-07-08 08:39:11.065,WIF,SELL,LIMIT,IOC,2311.1,1.7319793,1.7564183,FILLED,143.3,2311.1,1720427951065,4002.77736023,L LIQ
2024-07-08 08:49:12.406,WIF,BUY,LIMIT,IOC,1704.4,1.7924446,1.7677899,FILLED,16.5,1704.4,1720428552406,3055.0425762400005,S LIQ
2024-07-08 08:58:35.157,WIF,BUY,LIMIT,IOC,2633.5,1.8122428,1.7849194,FILLED,114.8,2633.5,1720429115157,4772.5414138,S LIQ
2024-07-08 09:01:10.098,WIF,BUY,LIMIT,IOC,2500.0,1.8054238,1.7788213,FILLED,316.7,2500.0,1720429270098,4513.5595,S LIQ
2024-07-08 09:01:53.330,WIF,BUY,LIMIT,IOC,2743.6,1.8268153,1.8041433,FILLED,31.3,2743.6,1720429313330,5012.05045708,S LIQ
2024-07-08 09:43:06.244,WIF,SELL,LIMIT,IOC,2347.4,1.7256126,1.7518045,FILLED,264.5,2347.4,1720431786244,4050.703017240001,L LIQ
2024-07-08 10:26:19.114,WIF,SELL,LIMIT,IOC,2401.5,1.7177024,1.742227,FILLED,355.0,2401.5,1720434379114,4125.0623136,L LIQ
2024-07-08 10:31:13.461,WIF,SELL,LIMIT,IOC,2610.1,1.7090216,1.733763,FILLED,143.6,2610.1,1720434673461,4460.71727816,L LIQ
2024-07-08 10:39:43.286,WIF,SELL,LIMIT,IOC,2890.1,1.6937708,1.7176763,FILLED,33.2,2890.1,1720435183286,4895.16698908,L LIQ
2024-07-08 10:56:56.219,WIF,SELL,LIMIT,IOC,2862.0,1.6752234,1.6988227,FILLED,22.4,2862.0,1720436216219,4794.4893708,L LIQ
2024-07-08 10:56:58.338,WIF,SELL,LIMIT,IOC,2349.1,1.6739772,1.6984621,FILLED,260.0,2349.1,1720436218338,3932.33984052,L LIQ
2024-07-08 10:57:25.415,WIF,SELL,LIMIT,IOC,3644.1,1.6686978,1.6948627,FILLED,798.8,3644.1,1720436245415,6080.901652979999,L LIQ
2024-07-08 10:57:38.415,WIF,SELL,LIMIT,IOC,2874.7,1.6700525,1.6932284,FILLED,22.4,2874.7,1720436258415,4800.8999217499995,L LIQ
2024-07-08 10:58:22.228,WIF,SELL,LIMIT,IOC,5495.4,1.6572818,1.6853901,FILLED,138.0,5495.4,1720436302228,9107.42640372,L LIQ
2024-07-08 11:19:31.293,WIF,SELL,LIMIT,IOC,2499.2,1.6908445,1.715074,FILLED,47.0,2499.2,1720437571293,4225.7585744,L LIQ
2024-07-08 12:06:45.054,WIF,SELL,LIMIT,IOC,2528.0,1.6790577,1.7042,FILLED,440.4,2528.0,1720440405054,4244.6578656,L LIQ
2024-07-08 13:49:36.193,WIF,SELL,LIMIT,IOC,3767.8,1.6861805,1.7127747,FILLED,211.0,3767.8,1720446576193,6353.1908879,L LIQ
2024-07-08 13:52:09.620,WIF,SELL,LIMIT,IOC,11374.6,1.6707293,1.7013873,FILLED,129.6,11374.6,1720446729620,19003.87749578,L LIQ
2024-07-08 14:11:51.130,WIF,SELL,LIMIT,IOC,2855.5,1.7163301,1.7395708,FILLED,833.5,2855.5,1720447911130,4900.9806005499995,L LIQ
2024-07-08 14:20:43.252,WIF,SELL,LIMIT,IOC,2859.7,1.713781,1.7403964,FILLED,205.1,2859.7,1720448443252,4900.8995257,L LIQ
2024-07-08 14:28:32.411,WIF,SELL,LIMIT,IOC,5430.2,1.6741137,1.7024894,FILLED,74.6,5430.2,1720448912411,9090.77221374,L LIQ
2024-07-08 14:29:28.062,WIF,SELL,LIMIT,IOC,4736.3,1.6540758,1.678682,FILLED,197.2,4736.3,1720448968062,7834.19921154,L LIQ
2024-07-08 14:31:04.209,WIF,SELL,LIMIT,IOC,2997.0,1.6582807,1.6732623,FILLED,82.6,2997.0,1720449064209,4969.8672578999995,L LIQ
2024-07-08 14:31:22.725,WIF,SELL,LIMIT,IOC,2043.5,1.6481991,1.6671871,FILLED,37.1,2043.5,1720449082725,3368.0948608500003,L LIQ
2024-07-08 14:31:54.206,WIF,SELL,LIMIT,IOC,1856.9,1.6290039,1.6484751,FILLED,41.8,1856.9,1720449114206,3024.8973419100003,L LIQ
2024-07-08 14:31:55.221,WIF,SELL,LIMIT,IOC,6213.4,1.622181,1.6479966,FILLED,84.8,6213.4,1720449115221,10079.2594254,L LIQ
2024-07-08 14:33:31.319,WIF,SELL,LIMIT,IOC,2642.1,1.618831,1.6394994,FILLED,749.3,2642.1,1720449211319,4277.1133850999995,L LIQ
2024-07-08 14:33:33.124,WIF,SELL,LIMIT,IOC,5046.6,1.6150127,1.6366331,FILLED,95.1,5046.6,1720449213124,8150.323091820001,L LIQ
2024-07-08 14:34:26.714,WIF,SELL,LIMIT,IOC,9598.0,1.6007349,1.6276994,FILLED,3447.6,9598.0,1720449266714,15363.8535702,L LIQ
2024-07-08 14:37:24.193,WIF,BUY,LIMIT,IOC,2637.0,1.6838065,1.6615199,FILLED,24.0,2637.0,1720449444193,4440.1977405,S LIQ
2024-07-08 14:38:31.400,WIF,BUY,LIMIT,IOC,1975.3,1.6967688,1.6745186,FILLED,315.3,1975.3,1720449511400,3351.62741064,S LIQ
2024-07-08 14:38:42.081,WIF,BUY,LIMIT,IOC,1986.3,1.7030668,1.679574,FILLED,341.3,1986.3,1720449522081,3382.80158484,S LIQ
2024-07-08 14:42:15.180,WIF,BUY,LIMIT,IOC,1846.8,1.7136431,1.6938027,FILLED,72.7,1846.8,1720449735180,3164.75607708,S LIQ
2024-07-08 14:45:23.145,WIF,SELL,LIMIT,IOC,2993.7,1.6457793,1.6665587,FILLED,118.9,2993.7,1720449923145,4926.96949041,L LIQ
2024-07-08 15:12:28.500,WIF,BUY,LIMIT,IOC,2978.8,1.7333867,1.7116479,FILLED,167.5,2978.8,1720451548500,5163.41230196,S LIQ
2024-07-08 15:42:54.525,WIF,SELL,LIMIT,IOC,2154.1,1.6433242,1.6672793,FILLED,219.7,2154.1,1720453374525,3539.88465922,L LIQ
2024-07-08 15:43:31.199,WIF,SELL,LIMIT,IOC,2872.3,1.6407229,1.6639194,FILLED,7.9,2872.3,1720453411199,4712.648385670001,L LIQ
2024-07-08 16:25:41.406,WIF,BUY,LIMIT,IOC,5021.9,1.6786293,1.6516536,FILLED,50.1,5021.9,1720455941406,8429.90848167,S LIQ
2024-07-08 16:30:23.297,WIF,SELL,LIMIT,IOC,1992.8,1.6065869,1.6309553,FILLED,49.6,1992.8,1720456223297,3201.60637432,L LIQ
2024-07-08 16:30:53.140,WIF,SELL,LIMIT,IOC,2279.5,1.6046497,1.6271188,FILLED,1689.0,2279.5,1720456253140,3657.79899115,L LIQ
2024-07-08 17:05:41.148,WIF,SELL,LIMIT,IOC,3059.9,1.6209101,1.644633,FILLED,235.5,3059.9,1720458341148,4959.82281499,L LIQ
2024-07-08 17:41:14.213,WIF,SELL,LIMIT,IOC,2387.2,1.6421956,1.6674878,FILLED,197.9,2387.2,1720460474213,3920.24933632,L LIQ
2024-07-08 17:48:44.518,WIF,SELL,LIMIT,IOC,2402.2,1.6320103,1.6562095,FILLED,120.5,2402.2,1720460924518,3920.41514266,L LIQ
2024-07-08 18:05:24.412,WIF,SELL,LIMIT,IOC,2398.2,1.6354143,1.6590044,FILLED,67.8,2398.2,1720461924412,3922.05057426,L LIQ
2024-07-08 18:48:30.166,WIF,BUY,LIMIT,IOC,1824.3,1.7114748,1.6879,FILLED,585.6,1824.3,1720464510166,3122.24347764,S LIQ
2024-07-08 18:50:03.156,WIF,BUY,LIMIT,IOC,3041.9,1.7255562,1.6992583,FILLED,240.4,3041.9,1720464603156,5248.96940478,S LIQ
2024-07-08 20:13:09.432,WIF,BUY,LIMIT,IOC,3785.7,1.734749,1.7128019,FILLED,858.4,3785.7,1720469589432,6567.2392893,S LIQ
2024-07-08 22:01:52.160,WIF,SELL,LIMIT,IOC,2158.2,1.6706177,1.6955642,FILLED,346.8,2158.2,1720476112160,3605.52712014,L LIQ
2024-07-08 23:02:52.119,WIF,SELL,LIMIT,IOC,2958.5,1.6565381,1.6810255,FILLED,2441.1,2958.5,1720479772119,4900.86796885,L LIQ
2024-07-08 23:57:10.545,WIF,SELL,LIMIT,IOC,7268.8,1.6292302,1.6580877,FILLED,421.6,7268.8,1720483030545,11842.54847776,L LIQ
2024-07-08 23:59:58.205,WIF,SELL,LIMIT,IOC,2100.7,1.6319747,1.6561717,FILLED,66.4,2100.7,1720483198205,3428.2892522899997,L LIQ
2024-07-09 00:01:54.229,WIF,SELL,LIMIT,IOC,2967.5,1.6144348,1.6378483,FILLED,447.9,2967.5,1720483314229,4790.835269,L LIQ
2024-07-09 00:30:42.160,WIF,SELL,LIMIT,IOC,4107.2,1.5897519,1.6134103,FILLED,2412.0,4107.2,1720485042160,6529.429003679999,L LIQ
2024-07-09 00:36:00.234,WIF,BUY,LIMIT,IOC,2715.5,1.6465006,1.6227291,FILLED,791.2,2715.5,1720485360234,4471.0723793,S LIQ
2024-07-09 01:08:18.359,WIF,BUY,LIMIT,IOC,3048.9,1.675851,1.6516101,FILLED,97.4,3048.9,1720487298359,5109.5021139,S LIQ
2024-07-09 01:08:42.151,WIF,BUY,LIMIT,IOC,2913.0,1.6801093,1.656897,FILLED,5.3,2913.0,1720487322151,4894.1583909,S LIQ
2024-07-09 01:13:07.588,WIF,BUY,LIMIT,IOC,9274.0,1.7183301,1.6883819,FILLED,625.3,9274.0,1720487587588,15935.7933474,S LIQ
2024-07-09 01:16:35.297,WIF,BUY,LIMIT,IOC,2889.1,1.7109377,1.6866987,FILLED,2850.4,2889.1,1720487795297,4943.0701090699995,S LIQ
2024-07-09 01:30:31.387,WIF,BUY,LIMIT,IOC,2896.0,1.6910647,1.6672687,FILLED,252.2,2896.0,1720488631387,4897.3233712,S LIQ
2024-07-09 02:03:14.104,WIF,SELL,LIMIT,IOC,2181.1,1.597372,1.6200247,FILLED,347.6,2181.1,1720490594104,3484.0280691999997,L LIQ
2024-07-09 02:03:18.251,WIF,SELL,LIMIT,IOC,2140.9,1.5963896,1.6209463,FILLED,217.6,2140.9,1720490598251,3417.71049464,L LIQ
2024-07-09 03:05:14.256,WIF,BUY,LIMIT,IOC,2387.5,1.7169489,1.6916851,FILLED,89.8,2387.5,1720494314256,4099.21549875,S LIQ
2024-07-09 05:39:15.175,WIF,SELL,LIMIT,IOC,2163.9,1.6866143,1.7100514,FILLED,133.7,2163.9,1720503555175,3649.66468377,L LIQ
2024-07-09 06:23:10.495,WIF,BUY,LIMIT,IOC,1805.1,1.7590444,1.7323991,FILLED,389.4,1805.1,1720506190495,3175.25104644,S LIQ
2024-07-09 06:31:35.351,WIF,BUY,LIMIT,IOC,2702.2,1.7686986,1.7442511,FILLED,45.1,2702.2,1720506695351,4779.377356919999,S LIQ
2024-07-09 06:33:04.406,WIF,BUY,LIMIT,IOC,5704.9,1.7753653,1.743988,FILLED,217.5,5704.9,1720506784406,10128.28149997,S LIQ
2024-07-09 06:46:38.271,WIF,SELL,LIMIT,IOC,2557.3,1.708626,1.7326882,FILLED,292.3,2557.3,1720507598271,4369.4692698,L LIQ
2024-07-09 07:18:18.434,WIF,SELL,LIMIT,IOC,2875.5,1.6909987,1.716594,FILLED,336.4,2875.5,1720509498434,4862.46676185,L LIQ
2024-07-09 07:36:41.295,WIF,SELL,LIMIT,IOC,2753.0,1.6858822,1.7111453,FILLED,1443.3,2753.0,1720510601295,4641.2336966,L LIQ
2024-07-09 08:43:53.275,WIF,BUY,LIMIT,IOC,1802.0,1.7650587,1.7407689,FILLED,247.9,1802.0,1720514633275,3180.6357774,S LIQ
2024-07-09 08:46:10.345,WIF,SELL,LIMIT,IOC,2504.3,1.6990654,1.7233743,FILLED,6.5,2504.3,1720514770345,4254.9694812200005,L LIQ
2024-07-09 09:29:24.077,WIF,SELL,LIMIT,IOC,2763.3,1.688134,1.7124575,FILLED,220.7,2763.3,1720517364077,4664.8206822,L LIQ
2024-07-09 10:53:27.225,WIF,SELL,LIMIT,IOC,2873.9,1.6688803,1.6941494,FILLED,100.3,2873.9,1720522407225,4796.195094170001,L LIQ
2024-07-09 11:01:56.083,WIF,SELL,LIMIT,IOC,2902.7,1.6653078,1.6894292,FILLED,2338.5,2902.7,1720522916083,4833.888951059999,L LIQ
2024-07-09 12:25:55.228,WIF,SELL,LIMIT,IOC,2650.4,1.6546272,1.6791235,FILLED,219.9,2650.4,1720527955228,4385.42393088,L LIQ
2024-07-09 13:41:39.331,WIF,SELL,LIMIT,IOC,2676.2,1.6553026,1.6791524,FILLED,173.7,2676.2,1720532499331,4429.920818119999,L LIQ
2024-07-09 14:14:13.145,WIF,BUY,LIMIT,IOC,6115.7,1.7560142,1.7261482,FILLED,28.8,6115.7,1720534453145,10739.25604294,S LIQ
2024-07-09 14:14:41.632,WIF,BUY,LIMIT,IOC,2824.2,1.7557656,1.7272,FILLED,2824.2,2824.2,1720534481632,4958.63320752,S LIQ
2024-07-09 14:30:58.604,WIF,SELL,LIMIT,IOC,2972.4,1.6915738,1.7061573,FILLED,429.9,2972.4,1720535458604,5028.03396312,L LIQ
2024-07-09 14:50:08.237,WIF,SELL,LIMIT,IOC,8067.0,1.6473352,1.6772864,FILLED,687.9,8067.0,1720536608237,13289.0530584,L LIQ
2024-07-09 14:50:45.211,WIF,SELL,LIMIT,IOC,2000.0,1.652405,1.6766652,FILLED,37.4,2000.0,1720536645211,3304.81,L LIQ
2024-07-09 14:51:19.112,WIF,SELL,LIMIT,IOC,3600.0,1.6473697,1.6739165,FILLED,675.3,3600.0,1720536679112,5930.53092,L LIQ
2024-07-09 16:14:35.511,WIF,BUY,LIMIT,IOC,1810.9,1.7377326,1.7133222,FILLED,888.7,1810.9,1720541675511,3146.85996534,S LIQ
2024-07-09 18:49:04.587,WIF,SELL,LIMIT,IOC,2079.9,1.6778631,1.7020663,FILLED,699.9,2079.9,1720550944587,3489.78746169,L LIQ
2024-07-09 19:55:01.063,WIF,BUY,LIMIT,IOC,1784.6,1.7381358,1.7136,FILLED,78.9,1784.6,1720554901063,3101.8771486799997,S LIQ
2024-07-09 20:54:50.272,WIF,SELL,LIMIT,IOC,2913.0,1.6857988,1.7113756,FILLED,710.7,2913.0,1720558490272,4910.7319044,L LIQ
2024-07-09 22:48:54.445,WIF,BUY,LIMIT,IOC,2970.1,1.7285407,1.7031821,FILLED,1014.7,2970.1,1720565334445,5133.938733069999,S LIQ
2024-07-10 00:57:50.311,WIF,SELL,LIMIT,IOC,2933.5,1.6431268,1.6666557,FILLED,230.7,2933.5,1720573070311,4820.112467800001,L LIQ
2024-07-10 01:01:48.391,WIF,SELL,LIMIT,IOC,1840.6,1.6336078,1.658,FILLED,1840.6,1840.6,1720573308391,3006.81851668,L LIQ
2024-07-10 02:36:53.163,WIF,BUY,LIMIT,IOC,2696.3,1.7133695,1.6892778,FILLED,21.7,2696.3,1720579013163,4619.758182850001,S LIQ
2024-07-10 04:01:05.053,WIF,BUY,LIMIT,IOC,2337.1,1.7539867,1.7282169,FILLED,441.3,2337.1,1720584065053,4099.24231657,S LIQ
2024-07-10 04:07:22.691,WIF,SELL,LIMIT,IOC,2309.2,1.7693979,1.7693979,FILLED,2309.2,2309.2,1720584442691,4085.89363068,L LIQ
2024-07-10 04:08:36.549,WIF,BUY,LIMIT,IOC,1817.5,1.7669056,1.7420488,FILLED,322.4,1817.5,1720584516549,3211.3509280000003,S LIQ
2024-07-10 04:37:22.471,WIF,BUY,LIMIT,IOC,9565.7,1.783496,1.7516589,FILLED,559.0,9565.7,1720586242471,17060.3876872,S LIQ
2024-07-10 04:57:54.251,WIF,BUY,LIMIT,IOC,2239.3,1.7841676,1.7586423,FILLED,91.3,2239.3,1720587474251,3995.286506680001,S LIQ
2024-07-10 05:07:10.351,WIF,BUY,LIMIT,IOC,2630.6,1.8005352,1.7742967,FILLED,292.8,2630.6,1720588030351,4736.48789712,S LIQ
2024-07-10 05:07:17.424,WIF,BUY,LIMIT,IOC,3207.9,1.8025518,1.7750454,FILLED,194.9,3207.9,1720588037424,5782.40591922,S LIQ
2024-07-10 05:35:43.138,WIF,SELL,LIMIT,IOC,2777.4,1.7196528,1.745,FILLED,2777.4,2777.4,1720589743138,4776.16368672,L LIQ
2024-07-10 05:36:46.160,WIF,SELL,LIMIT,IOC,2471.6,1.7142287,1.7391929,FILLED,228.4,2471.6,1720589806160,4236.88765492,L LIQ
2024-07-10 06:08:07.175,WIF,SELL,LIMIT,IOC,1901.0,1.7074979,1.7329312,FILLED,120.6,1901.0,1720591687175,3245.9535078999997,L LIQ
2024-07-10 06:08:21.238,WIF,SELL,LIMIT,IOC,3160.4,1.7017131,1.7275717,FILLED,361.3,3160.4,1720591701238,5378.09408124,L LIQ
2024-07-10 08:04:26.112,WIF,SELL,LIMIT,IOC,2906.8,1.6844091,1.7103092,FILLED,117.0,2906.8,1720598666112,4896.240371880001,L LIQ
2024-07-10 09:01:15.069,WIF,SELL,LIMIT,IOC,2192.1,1.6502567,1.6744084,FILLED,144.3,2192.1,1720602075069,3617.52771207,L LIQ
2024-07-10 09:28:45.216,WIF,SELL,LIMIT,IOC,2728.7,1.6440746,1.6686106,FILLED,16.6,2728.7,1720603725216,4486.18636102,L LIQ
2024-07-10 09:30:16.389,WIF,SELL,LIMIT,IOC,4858.0,1.6395347,1.6669935,FILLED,14.2,4858.0,1720603816389,7964.8595726,L LIQ
2024-07-10 09:30:34.276,WIF,SELL,LIMIT,IOC,2092.0,1.6424781,1.6670632,FILLED,183.5,2092.0,1720603834276,3436.0641852,L LIQ
2024-07-10 10:01:10.338,WIF,SELL,LIMIT,IOC,2977.9,1.6457559,1.6704269,FILLED,98.0,2977.9,1720605670338,4900.8964946099995,L LIQ
2024-07-10 11:17:39.473,WIF,SELL,LIMIT,IOC,2500.0,1.6474195,1.6717555,FILLED,364.8,2500.0,1720610259473,4118.54875,L LIQ
2024-07-10 12:17:19.361,WIF,SELL,LIMIT,IOC,2292.7,1.6530338,1.6779483,FILLED,358.7,2292.7,1720613839361,3789.91059326,L LIQ
2024-07-10 12:23:26.228,WIF,SELL,LIMIT,IOC,2671.2,1.6506556,1.6727,FILLED,5.1,2671.2,1720614206228,4409.231238719999,L LIQ
2024-07-10 12:33:11.389,WIF,SELL,LIMIT,IOC,9458.6,1.6260374,1.6556341,FILLED,1693.9,9458.6,1720614791389,15380.03735164,L LIQ
2024-07-10 15:02:16.123,WIF,SELL,LIMIT,IOC,2283.4,1.6293301,1.653,FILLED,2283.4,2283.4,1720623736123,3720.41235034,L LIQ
2024-07-10 15:12:19.517,WIF,BUY,LIMIT,IOC,3029.5,1.6831118,1.6587429,FILLED,67.0,3029.5,1720624339517,5098.987198100001,S LIQ
2024-07-10 17:17:20.606,WIF,SELL,LIMIT,IOC,2282.9,1.6386638,1.6620867,FILLED,218.6,2282.9,1720631840606,3740.90558902,L LIQ
2024-07-10 18:20:34.273,WIF,SELL,LIMIT,IOC,1951.9,1.6320322,1.6564971,FILLED,2.8,1951.9,1720635634273,3185.5636511800003,L LIQ
2024-07-10 19:01:48.114,WIF,SELL,LIMIT,IOC,3007.2,1.6235537,1.6479482,FILLED,166.8,3007.2,1720638108114,4882.350686639999,L LIQ
2024-07-10 19:05:59.083,WIF,SELL,LIMIT,IOC,2936.6,1.6175997,1.6414046,FILLED,183.8,2936.6,1720638359083,4750.24327902,L LIQ
2024-07-10 19:12:47.055,WIF,SELL,LIMIT,IOC,2067.5,1.6169629,1.6404791,FILLED,374.1,2067.5,1720638767055,3343.0707957500003,L LIQ
2024-07-10 20:07:09.514,WIF,SELL,LIMIT,IOC,6794.7,1.6030412,1.6316528,FILLED,9.4,6794.7,1720642029514,10892.18404164,L LIQ
2024-07-10 20:19:13.427,WIF,SELL,LIMIT,IOC,8322.8,1.5972767,1.6260218,FILLED,1098.9,8322.8,1720642753427,13293.81451876,L LIQ
2024-07-10 20:29:21.159,WIF,SELL,LIMIT,IOC,7459.4,1.595672,1.624469,FILLED,1444.5,7459.4,1720643361159,11902.755716799998,L LIQ
2024-07-10 20:30:39.593,WIF,SELL,LIMIT,IOC,2864.8,1.5983868,1.6222433,FILLED,264.6,2864.8,1720643439593,4579.058504640001,L LIQ
2024-07-10 20:31:16.303,WIF,SELL,LIMIT,IOC,4772.2,1.5920794,1.6183,FILLED,4772.2,4772.2,1720643476303,7597.72131268,L LIQ
2024-07-10 20:31:35.126,WIF,SELL,LIMIT,IOC,8576.3,1.5887852,1.6173147,FILLED,4570.5,8576.3,1720643495126,13625.898510759998,L LIQ
2024-07-10 20:41:42.270,WIF,BUY,LIMIT,IOC,1863.1,1.6505631,1.6255678,FILLED,112.1,1863.1,1720644102270,3075.16411161,S LIQ
2024-07-10 21:14:13.227,WIF,SELL,LIMIT,IOC,4500.0,1.58619,1.6125941,FILLED,258.7,4500.0,1720646053227,7137.855,L LIQ
2024-07-10 21:14:41.095,WIF,SELL,LIMIT,IOC,3393.8,1.5807006,1.6044412,FILLED,285.4,3393.8,1720646081095,5364.58169628,L LIQ
2024-07-10 21:15:04.227,WIF,SELL,LIMIT,IOC,2231.1,1.5822056,1.605979,FILLED,816.9,2231.1,1720646104227,3530.05891416,L LIQ
2024-07-10 21:16:31.108,WIF,SELL,LIMIT,IOC,2946.1,1.5787288,1.6020917,FILLED,273.1,2946.1,1720646191108,4651.09291768,L LIQ
2024-07-10 21:20:26.413,WIF,BUY,LIMIT,IOC,1994.8,1.6354753,1.6117,FILLED,57.0,1994.8,1720646426413,3262.44612844,S LIQ
2024-07-10 21:47:48.148,WIF,BUY,LIMIT,IOC,1869.8,1.6427946,1.6187082,FILLED,120.7,1869.8,1720648068148,3071.69734308,S LIQ
2024-07-11 00:20:40.478,WIF,SELL,LIMIT,IOC,3015.4,1.612404,1.6366,FILLED,126.6,3015.4,1720657240478,4862.0430216,L LIQ
2024-07-11 01:23:31.497,WIF,SELL,LIMIT,IOC,2268.2,1.6080355,1.6308751,FILLED,2.4,2268.2,1720661011497,3647.346121099999,L LIQ
2024-07-11 01:38:12.643,WIF,BUY,LIMIT,IOC,2168.0,1.6692635,1.6444394,FILLED,367.0,2168.0,1720661892643,3618.963268,S LIQ
2024-07-11 01:56:07.368,WIF,SELL,LIMIT,IOC,2994.0,1.6332229,1.6571223,FILLED,2113.0,2994.0,1720662967368,4889.8693626,L LIQ
2024-07-11 02:10:43.509,WIF,BUY,LIMIT,IOC,3072.2,1.695077,1.6723754,FILLED,260.7,3072.2,1720663843509,5207.615559399999,S LIQ
2024-07-11 02:15:47.439,WIF,SELL,LIMIT,IOC,1925.0,1.6457157,1.6699402,FILLED,64.8,1925.0,1720664147439,3168.0027225,L LIQ
2024-07-11 02:47:21.509,WIF,SELL,LIMIT,IOC,3003.4,1.6245153,1.6474948,FILLED,182.7,3003.4,1720666041509,4879.06925202,L LIQ
2024-07-11 03:06:36.317,WIF,SELL,LIMIT,IOC,2276.9,1.6143887,1.638,FILLED,2048.8,2276.9,1720667196317,3675.80163103,L LIQ
2024-07-11 03:18:46.091,WIF,SELL,LIMIT,IOC,2757.2,1.6051851,1.6283527,FILLED,243.0,2757.2,1720667926091,4425.816357719999,L LIQ
2024-07-11 03:21:33.525,WIF,SELL,LIMIT,IOC,3000.0,1.5879726,1.6110075,FILLED,492.4,3000.0,1720668093525,4763.9178,L LIQ
2024-07-11 08:44:47.257,WIF,SELL,LIMIT,IOC,2980.2,1.6352852,1.6601194,FILLED,556.1,2980.2,1720687487257,4873.47695304,L LIQ
2024-07-11 10:02:31.319,WIF,BUY,LIMIT,IOC,3017.5,1.6927469,1.6719937,FILLED,20.9,3017.5,1720692151319,5107.86377075,S LIQ
2024-07-11 10:31:11.233,WIF,SELL,LIMIT,IOC,2534.5,1.6426149,1.6669282,FILLED,886.9,2534.5,1720693871233,4163.20746405,L LIQ
2024-07-11 11:49:35.147,WIF,BUY,LIMIT,IOC,3084.7,1.7142169,1.6884,FILLED,2058.5,3084.7,1720698575147,5287.84487143,S LIQ
2024-07-11 12:00:38.426,WIF,SELL,LIMIT,IOC,2912.6,1.6543456,1.6790199,FILLED,369.2,2912.6,1720699238426,4818.44699456,L LIQ
2024-07-11 12:00:59.220,WIF,SELL,LIMIT,IOC,1829.3,1.6506287,1.6754062,FILLED,220.4,1829.3,1720699259220,3019.4950809099996,L LIQ
2024-07-11 12:29:33.682,WIF,SELL,LIMIT,IOC,2869.8,1.6563422,1.6770639,FILLED,293.8,2869.8,1720700973682,4753.370845560001,L LIQ
2024-07-11 12:30:07.744,WIF,BUY,LIMIT,IOC,1924.7,1.7084376,1.696616,FILLED,4.4,1924.7,1720701007744,3288.22984872,S LIQ
2024-07-11 12:30:46.477,WIF,BUY,LIMIT,IOC,3057.9,1.736912,1.7116285,FILLED,916.2,3057.9,1720701046477,5311.3032048000005,S LIQ
2024-07-11 12:30:51.203,WIF,BUY,LIMIT,IOC,2978.9,1.7373376,1.7128828,FILLED,1723.0,2978.9,1720701051203,5175.35497664,S LIQ
2024-07-11 12:31:01.625,WIF,BUY,LIMIT,IOC,6231.0,1.7448913,1.7173064,FILLED,438.3,6231.0,1720701061625,10872.4176903,S LIQ
2024-07-11 12:34:56.282,WIF,BUY,LIMIT,IOC,2543.2,1.7556771,1.732389,FILLED,97.6,2543.2,1720701296282,4465.038000719999,S LIQ
2024-07-11 12:52:44.263,WIF,SELL,LIMIT,IOC,2166.4,1.6674945,1.6914862,FILLED,85.9,2166.4,1720702364263,3612.460084800001,L LIQ
2024-07-11 12:54:23.474,WIF,SELL,LIMIT,IOC,2367.2,1.6550344,1.679993,FILLED,162.2,2367.2,1720702463474,3917.79743168,L LIQ
2024-07-11 13:33:13.127,WIF,SELL,LIMIT,IOC,1856.6,1.6427705,1.6669492,FILLED,19.1,1856.6,1720704793127,3049.9677103,L LIQ
2024-07-11 14:13:10.382,WIF,SELL,LIMIT,IOC,2697.4,1.6353261,1.6588409,FILLED,318.5,2697.4,1720707190382,4411.12862214,L LIQ
2024-07-11 14:17:40.356,WIF,SELL,LIMIT,IOC,2997.7,1.6304267,1.6543444,FILLED,138.8,2997.7,1720707460356,4887.53011859,L LIQ
2024-07-11 14:17:56.146,WIF,SELL,LIMIT,IOC,1940.9,1.6248406,1.6473955,FILLED,45.1,1940.9,1720707476146,3153.65312054,L LIQ
2024-07-11 14:19:02.720,WIF,SELL,LIMIT,IOC,2897.1,1.6157907,1.6410944,FILLED,160.9,2897.1,1720707542720,4681.10723697,L LIQ
2024-07-11 14:20:24.492,WIF,SELL,LIMIT,IOC,2050.7,1.6122827,1.6357196,FILLED,209.4,2050.7,1720707624492,3306.30813289,L LIQ
2024-07-11 14:21:27.252,WIF,SELL,LIMIT,IOC,19708.8,1.6039879,1.6321284,FILLED,337.6,19708.8,1720707687252,31612.67672352,L LIQ
2024-07-11 14:21:38.168,WIF,SELL,LIMIT,IOC,2905.1,1.6089391,1.6304711,FILLED,48.8,2905.1,1720707698168,4674.128979409999,L LIQ
2024-07-11 14:21:42.264,WIF,SELL,LIMIT,IOC,2097.2,1.6074004,1.6295198,FILLED,156.0,2097.2,1720707702264,3371.0401188799997,L LIQ
2024-07-11 14:22:14.261,WIF,SELL,LIMIT,IOC,1896.1,1.6032458,1.6266765,FILLED,232.1,1896.1,1720707734261,3039.91436138,L LIQ
2024-07-11 15:16:11.144,WIF,SELL,LIMIT,IOC,2443.6,1.604182,1.6273451,FILLED,236.5,2443.6,1720710971144,3919.9791352,L LIQ
2024-07-11 15:31:13.163,WIF,SELL,LIMIT,IOC,3595.3,1.6034101,1.6186995,FILLED,190.3,3595.3,1720711873163,5764.74033253,L LIQ
2024-07-11 15:34:30.339,WIF,SELL,LIMIT,IOC,2387.7,1.5918085,1.6148,FILLED,336.9,2387.7,1720712070339,3800.761155449999,L LIQ
2024-07-11 15:46:13.417,WIF,SELL,LIMIT,IOC,2697.3,1.5834621,1.6049573,FILLED,318.1,2697.3,1720712773417,4271.07232233,L LIQ
2024-07-11 15:47:10.519,WIF,SELL,LIMIT,IOC,2378.1,1.5812582,1.6044694,FILLED,249.5,2378.1,1720712830519,3760.390125419999,L LIQ
2024-07-11 15:51:36.170,WIF,SELL,LIMIT,IOC,2544.0,1.5632827,1.5857211,FILLED,206.3,2544.0,1720713096170,3976.9911888,L LIQ
2024-07-11 15:52:34.366,WIF,SELL,LIMIT,IOC,2947.5,1.5590216,1.5836999,FILLED,336.9,2947.5,1720713154366,4595.216165999999,L LIQ
2024-07-11 16:04:52.189,WIF,SELL,LIMIT,IOC,20019.9,1.5538847,1.5833134,FILLED,4166.1,20019.9,1720713892189,31108.61630553,L LIQ
2024-07-11 16:05:14.067,WIF,SELL,LIMIT,IOC,2932.5,1.5584671,1.5821505,FILLED,84.4,2932.5,1720713914067,4570.2047707500005,L LIQ
2024-07-11 16:05:26.475,WIF,SELL,LIMIT,IOC,3052.5,1.5581716,1.5807529,FILLED,216.8,3052.5,1720713926475,4756.318809,L LIQ
2024-07-11 16:06:58.146,WIF,BUY,LIMIT,IOC,2350.4,1.6133804,1.5897249,FILLED,917.8,2350.4,1720714018146,3792.08929216,S LIQ
2024-07-11 16:16:15.076,WIF,SELL,LIMIT,IOC,2500.0,1.5445941,1.5678904,FILLED,222.6,2500.0,1720714575076,3861.48525,L LIQ
2024-07-11 16:32:37.606,WIF,BUY,LIMIT,IOC,3000.4,1.608919,1.5855044,FILLED,607.5,3000.4,1720715557606,4827.4005676,S LIQ
2024-07-11 16:35:30.323,WIF,SELL,LIMIT,IOC,2049.1,1.5548913,1.5780612,FILLED,460.9,2049.1,1720715730323,3186.12776283,L LIQ
2024-07-11 19:10:42.377,WIF,SELL,LIMIT,IOC,18059.6,1.5329079,1.5620789,FILLED,544.4,18059.6,1720725042377,27683.70351084,L LIQ
2024-07-11 19:10:59.368,WIF,SELL,LIMIT,IOC,5122.2,1.5355997,1.5613439,FILLED,320.1,5122.2,1720725059368,7865.648783339999,L LIQ
2024-07-11 19:11:02.219,WIF,SELL,LIMIT,IOC,2996.6,1.5381777,1.5611476,FILLED,409.8,2996.6,1720725062219,4609.30329582,L LIQ
2024-07-11 19:16:06.423,WIF,SELL,LIMIT,IOC,2161.1,1.5355991,1.5582,FILLED,897.5,2161.1,1720725366423,3318.58321501,L LIQ
2024-07-11 19:16:11.238,WIF,SELL,LIMIT,IOC,2518.6,1.5341888,1.5565894,FILLED,18.3,2518.6,1720725371238,3864.00791168,L LIQ
2024-07-11 19:16:16.145,WIF,SELL,LIMIT,IOC,20480.0,1.5250644,1.5536639,FILLED,572.1,20480.0,1720725376145,31233.318912,L LIQ
2024-07-11 19:29:51.229,WIF,SELL,LIMIT,IOC,2195.8,1.5139068,1.5348541,FILLED,1206.1,2195.8,1720726191229,3324.2365514400003,L LIQ
2024-07-11 19:29:53.144,WIF,SELL,LIMIT,IOC,2774.7,1.5130419,1.535592,FILLED,202.0,2774.7,1720726193144,4198.23735993,L LIQ
2024-07-11 19:32:14.109,WIF,SELL,LIMIT,IOC,4804.8,1.5087692,1.5337998,FILLED,507.9,4804.8,1720726334109,7249.33425216,L LIQ
2024-07-11 19:34:07.169,WIF,SELL,LIMIT,IOC,55744.7,1.500615,1.5333189,FILLED,49949.8,55744.7,1720726447169,83651.3329905,L LIQ
2024-07-11 20:01:41.173,WIF,SELL,LIMIT,IOC,2448.8,1.5111572,1.5347202,FILLED,478.0,2448.8,1720728101173,3700.52175136,L LIQ
2024-07-11 20:05:15.230,WIF,SELL,LIMIT,IOC,3144.6,1.5144607,1.5365318,FILLED,19.3,3144.6,1720728315230,4762.3731172200005,L LIQ
2024-07-11 20:12:00.514,WIF,SELL,LIMIT,IOC,2447.8,1.5065508,1.5290826,FILLED,287.2,2447.8,1720728720514,3687.7350482400007,L LIQ
2024-07-11 20:12:35.374,WIF,SELL,LIMIT,IOC,3034.5,1.506257,1.5270129,FILLED,2642.8,3034.5,1720728755374,4570.736866499999,L LIQ
2024-07-11 20:12:36.416,WIF,SELL,LIMIT,IOC,2192.6,1.5060728,1.5253,FILLED,1834.1,2192.6,1720728756416,3302.21522128,L LIQ
2024-07-11 20:12:37.418,WIF,SELL,LIMIT,IOC,6476.8,1.500918,1.5236096,FILLED,199.8,6476.8,1720728757418,9721.1457024,L LIQ
2024-07-11 20:12:39.449,WIF,SELL,LIMIT,IOC,2628.4,1.5005519,1.5224148,FILLED,33.0,2628.4,1720728759449,3944.05061396,L LIQ
2024-07-11 20:13:15.124,WIF,SELL,LIMIT,IOC,2427.1,1.4998718,1.5215478,FILLED,83.5,2427.1,1720728795124,3640.33884578,L LIQ
2024-07-11 20:14:03.358,WIF,SELL,LIMIT,IOC,3051.6,1.4976926,1.51979,FILLED,278.9,3051.6,1720728843358,4570.35873816,L LIQ
2024-07-11 20:14:22.461,WIF,SELL,LIMIT,IOC,2800.0,1.4961348,1.5190286,FILLED,1521.4,2800.0,1720728862461,4189.17744,L LIQ
2024-07-11 20:22:47.271,WIF,SELL,LIMIT,IOC,3178.0,1.4973164,1.5188582,FILLED,278.2,3178.0,1720729367271,4758.4715192,L LIQ
2024-07-11 20:31:38.496,WIF,SELL,LIMIT,IOC,4458.7,1.4922827,1.5161222,FILLED,420.2,4458.7,1720729898496,6653.64087449,L LIQ
2024-07-11 20:31:42.247,WIF,SELL,LIMIT,IOC,5940.1,1.4901015,1.5156471,FILLED,103.6,5940.1,1720729902247,8851.35192015,L LIQ
2024-07-11 20:46:10.284,WIF,SELL,LIMIT,IOC,3266.5,1.499312,1.5215739,FILLED,10.7,3266.5,1720730770284,4897.502648,L LIQ
2024-07-11 21:20:18.376,WIF,SELL,LIMIT,IOC,3161.1,1.4862858,1.5088574,FILLED,140.3,3161.1,1720732818376,4698.29804238,L LIQ
2024-07-11 21:20:35.114,WIF,SELL,LIMIT,IOC,11827.7,1.4792867,1.5069454,FILLED,87.4,11827.7,1720732835114,17496.55930159,L LIQ
2024-07-11 21:24:27.249,WIF,SELL,LIMIT,IOC,2272.9,1.4834854,1.5039,FILLED,1050.5,2272.9,1720733067249,3371.81396566,L LIQ
2024-07-11 21:24:31.236,WIF,SELL,LIMIT,IOC,6412.7,1.4778647,1.5025681,FILLED,142.8,6412.7,1720733071236,9477.10296169,L LIQ
2024-07-11 21:24:55.136,WIF,SELL,LIMIT,IOC,3021.3,1.4805587,1.5027159,FILLED,62.0,3021.3,1720733095136,4473.21200031,L LIQ
2024-07-11 21:27:59.154,WIF,SELL,LIMIT,IOC,4325.2,1.4779079,1.5017691,FILLED,142.4,4325.2,1720733279154,6392.247249079999,L LIQ
2024-07-11 21:28:00.549,WIF,SELL,LIMIT,IOC,44002.3,1.4707581,1.501153,FILLED,6943.6,44002.3,1720733280549,64716.73914363001,L LIQ
2024-07-11 21:28:03.407,WIF,SELL,LIMIT,IOC,3314.1,1.4788249,1.5005137,FILLED,243.7,3314.1,1720733283407,4900.97360109,L LIQ
2024-07-11 21:31:54.274,WIF,SELL,LIMIT,IOC,5274.9,1.4749473,1.5002,FILLED,1732.1,5274.9,1720733514274,7780.199512769999,L LIQ
2024-07-11 21:32:34.163,WIF,SELL,LIMIT,IOC,2274.7,1.4764354,1.4982934,FILLED,158.7,2274.7,1720733554163,3358.4476043799996,L LIQ
2024-07-11 21:32:35.529,WIF,SELL,LIMIT,IOC,3186.5,1.4763308,1.4982013,FILLED,2002.2,3186.5,1720733555529,4704.3280942,L LIQ
2024-07-11 21:33:46.209,WIF,SELL,LIMIT,IOC,4922.4,1.4719181,1.4998497,FILLED,245.9,4922.4,1720733626209,7245.369655439999,L LIQ
2024-07-11 22:01:45.465,WIF,SELL,LIMIT,IOC,2658.0,1.4846097,1.5055671,FILLED,1307.9,2658.0,1720735305465,3946.0925826,L LIQ
2024-07-11 22:35:20.440,WIF,BUY,LIMIT,IOC,3321.1,1.5593172,1.5373388,FILLED,65.5,3321.1,1720737320440,5178.6483529199995,S LIQ
2024-07-11 22:46:58.596,WIF,SELL,LIMIT,IOC,12012.4,1.5066752,1.535,FILLED,12009.1,12012.4,1720738018596,18098.78517248,L LIQ
2024-07-12 00:23:30.086,WIF,BUY,LIMIT,IOC,12298.5,1.5747904,1.5464528,FILLED,240.4,12298.5,1720743810086,19367.5597344,S LIQ
2024-07-12 00:53:33.213,WIF,BUY,LIMIT,IOC,19538.0,1.6024624,1.5739451,FILLED,484.9,19538.0,1720745613213,31308.9103712,S LIQ
2024-07-12 01:01:11.204,WIF,BUY,LIMIT,IOC,3450.1,1.599009,1.5756447,FILLED,1004.7,3450.1,1720746071204,5516.7409509,S LIQ
2024-07-12 01:01:16.415,WIF,BUY,LIMIT,IOC,8121.8,1.6043269,1.5761977,FILLED,531.4,8121.8,1720746076415,13030.02221642,S LIQ
2024-07-12 01:18:03.113,WIF,SELL,LIMIT,IOC,3277.1,1.5404193,1.5637903,FILLED,24.1,3277.1,1720747083113,5048.10808803,L LIQ
2024-07-12 01:18:11.355,WIF,SELL,LIMIT,IOC,3061.2,1.5403562,1.5633,FILLED,199.9,3061.2,1720747091355,4715.338399439999,L LIQ
2024-07-12 01:25:46.178,WIF,SELL,LIMIT,IOC,10000.0,1.512608,1.5390614,FILLED,335.5,10000.0,1720747546178,15126.08,L LIQ
2024-07-12 01:26:38.113,WIF,SELL,LIMIT,IOC,2968.1,1.5146044,1.5363145,FILLED,136.2,2968.1,1720747598113,4495.49731964,L LIQ
2024-07-12 01:37:21.426,WIF,BUY,LIMIT,IOC,2271.3,1.5802754,1.5568,FILLED,810.3,2271.3,1720748241426,3589.2795160200008,S LIQ
2024-07-12 02:18:26.215,WIF,BUY,LIMIT,IOC,1945.2,1.5959879,1.5723996,FILLED,777.2,1945.2,1720750706215,3104.5156630799997,S LIQ
2024-07-12 02:24:52.456,WIF,BUY,LIMIT,IOC,2565.7,1.6074112,1.5847019,FILLED,822.4,2565.7,1720751092456,4124.13491584,S LIQ
2024-07-12 04:46:02.127,WIF,BUY,LIMIT,IOC,3162.7,1.6161829,1.5921,FILLED,279.2,3162.7,1720759562127,5111.50165783,S LIQ
2024-07-12 07:32:45.436,WIF,SELL,LIMIT,IOC,2298.4,1.5430432,1.5651576,FILLED,599.8,2298.4,1720769565436,3546.5304908800003,L LIQ
2024-07-12 07:32:57.118,WIF,SELL,LIMIT,IOC,3275.5,1.5411767,1.5631978,FILLED,1145.7,3275.5,1720769577118,5048.12428085,L LIQ
2024-07-12 07:42:37.250,WIF,SELL,LIMIT,IOC,3153.3,1.5360081,1.5580296,FILLED,159.8,3153.3,1720770157250,4843.494341730001,L LIQ
2024-07-12 12:07:34.272,WIF,SELL,LIMIT,IOC,2563.4,1.5152692,1.5383669,FILLED,91.1,2563.4,1720786054272,3884.24106728,L LIQ
2024-07-12 12:30:52.087,WIF,SELL,LIMIT,IOC,4665.9,1.5024119,1.5244929,FILLED,252.1,4665.9,1720787452087,7010.103684209999,L LIQ
2024-07-12 12:30:55.075,WIF,SELL,LIMIT,IOC,3214.4,1.5040393,1.5245296,FILLED,264.6,3214.4,1720787455075,4834.58392592,L LIQ
2024-07-12 12:54:14.213,WIF,BUY,LIMIT,IOC,1950.7,1.5710365,1.5477011,FILLED,90.4,1950.7,1720788854213,3064.62090055,S LIQ
2024-07-12 12:56:15.449,WIF,BUY,LIMIT,IOC,2491.3,1.5755293,1.5524243,FILLED,712.0,2491.3,1720788975449,3925.11614509,S LIQ
2024-07-12 13:16:18.273,WIF,BUY,LIMIT,IOC,1945.1,1.6040425,1.5809663,FILLED,298.2,1945.1,1720790178273,3120.02306675,S LIQ
2024-07-12 15:32:39.309,WIF,SELL,LIMIT,IOC,3125.0,1.5575722,1.5795258,FILLED,76.1,3125.0,1720798359309,4867.413125,L LIQ
2024-07-12 16:28:10.238,WIF,BUY,LIMIT,IOC,3111.5,1.6178084,1.5933266,FILLED,267.3,3111.5,1720801690238,5033.8108366,S LIQ
2024-07-12 17:04:01.434,WIF,SELL,LIMIT,IOC,3175.6,1.5389182,1.5622,FILLED,175.5,3175.6,1720803841434,4886.98863592,L LIQ
2024-07-12 18:17:42.469,WIF,BUY,LIMIT,IOC,3167.8,1.6003827,1.5772903,FILLED,215.0,3167.8,1720808262469,5069.69231706,S LIQ
2024-07-12 18:46:34.484,WIF,BUY,LIMIT,IOC,33670.2,1.6403477,1.6086451,FILLED,9002.1,33670.2,1720809994484,55230.83512853999,S LIQ
2024-07-12 18:53:40.494,WIF,SELL,LIMIT,IOC,3095.0,1.5773511,1.601201,FILLED,1047.2,3095.0,1720810420494,4881.9016545,L LIQ
2024-07-12 19:00:46.594,WIF,SELL,LIMIT,IOC,2498.0,1.5845011,1.6070542,FILLED,394.6,2498.0,1720810846594,3958.0837478,L LIQ
2024-07-12 19:06:40.362,WIF,SELL,LIMIT,IOC,3092.1,1.5772094,1.5995117,FILLED,126.2,3092.1,1720811200362,4876.88918574,L LIQ
2024-07-12 19:18:07.335,WIF,SELL,LIMIT,IOC,3127.3,1.5660007,1.5888399,FILLED,203.7,3127.3,1720811887335,4897.35398911,L LIQ
2024-07-12 20:16:31.098,WIF,SELL,LIMIT,IOC,6249.6,1.5354243,1.561087,FILLED,102.3,6249.6,1720815391098,9595.78770528,L LIQ
2024-07-12 20:19:29.107,WIF,SELL,LIMIT,IOC,7724.8,1.5299694,1.5562534,FILLED,361.9,7724.8,1720815569107,11818.70762112,L LIQ
2024-07-12 20:21:12.489,WIF,SELL,LIMIT,IOC,3161.3,1.5302961,1.5529505,FILLED,49.9,3161.3,1720815672489,4837.72506093,L LIQ
2024-07-12 20:21:15.145,WIF,SELL,LIMIT,IOC,3137.9,1.5294606,1.5517997,FILLED,111.4,3137.9,1720815675145,4799.29441674,L LIQ
2024-07-12 20:24:55.598,WIF,SELL,LIMIT,IOC,10348.5,1.5172529,1.5452083,FILLED,482.7,10348.5,1720815895598,15701.29163565,L LIQ
2024-07-12 20:24:59.162,WIF,SELL,LIMIT,IOC,3188.1,1.5224988,1.5450618,FILLED,2070.0,3188.1,1720815899162,4853.878424279999,L LIQ
2024-07-12 21:47:41.050,WIF,SELL,LIMIT,IOC,2030.3,1.5321652,1.5555,FILLED,2030.3,2030.3,1720820861050,3110.7550055599995,L LIQ
2024-07-12 21:48:20.123,WIF,SELL,LIMIT,IOC,2570.7,1.5319735,1.5545404,FILLED,213.3,2570.7,1720820900123,3938.24427645,L LIQ
2024-07-13 01:12:56.326,WIF,BUY,LIMIT,IOC,9383.7,1.6306743,1.6030665,FILLED,54.1,9383.7,1720833176326,15301.75842891,S LIQ
2024-07-13 06:31:05.550,WIF,SELL,LIMIT,IOC,2115.3,1.5851012,1.6078389,FILLED,108.5,2115.3,1720852265550,3352.96456836,L LIQ
2024-07-13 06:39:12.346,WIF,SELL,LIMIT,IOC,3103.4,1.5775142,1.5998499,FILLED,546.5,3103.4,1720852752346,4895.65756828,L LIQ
2024-07-13 06:40:09.354,WIF,SELL,LIMIT,IOC,2258.6,1.5656484,1.5888639,FILLED,120.2,2258.6,1720852809354,3536.1734762399997,L LIQ
2024-07-13 07:03:26.110,WIF,SELL,LIMIT,IOC,2851.7,1.5574121,1.5805747,FILLED,87.3,2851.7,1720854206110,4441.27208557,L LIQ
2024-07-13 08:49:53.321,WIF,SELL,LIMIT,IOC,3075.6,1.5628348,1.5860839,FILLED,226.2,3075.6,1720860593321,4806.6547108800005,L LIQ
2024-07-13 08:53:17.233,WIF,SELL,LIMIT,IOC,3216.6,1.5586881,1.5817079,FILLED,2350.6,3216.6,1720860797233,5013.67614246,L LIQ
2024-07-13 09:56:01.155,WIF,BUY,LIMIT,IOC,2485.6,1.6294803,1.6072636,FILLED,285.5,2485.6,1720864561155,4050.23623368,S LIQ
2024-07-13 10:34:36.075,WIF,SELL,LIMIT,IOC,1951.8,1.563812,1.586,FILLED,1951.8,1951.8,1720866876075,3052.2482616,L LIQ
2024-07-13 13:57:46.135,WIF,SELL,LIMIT,IOC,2875.1,1.5696235,1.5926635,FILLED,105.4,2875.1,1720879066135,4512.82452485,L LIQ
2024-07-13 13:58:39.453,WIF,SELL,LIMIT,IOC,2345.7,1.5677804,1.5912902,FILLED,431.6,2345.7,1720879119453,3677.54248428,L LIQ
2024-07-13 18:37:54.590,WIF,SELL,LIMIT,IOC,2051.3,1.5619152,1.5851138,FILLED,112.9,2051.3,1720895874590,3203.9566497600003,L LIQ
2024-07-13 20:07:49.403,WIF,SELL,LIMIT,IOC,2332.9,1.564577,1.58776,FILLED,220.9,2332.9,1720901269403,3650.0016833,L LIQ
2024-07-13 22:17:26.634,WIF,SELL,LIMIT,IOC,2305.4,1.5630189,1.5865,FILLED,2072.1,2305.4,1720909046634,3603.38377206,L LIQ
2024-07-13 22:24:47.505,WIF,SELL,LIMIT,IOC,2483.4,1.5506991,1.5739,FILLED,169.8,2483.4,1720909487505,3851.006144940001,L LIQ
2024-07-13 22:25:22.224,WIF,SELL,LIMIT,IOC,2137.3,1.5476074,1.5707899,FILLED,270.3,2137.3,1720909522224,3307.7012960200004,L LIQ
2024-07-13 22:31:21.314,WIF,SELL,LIMIT,IOC,2983.2,1.5432537,1.5656,FILLED,1174.6,2983.2,1720909881314,4603.83443784,L LIQ
2024-07-13 22:31:37.087,WIF,SELL,LIMIT,IOC,3124.5,1.5419276,1.5654,FILLED,90.0,3124.5,1720909897087,4817.7527862,L LIQ
2024-07-13 23:36:46.099,WIF,SELL,LIMIT,IOC,2340.5,1.5823158,1.6055277,FILLED,537.7,2340.5,1720913806099,3703.4101299,L LIQ
2024-07-13 23:49:00.267,WIF,SELL,LIMIT,IOC,3099.6,1.5812464,1.6051797,FILLED,133.4,3099.6,1720914540267,4901.23134144,L LIQ
2024-07-14 01:44:09.325,WIF,BUY,LIMIT,IOC,1917.3,1.6788945,1.6605684,FILLED,130.4,1917.3,1720921449325,3218.94442485,S LIQ
2024-07-14 01:44:29.074,WIF,BUY,LIMIT,IOC,4318.5,1.6904488,1.6693675,FILLED,670.8,4318.5,1720921469074,7300.2031428,S LIQ
2024-07-14 02:00:18.467,WIF,BUY,LIMIT,IOC,3179.7,1.7026338,1.6782716,FILLED,806.1,3179.7,1720922418467,5413.8646938599995,S LIQ
2024-07-14 04:20:32.187,WIF,BUY,LIMIT,IOC,1875.3,1.6950126,1.6710312,FILLED,26.4,1875.3,1720930832187,3178.65712878,S LIQ
2024-07-14 04:22:12.158,WIF,BUY,LIMIT,IOC,2173.2,1.709874,1.6861855,FILLED,1859.3,2173.2,1720930932158,3715.8981767999994,S LIQ
2024-07-14 04:40:11.261,WIF,SELL,LIMIT,IOC,2000.0,1.6303697,1.6548,FILLED,1295.2,2000.0,1720932011261,3260.7394,L LIQ
2024-07-14 05:36:20.524,WIF,BUY,LIMIT,IOC,1806.9,1.7032698,1.6772,FILLED,792.9,1806.9,1720935380524,3077.63820162,S LIQ
2024-07-14 05:50:30.613,WIF,BUY,LIMIT,IOC,2984.2,1.7087521,1.6849205,FILLED,198.7,2984.2,1720936230613,5099.25801682,S LIQ
2024-07-14 07:16:46.083,WIF,BUY,LIMIT,IOC,2396.6,1.7014762,1.6770415,FILLED,63.6,2396.6,1720941406083,4077.75786092,S LIQ
2024-07-14 07:44:15.452,WIF,BUY,LIMIT,IOC,2217.6,1.7258527,1.6997326,FILLED,156.6,2217.6,1720943055452,3827.250947519999,S LIQ
2024-07-14 08:18:22.241,WIF,BUY,LIMIT,IOC,2226.0,1.7329103,1.7076348,FILLED,58.3,2226.0,1720945102241,3857.4583278,S LIQ
2024-07-14 08:18:32.088,WIF,BUY,LIMIT,IOC,2954.7,1.7343958,1.7089388,FILLED,84.2,2954.7,1720945112088,5124.619270259999,S LIQ
2024-07-14 08:25:46.352,WIF,BUY,LIMIT,IOC,2714.8,1.7402554,1.715,FILLED,374.7,2714.8,1720945546352,4724.44535992,S LIQ
2024-07-14 09:02:06.493,WIF,BUY,LIMIT,IOC,2021.9,1.7547356,1.7291185,FILLED,375.2,2021.9,1720947726493,3547.8999096400003,S LIQ
2024-07-14 09:21:16.350,WIF,SELL,LIMIT,IOC,2496.3,1.6997924,1.725,FILLED,2496.3,2496.3,1720948876350,4243.19176812,L LIQ
2024-07-14 09:26:13.131,WIF,BUY,LIMIT,IOC,1976.5,1.7608193,1.7362034,FILLED,129.6,1976.5,1720949173131,3480.25934645,S LIQ
2024-07-14 09:42:50.257,WIF,SELL,LIMIT,IOC,2275.4,1.7227251,1.7485399,FILLED,445.7,2275.4,1720950170257,3919.88869254,L LIQ
2024-07-14 10:01:41.193,WIF,BUY,LIMIT,IOC,2170.4,1.7837222,1.7586993,FILLED,264.2,2170.4,1720951301193,3871.39066288,S LIQ
2024-07-14 10:45:46.446,WIF,SELL,LIMIT,IOC,2553.0,1.7023372,1.728,FILLED,84.1,2553.0,1720953946446,4346.0668716,L LIQ
2024-07-14 12:53:32.156,WIF,SELL,LIMIT,IOC,2745.2,1.6621994,1.6866704,FILLED,55.2,2745.2,1720961612156,4563.06979288,L LIQ
2024-07-14 13:17:02.624,WIF,BUY,LIMIT,IOC,2096.3,1.7271,1.7022637,FILLED,130.6,2096.3,1720963022624,3620.51973,S LIQ
2024-07-14 13:33:18.220,WIF,SELL,LIMIT,IOC,2496.2,1.6538833,1.6768343,FILLED,924.9,2496.2,1720963998220,4128.42349346,L LIQ
2024-07-14 14:18:56.452,WIF,SELL,LIMIT,IOC,2309.3,1.6456311,1.67,FILLED,2309.3,2309.3,1720966736452,3800.25589923,L LIQ
2024-07-14 14:28:15.255,WIF,SELL,LIMIT,IOC,4160.1,1.637424,1.6636479,FILLED,181.0,4160.1,1720967295255,6811.847582400001,L LIQ
2024-07-14 14:51:20.166,WIF,BUY,LIMIT,IOC,2824.5,1.7189755,1.6943419,FILLED,747.3,2824.5,1720968680166,4855.24629975,S LIQ
2024-07-14 17:13:09.520,WIF,SELL,LIMIT,IOC,2152.4,1.6516237,1.6759,FILLED,408.2,2152.4,1720977189520,3554.95485188,L LIQ
2024-07-14 21:49:51.245,WIF,BUY,LIMIT,IOC,2405.5,1.7449218,1.719134,FILLED,167.3,2405.5,1720993791245,4197.4093899,S LIQ
2024-07-14 21:57:57.411,WIF,BUY,LIMIT,IOC,3732.6,1.7624417,1.7379092,FILLED,1417.1,3732.6,1720994277411,6578.4898894200005,S LIQ
2024-07-14 23:46:28.244,WIF,SELL,LIMIT,IOC,2602.7,1.7163842,1.741883,FILLED,422.5,2602.7,1721000788244,4467.23315734,L LIQ
2024-07-15 00:27:25.288,WIF,BUY,LIMIT,IOC,2989.1,1.7763455,1.7503802,FILLED,87.0,2989.1,1721003245288,5309.67433405,S LIQ
2024-07-15 00:46:09.143,WIF,BUY,LIMIT,IOC,7368.4,1.7912484,1.7601169,FILLED,8.8,7368.4,1721004369143,13198.63471056,S LIQ
2024-07-15 00:47:28.270,WIF,BUY,LIMIT,IOC,2885.3,1.8003864,1.7756424,FILLED,49.0,2885.3,1721004448270,5194.654879920001,S LIQ
2024-07-15 00:48:18.376,WIF,BUY,LIMIT,IOC,3359.9,1.8045915,1.776395,FILLED,28.5,3359.9,1721004498376,6063.24698085,S LIQ
2024-07-15 00:54:23.561,WIF,BUY,LIMIT,IOC,4911.0,1.8126592,1.7845744,FILLED,848.9,4911.0,1721004863561,8901.9693312,S LIQ
2024-07-15 01:04:38.439,WIF,BUY,LIMIT,IOC,2960.1,1.8156203,1.7883374,FILLED,187.0,2960.1,1721005478439,5374.41765003,S LIQ
2024-07-15 01:31:15.486,WIF,SELL,LIMIT,IOC,2712.0,1.7402586,1.7664667,FILLED,199.1,2712.0,1721007075486,4719.5813232,L LIQ
2024-07-15 02:29:00.344,WIF,SELL,LIMIT,IOC,6415.9,1.7424166,1.7739515,FILLED,129.3,6415.9,1721010540344,11179.17066394,L LIQ
2024-07-15 02:34:49.292,WIF,BUY,LIMIT,IOC,11694.9,1.8259063,1.7934711,FILLED,333.5,11694.9,1721010889292,21353.79158787,S LIQ
2024-07-15 03:07:01.199,WIF,SELL,LIMIT,IOC,8000.0,1.7490739,1.7807265,FILLED,333.8,8000.0,1721012821199,13992.5912,L LIQ
2024-07-15 04:08:10.328,WIF,SELL,LIMIT,IOC,2784.5,1.7360241,1.7625,FILLED,454.5,2784.5,1721016490328,4833.95910645,L LIQ
2024-07-15 04:08:29.542,WIF,SELL,LIMIT,IOC,2820.8,1.7352459,1.7613138,FILLED,321.4,2820.8,1721016509542,4894.7816347200005,L LIQ
2024-07-15 04:11:58.234,WIF,SELL,LIMIT,IOC,2080.1,1.7317072,1.7574615,FILLED,799.6,2080.1,1721016718234,3602.12414672,L LIQ
2024-07-15 04:53:07.140,WIF,SELL,LIMIT,IOC,2793.1,1.7308077,1.7560137,FILLED,2060.8,2793.1,1721019187140,4834.31898687,L LIQ
2024-07-15 06:19:40.536,WIF,BUY,LIMIT,IOC,2223.4,1.8346202,1.8076,FILLED,13.1,2223.4,1721024380536,4079.09455268,S LIQ
2024-07-15 06:25:57.071,WIF,BUY,LIMIT,IOC,2459.0,1.8400104,1.8135842,FILLED,2048.3,2459.0,1721024757071,4524.585573599999,S LIQ
2024-07-15 06:52:21.052,WIF,BUY,LIMIT,IOC,1779.1,1.8543073,1.8271243,FILLED,130.6,1779.1,1721026341052,3298.99811743,S LIQ
2024-07-15 06:52:36.392,WIF,BUY,LIMIT,IOC,2855.5,1.8542749,1.8266658,FILLED,248.9,2855.5,1721026356392,5294.8819769500005,S LIQ
2024-07-15 06:55:35.234,WIF,BUY,LIMIT,IOC,1992.8,1.8560257,1.8283,FILLED,1992.8,1992.8,1721026535234,3698.68801496,S LIQ
2024-07-15 07:02:22.302,WIF,BUY,LIMIT,IOC,3194.0,1.8501079,1.8214218,FILLED,26.8,3194.0,1721026942302,5909.2446326,S LIQ
2024-07-15 07:38:50.287,WIF,BUY,LIMIT,IOC,1804.2,1.8583462,1.8330692,FILLED,181.9,1804.2,1721029130287,3352.82821404,S LIQ
2024-07-15 08:04:54.220,WIF,BUY,LIMIT,IOC,15287.6,1.8835005,1.8487602,FILLED,38.7,15287.6,1721030694220,28794.2022438,S LIQ
2024-07-15 08:33:28.262,WIF,SELL,LIMIT,IOC,1757.7,1.7969361,1.8231977,FILLED,296.4,1757.7,1721032408262,3158.47458297,L LIQ
2024-07-15 08:48:40.410,WIF,SELL,LIMIT,IOC,2680.6,1.7904757,1.8168322,FILLED,788.5,2680.6,1721033320410,4799.54916142,L LIQ
2024-07-15 08:49:23.214,WIF,SELL,LIMIT,IOC,2369.8,1.7844385,1.8105,FILLED,29.8,2369.8,1721033363214,4228.7623573,L LIQ
2024-07-15 09:02:45.377,WIF,SELL,LIMIT,IOC,2699.5,1.7589871,1.7854417,FILLED,431.6,2699.5,1721034165377,4748.38567645,L LIQ
2024-07-15 12:31:23.228,WIF,BUY,LIMIT,IOC,8359.7,1.8240334,1.7921076,FILLED,153.4,8359.7,1721046683228,15248.37201398,S LIQ
2024-07-15 12:32:54.415,WIF,SELL,LIMIT,IOC,2069.2,1.7577897,1.7838,FILLED,829.9,2069.2,1721046774415,3637.218447239999,L LIQ
2024-07-15 13:25:19.501,WIF,BUY,LIMIT,IOC,2813.2,1.8467993,1.8208698,FILLED,777.2,2813.2,1721049919501,5195.41579076,S LIQ
2024-07-15 15:02:26.534,WIF,BUY,LIMIT,IOC,2806.4,1.8573857,1.83,FILLED,1208.9,2806.4,1721055746534,5212.56722848,S LIQ
2024-07-15 15:19:06.438,WIF,BUY,LIMIT,IOC,1861.5,1.8454746,1.8187154,FILLED,69.2,1861.5,1721056746438,3435.3509679,S LIQ
2024-07-15 15:41:20.414,WIF,BUY,LIMIT,IOC,1985.2,1.8637146,1.8373198,FILLED,234.4,1985.2,1721058080414,3699.84622392,S LIQ
2024-07-15 15:45:36.234,WIF,SELL,LIMIT,IOC,2496.3,1.8047603,1.8308293,FILLED,190.5,2496.3,1721058336234,4505.22313689,L LIQ
2024-07-15 16:09:31.365,WIF,BUY,LIMIT,IOC,6466.0,1.8728236,1.8392977,FILLED,465.3,6466.0,1721059771365,12109.6773976,S LIQ
2024-07-15 16:25:50.554,WIF,BUY,LIMIT,IOC,2989.0,1.9053385,1.8760218,FILLED,308.7,2989.0,1721060750554,5695.0567765000005,S LIQ
2024-07-15 16:25:53.231,WIF,BUY,LIMIT,IOC,12196.7,1.9127085,1.8785366,FILLED,723.9,12196.7,1721060753231,23328.73176195,S LIQ
2024-07-15 16:25:54.369,WIF,BUY,LIMIT,IOC,13791.4,1.9133603,1.8793975,FILLED,548.4,13791.4,1721060754369,26387.917241419997,S LIQ
2024-07-15 16:27:21.593,WIF,BUY,LIMIT,IOC,50492.2,1.9203792,1.8795791,FILLED,563.9,50492.2,1721060841593,96964.17064224,S LIQ
2024-07-15 16:29:30.313,WIF,BUY,LIMIT,IOC,2902.7,1.9232097,1.8969739,FILLED,4.1,2902.7,1721060970313,5582.500796189999,S LIQ
2024-07-15 16:29:41.431,WIF,BUY,LIMIT,IOC,1975.1,1.9248688,1.8976747,FILLED,319.9,1975.1,1721060981431,3801.80836688,S LIQ
2024-07-15 16:37:48.220,WIF,BUY,LIMIT,IOC,2649.3,1.9387878,1.9117509,FILLED,295.6,2649.3,1721061468220,5136.430518540001,S LIQ
2024-07-15 16:41:29.487,WIF,BUY,LIMIT,IOC,6657.4,1.9521939,1.9187639,FILLED,202.1,6657.4,1721061689487,12996.53566986,S LIQ
2024-07-15 16:42:06.511,WIF,BUY,LIMIT,IOC,2791.4,1.9563274,1.9263238,FILLED,224.2,2791.4,1721061726511,5460.89230436,S LIQ
2024-07-15 18:03:36.397,WIF,BUY,LIMIT,IOC,2161.1,1.9367474,1.9087515,FILLED,149.0,2161.1,1721066616397,4185.50480614,S LIQ
2024-07-15 18:30:11.152,WIF,BUY,LIMIT,IOC,1556.9,1.9578733,1.929821,FILLED,178.8,1556.9,1721068211152,3048.21294077,S LIQ
2024-07-15 18:32:09.093,WIF,BUY,LIMIT,IOC,1979.7,1.9668632,1.9385452,FILLED,346.0,1979.7,1721068329093,3893.79907704,S LIQ
2024-07-15 18:43:42.251,WIF,BUY,LIMIT,IOC,2584.3,1.9672045,1.9379318,FILLED,375.1,2584.3,1721069022251,5083.846589350001,S LIQ
2024-07-15 18:54:28.170,WIF,BUY,LIMIT,IOC,1641.4,1.9791786,1.9510197,FILLED,3.6,1641.4,1721069668170,3248.62375404,S LIQ
2024-07-15 18:54:33.221,WIF,BUY,LIMIT,IOC,10700.0,1.9902664,1.9547404,FILLED,795.2,10700.0,1721069673221,21295.85048,S LIQ
2024-07-15 18:54:46.136,WIF,BUY,LIMIT,IOC,6191.2,1.9912849,1.9565888,FILLED,371.8,6191.2,1721069686136,12328.44307288,S LIQ
2024-07-15 18:55:36.512,WIF,BUY,LIMIT,IOC,1914.7,1.987527,1.9585739,FILLED,323.6,1914.7,1721069736512,3805.5179469,S LIQ
2024-07-15 19:21:09.801,WIF,BUY,LIMIT,IOC,2094.7,2.0105999,1.985,FILLED,2094.7,2094.7,1721071269801,4211.603610529999,S LIQ
2024-07-15 20:02:17.077,WIF,BUY,LIMIT,IOC,2143.4,2.0171998,1.9870011,FILLED,7.4,2143.4,1721073737077,4323.66605132,S LIQ
2024-07-15 20:05:06.240,WIF,BUY,LIMIT,IOC,2731.1,2.0230275,1.9947249,FILLED,8.7,2731.1,1721073906240,5525.09040525,S LIQ
2024-07-15 20:05:21.143,WIF,BUY,LIMIT,IOC,1950.6,2.0252615,1.996489,FILLED,91.4,1950.6,1721073921143,3950.4750819,S LIQ
2024-07-15 20:05:37.049,WIF,BUY,LIMIT,IOC,2487.6,2.027131,1.9978725,FILLED,1026.4,2487.6,1721073937049,5042.6910756,S LIQ
2024-07-15 20:12:46.393,WIF,SELL,LIMIT,IOC,2518.6,1.9461213,1.9734428,FILLED,94.1,2518.6,1721074366393,4901.50110618,L LIQ
2024-07-15 20:12:56.407,WIF,SELL,LIMIT,IOC,2502.3,1.9445853,1.9733607,FILLED,118.3,2502.3,1721074376407,4865.9357961900005,L LIQ
2024-07-15 20:19:22.172,WIF,BUY,LIMIT,IOC,2186.9,2.0428229,2.0133617,FILLED,393.7,2186.9,1721074762172,4467.44940001,S LIQ
2024-07-15 20:19:37.345,WIF,BUY,LIMIT,IOC,10656.6,2.0541608,2.0164482,FILLED,146.0,10656.6,1721074777345,21890.36998128,S LIQ
2024-07-15 20:20:15.435,WIF,BUY,LIMIT,IOC,7852.6,2.0542551,2.017883,FILLED,3626.1,7852.6,1721074815435,16131.243598259998,S LIQ
2024-07-15 20:22:21.520,WIF,BUY,LIMIT,IOC,2533.1,2.0488932,2.0181471,FILLED,297.6,2533.1,1721074941520,5190.05136492,S LIQ
2024-07-15 20:24:20.566,WIF,BUY,LIMIT,IOC,5713.5,2.0602518,2.0247981,FILLED,227.5,5713.5,1721075060566,11771.2486593,S LIQ
2024-07-15 20:32:13.346,WIF,BUY,LIMIT,IOC,2204.0,2.0682655,2.0376306,FILLED,85.8,2204.0,1721075533346,4558.457162,S LIQ
2024-07-15 20:37:13.337,WIF,BUY,LIMIT,IOC,1552.2,2.0828195,2.052144,FILLED,158.7,1552.2,1721075833337,3232.9524278999997,S LIQ
2024-07-15 20:38:47.330,WIF,BUY,LIMIT,IOC,6734.9,2.0910619,2.0541947,FILLED,128.8,6734.9,1721075927330,14083.09279031,S LIQ
2024-07-15 21:01:09.050,WIF,BUY,LIMIT,IOC,2994.0,2.0892238,2.0589879,FILLED,493.0,2994.0,1721077269050,6255.1360572,S LIQ
2024-07-15 21:03:08.188,WIF,BUY,LIMIT,IOC,1655.6,2.1067565,2.0778339,FILLED,153.0,1655.6,1721077388188,3487.9460613999995,S LIQ
2024-07-15 21:03:14.276,WIF,BUY,LIMIT,IOC,2196.1,2.108557,2.0783053,FILLED,654.0,2196.1,1721077394276,4630.6020277,S LIQ
2024-07-15 21:03:23.535,WIF,BUY,LIMIT,IOC,5191.5,2.1154369,2.0817377,FILLED,787.1,5191.5,1721077403535,10982.290666350002,S LIQ
2024-07-15 21:03:30.051,WIF,BUY,LIMIT,IOC,2064.0,2.1154491,2.0857926,FILLED,3.9,2064.0,1721077410051,4366.2869424,S LIQ
2024-07-15 21:03:56.081,WIF,BUY,LIMIT,IOC,3424.5,2.1257556,2.0937707,FILLED,112.9,3424.5,1721077436081,7279.650052200001,S LIQ
2024-07-15 21:07:32.168,WIF,BUY,LIMIT,IOC,2300.1,2.1200054,2.0906762,FILLED,216.0,2300.1,1721077652168,4876.22442054,S LIQ
2024-07-15 21:08:04.097,WIF,BUY,LIMIT,IOC,2399.1,2.1273262,2.0960604,FILLED,68.6,2399.1,1721077684097,5103.66828642,S LIQ
2024-07-15 21:10:37.223,WIF,BUY,LIMIT,IOC,1831.6,2.1287766,2.0974404,FILLED,261.3,1831.6,1721077837223,3899.06722056,S LIQ
2024-07-15 21:11:22.150,WIF,BUY,LIMIT,IOC,3438.9,2.1418164,2.1140207,FILLED,69.5,3438.9,1721077882150,7365.492417960001,S LIQ
2024-07-15 21:11:24.289,WIF,BUY,LIMIT,IOC,3481.3,2.1487775,2.1160497,FILLED,134.0,3481.3,1721077884289,7480.53911075,S LIQ
2024-07-15 21:15:27.304,WIF,BUY,LIMIT,IOC,2720.0,2.1596348,2.1263524,FILLED,1766.3,2720.0,1721078127304,5874.206656,S LIQ
2024-07-15 21:17:09.190,WIF,BUY,LIMIT,IOC,1614.6,2.1524819,2.1220087,FILLED,201.4,1614.6,1721078229190,3475.39727574,S LIQ
2024-07-15 21:20:39.049,WIF,SELL,LIMIT,IOC,1816.2,2.0640992,2.0953102,FILLED,58.4,1816.2,1721078439049,3748.81696704,L LIQ
2024-07-15 21:23:27.528,WIF,SELL,LIMIT,IOC,2365.4,2.0509023,2.0817,FILLED,92.4,2365.4,1721078607528,4851.20430042,L LIQ
2024-07-15 21:48:11.473,WIF,BUY,LIMIT,IOC,1610.0,2.1370725,2.1057465,FILLED,12.7,1610.0,1721080091473,3440.686725,S LIQ
2024-07-15 22:11:47.945,WIF,BUY,LIMIT,IOC,1675.4,2.1256539,2.107845,FILLED,92.6,1675.4,1721081507945,3561.3205440600004,S LIQ
2024-07-15 22:35:56.605,WIF,BUY,LIMIT,IOC,3800.0,2.1569755,2.1211084,FILLED,33.9,3800.0,1721082956605,8196.5069,S LIQ
2024-07-15 22:37:06.259,WIF,BUY,LIMIT,IOC,2405.5,2.155324,2.1253,FILLED,2148.2,2405.5,1721083026259,5184.631882,S LIQ
2024-07-15 22:37:47.544,WIF,BUY,LIMIT,IOC,2000.0,2.1588531,2.1278517,FILLED,116.8,2000.0,1721083067544,4317.7062,S LIQ
2024-07-15 22:37:51.456,WIF,BUY,LIMIT,IOC,1549.1,2.1628624,2.1322011,FILLED,143.2,1549.1,1721083071456,3350.4901438399997,S LIQ
2024-07-15 22:40:10.411,WIF,BUY,LIMIT,IOC,2867.0,2.1564725,2.124288,FILLED,42.6,2867.0,1721083210411,6182.6066575,S LIQ
2024-07-15 22:41:51.489,WIF,BUY,LIMIT,IOC,17954.8,2.1663116,2.126272,FILLED,66.3,17954.8,1721083311489,38895.691515679995,S LIQ
2024-07-15 22:49:40.536,WIF,SELL,LIMIT,IOC,2122.4,2.0848505,2.1131075,FILLED,431.8,2122.4,1721083780536,4424.8867012,L LIQ
2024-07-15 23:01:57.482,WIF,BUY,LIMIT,IOC,2375.2,2.1459593,2.1141967,FILLED,102.6,2375.2,1721084517482,5097.082529359999,S LIQ
2024-07-15 23:16:48.156,WIF,BUY,LIMIT,IOC,13391.9,2.1820721,2.1406447,FILLED,165.5,13391.9,1721085408156,29222.09135599,S LIQ
2024-07-15 23:18:23.284,WIF,BUY,LIMIT,IOC,2353.8,2.1790295,2.1476892,FILLED,1028.9,2353.8,1721085503284,5128.999637100001,S LIQ
2024-07-15 23:21:01.319,WIF,BUY,LIMIT,IOC,9592.3,2.188833,2.1488959,FILLED,484.0,9592.3,1721085661319,20995.942785899995,S LIQ
2024-07-15 23:21:23.109,WIF,BUY,LIMIT,IOC,4702.4,2.1895826,2.1525878,FILLED,295.2,4702.4,1721085683109,10296.29321824,S LIQ
2024-07-15 23:22:25.276,WIF,BUY,LIMIT,IOC,2931.3,2.2026414,2.1688048,FILLED,84.5,2931.3,1721085745276,6456.602735820001,S LIQ
2024-07-15 23:23:19.324,WIF,BUY,LIMIT,IOC,1472.7,2.202169,2.1684068,FILLED,517.6,1472.7,1721085799324,3243.1342863,S LIQ
2024-07-15 23:25:40.343,WIF,SELL,LIMIT,IOC,2307.3,2.1222876,2.1530556,FILLED,246.7,2307.3,1721085940343,4896.75417948,L LIQ
2024-07-15 23:40:30.261,WIF,BUY,LIMIT,IOC,2904.4,2.1870443,2.153324,FILLED,59.3,2904.4,1721086830261,6352.05146492,S LIQ
2024-07-15 23:42:52.267,WIF,BUY,LIMIT,IOC,8910.4,2.1980482,2.1574158,FILLED,160.4,8910.4,1721086972267,19585.48868128,S LIQ
2024-07-15 23:42:59.609,WIF,BUY,LIMIT,IOC,4977.3,2.1993516,2.1623087,FILLED,295.4,4977.3,1721086979609,10946.83271868,S LIQ
2024-07-15 23:47:12.218,WIF,BUY,LIMIT,IOC,2297.5,2.1996804,2.1677638,FILLED,66.7,2297.5,1721087232218,5053.765719,S LIQ
2024-07-15 23:47:18.238,WIF,BUY,LIMIT,IOC,1895.5,2.2021091,2.1703442,FILLED,26.8,1895.5,1721087238238,4174.09779905,S LIQ
2024-07-15 23:56:35.230,WIF,BUY,LIMIT,IOC,2368.9,2.2058639,2.1728815,FILLED,68.8,2368.9,1721087795230,5225.47099271,S LIQ
2024-07-16 00:04:02.129,WIF,BUY,LIMIT,IOC,3119.3,2.2139218,2.1791723,FILLED,77.9,3119.3,1721088242129,6905.88627074,S LIQ
2024-07-16 00:05:16.390,WIF,BUY,LIMIT,IOC,1671.1,2.215656,2.1848573,FILLED,154.7,1671.1,1721088316390,3702.5827416,S LIQ
2024-07-16 00:05:22.267,WIF,BUY,LIMIT,IOC,2606.0,2.2211442,2.1870339,FILLED,196.2,2606.0,1721088322267,5788.301785199999,S LIQ
2024-07-16 00:06:51.296,WIF,BUY,LIMIT,IOC,4000.0,2.2294941,2.1907996,FILLED,78.9,4000.0,1721088411296,8917.976400000001,S LIQ
2024-07-16 00:09:03.079,WIF,BUY,LIMIT,IOC,10000.0,2.2404865,2.2022944,FILLED,2815.0,10000.0,1721088543079,22404.865,S LIQ
2024-07-16 00:09:14.205,WIF,BUY,LIMIT,IOC,1654.3,2.2366722,2.2059,FILLED,772.1,1654.3,1721088554205,3700.12682046,S LIQ
2024-07-16 00:11:21.115,WIF,SELL,LIMIT,IOC,1499.5,2.1799152,2.2089386,FILLED,185.4,1499.5,1721088681115,3268.7828424,L LIQ
2024-07-16 00:11:33.427,WIF,SELL,LIMIT,IOC,2250.0,2.1738643,2.2019006,FILLED,97.7,2250.0,1721088693427,4891.194675,L LIQ
2024-07-16 00:16:54.066,WIF,SELL,LIMIT,IOC,2248.9,2.1491249,2.1812375,FILLED,615.4,2248.9,1721089014066,4833.1669876099995,L LIQ
2024-07-16 00:22:07.532,WIF,SELL,LIMIT,IOC,2286.2,2.1231241,2.1524356,FILLED,525.1,2286.2,1721089327532,4853.88631742,L LIQ
2024-07-16 00:22:19.053,WIF,SELL,LIMIT,IOC,7711.0,2.1073549,2.1430395,FILLED,7.5,7711.0,1721089339053,16249.8136339,L LIQ
2024-07-16 00:23:54.049,WIF,SELL,LIMIT,IOC,1612.4,2.1138483,2.1451,FILLED,1612.4,1612.4,1721089434049,3408.36899892,L LIQ
2024-07-16 00:52:12.228,WIF,SELL,LIMIT,IOC,6632.4,2.1200794,2.1581016,FILLED,1153.7,6632.4,1721091132228,14061.214612559996,L LIQ
2024-07-16 01:58:49.290,WIF,BUY,LIMIT,IOC,2315.8,2.2291796,2.196007,FILLED,72.8,2315.8,1721095129290,5162.33411768,S LIQ
2024-07-16 03:50:38.277,WIF,BUY,LIMIT,IOC,4877.4,2.2616815,2.2237984,FILLED,291.2,4877.4,1721101838277,11031.1253481,S LIQ
2024-07-16 04:06:14.205,WIF,BUY,LIMIT,IOC,2185.6,2.2789865,2.246,FILLED,2185.6,2185.6,1721102774205,4980.952894399999,S LIQ
2024-07-16 04:09:19.157,WIF,BUY,LIMIT,IOC,1579.4,2.2907585,2.257,FILLED,34.1,1579.4,1721102959157,3618.0239749,S LIQ
2024-07-16 05:18:02.487,WIF,BUY,LIMIT,IOC,1543.5,2.2782887,2.2454024,FILLED,37.3,1543.5,1721107082487,3516.53860845,S LIQ
2024-07-16 05:23:44.223,WIF,SELL,LIMIT,IOC,2242.1,2.1825922,2.2154465,FILLED,397.0,2242.1,1721107424223,4893.58997162,L LIQ
2024-07-16 05:25:12.170,WIF,SELL,LIMIT,IOC,11414.6,2.1585732,2.1963276,FILLED,129.8,11414.6,1721107512170,24639.249648720004,L LIQ
2024-07-16 05:37:17.201,WIF,SELL,LIMIT,IOC,2614.5,2.1407483,2.1720553,FILLED,17.8,2614.5,1721108237201,5596.98643035,L LIQ
2024-07-16 05:37:52.084,WIF,SELL,LIMIT,IOC,2304.1,2.1413793,2.1722363,FILLED,78.8,2304.1,1721108272084,4933.95204513,L LIQ
2024-07-16 05:37:58.126,WIF,SELL,LIMIT,IOC,6848.4,2.1321437,2.1702127,FILLED,776.0,6848.4,1721108278126,14601.77291508,L LIQ
2024-07-16 05:39:19.080,WIF,SELL,LIMIT,IOC,7039.0,2.1257643,2.1647229,FILLED,2306.1,7039.0,1721108359080,14963.2549077,L LIQ
2024-07-16 05:43:28.505,WIF,BUY,LIMIT,IOC,1815.6,2.1856375,2.1559641,FILLED,337.8,1815.6,1721108608505,3968.243445,S LIQ
2024-07-16 05:45:32.417,WIF,BUY,LIMIT,IOC,2214.4,2.1959777,2.1671611,FILLED,64.4,2214.4,1721108732417,4862.77301888,S LIQ
2024-07-16 05:45:35.110,WIF,BUY,LIMIT,IOC,1893.3,2.1984859,2.1714292,FILLED,90.6,1893.3,1721108735110,4162.39335447,S LIQ
2024-07-16 05:45:50.059,WIF,BUY,LIMIT,IOC,2311.1,2.2048997,2.1734975,FILLED,48.8,2311.1,1721108750059,5095.74369667,S LIQ
2024-07-16 06:30:36.254,WIF,BUY,LIMIT,IOC,4767.3,2.2586332,2.2201518,FILLED,104.4,4767.3,1721111436254,10767.58205436,S LIQ
2024-07-16 06:37:47.195,WIF,BUY,LIMIT,IOC,2174.8,2.2521853,2.220204,FILLED,193.8,2174.8,1721111867195,4898.05259044,S LIQ
2024-07-16 06:50:43.524,WIF,SELL,LIMIT,IOC,1914.0,2.1411861,2.1704907,FILLED,403.4,1914.0,1721112643524,4098.2301954,L LIQ
2024-07-16 06:50:59.100,WIF,SELL,LIMIT,IOC,2238.8,2.1382438,2.1684593,FILLED,20.4,2238.8,1721112659100,4787.100219440001,L LIQ
2024-07-16 06:53:12.264,WIF,SELL,LIMIT,IOC,2239.0,2.1352506,2.1633549,FILLED,197.9,2239.0,1721112792264,4780.8260934,L LIQ
2024-07-16 06:53:23.205,WIF,SELL,LIMIT,IOC,2043.4,2.1302774,2.1614722,FILLED,364.2,2043.4,1721112803205,4353.00883916,L LIQ
2024-07-16 06:53:28.280,WIF,SELL,LIMIT,IOC,2502.2,2.126113,2.1581947,FILLED,61.1,2502.2,1721112808280,5319.9599486,L LIQ
2024-07-16 06:55:00.295,WIF,SELL,LIMIT,IOC,2000.0,2.1251562,2.1550091,FILLED,117.2,2000.0,1721112900295,4250.312400000001,L LIQ
2024-07-16 06:55:28.065,WIF,SELL,LIMIT,IOC,1763.8,2.1249057,2.1560479,FILLED,91.4,1763.8,1721112928065,3747.90867366,L LIQ
2024-07-16 06:57:50.481,WIF,SELL,LIMIT,IOC,3729.5,2.1105643,2.1467184,FILLED,15.5,3729.5,1721113070481,7871.34955685,L LIQ
2024-07-16 06:58:14.170,WIF,SELL,LIMIT,IOC,2325.5,2.1057871,2.1360834,FILLED,196.8,2325.5,1721113094170,4897.00790105,L LIQ
2024-07-16 07:08:15.142,WIF,BUY,LIMIT,IOC,2319.8,2.1979749,2.1676092,FILLED,257.2,2319.8,1721113695142,5098.862173020001,S LIQ
2024-07-16 07:39:58.282,WIF,SELL,LIMIT,IOC,1639.8,2.0949318,2.1250504,FILLED,55.1,1639.8,1721115598282,3435.26916564,L LIQ
2024-07-16 08:09:30.171,WIF,SELL,LIMIT,IOC,10678.6,2.0726233,2.1120015,FILLED,10511.0,10678.6,1721117370171,22132.71517138,L LIQ
2024-07-16 08:13:25.288,WIF,SELL,LIMIT,IOC,10000.0,2.05685,2.0934982,FILLED,32.6,10000.0,1721117605288,20568.5,L LIQ
2024-07-16 08:17:16.230,WIF,SELL,LIMIT,IOC,2268.0,2.0659056,2.0927664,FILLED,250.0,2268.0,1721117836230,4685.4739008,L LIQ
2024-07-16 08:17:19.301,WIF,SELL,LIMIT,IOC,2314.5,2.0629279,2.0927562,FILLED,180.1,2314.5,1721117839301,4774.6466245500005,L LIQ
2024-07-16 08:20:03.052,WIF,SELL,LIMIT,IOC,2223.5,2.0534251,2.0830915,FILLED,138.9,2223.5,1721118003052,4565.79070985,L LIQ
2024-07-16 08:40:02.411,WIF,BUY,LIMIT,IOC,1494.2,2.1114477,2.0815638,FILLED,24.5,1494.2,1721119202411,3154.9251533399997,S LIQ
2024-07-16 08:40:33.263,WIF,BUY,LIMIT,IOC,2404.4,2.1191583,2.0883865,FILLED,53.3,2404.4,1721119233263,5095.30421652,S LIQ
2024-07-16 09:05:29.201,WIF,BUY,LIMIT,IOC,2400.4,2.1322065,2.104501,FILLED,415.9,2400.4,1721120729201,5118.1484826000005,S LIQ
2024-07-16 09:06:37.169,WIF,BUY,LIMIT,IOC,2398.8,2.1510893,2.1196367,FILLED,0.4,2398.8,1721120797169,5160.033012840001,S LIQ
2024-07-16 09:07:05.210,WIF,BUY,LIMIT,IOC,1704.6,2.1504134,2.1195724,FILLED,197.6,1704.6,1721120825210,3665.59468164,S LIQ
2024-07-16 09:14:58.294,WIF,BUY,LIMIT,IOC,1516.4,2.1737999,2.1404,FILLED,508.1,1516.4,1721121298294,3296.35016836,S LIQ
2024-07-16 09:17:52.340,WIF,BUY,LIMIT,IOC,2093.8,2.1725857,2.1422697,FILLED,181.7,2093.8,1721121472340,4548.95993866,S LIQ
2024-07-16 09:18:57.217,WIF,BUY,LIMIT,IOC,1385.4,2.1862143,2.1566666,FILLED,351.0,1385.4,1721121537217,3028.78129122,S LIQ
2024-07-16 09:29:34.227,WIF,SELL,LIMIT,IOC,2324.9,2.1105183,2.141372,FILLED,205.3,2324.9,1721122174227,4906.74399567,L LIQ
2024-07-16 09:34:32.067,WIF,SELL,LIMIT,IOC,1551.3,2.1068917,2.1376419,FILLED,102.3,1551.3,1721122472067,3268.4210942099994,L LIQ
2024-07-16 09:44:14.481,WIF,BUY,LIMIT,IOC,1365.2,2.2013371,2.1708456,FILLED,86.6,1365.2,1721123054481,3005.26540892,S LIQ
2024-07-16 09:44:35.414,WIF,BUY,LIMIT,IOC,4425.9,2.2090902,2.1727106,FILLED,479.3,4425.9,1721123075414,9777.21231618,S LIQ
2024-07-16 09:45:30.478,WIF,SELL,LIMIT,IOC,1718.8,2.1311708,2.1611932,FILLED,281.4,1718.8,1721123130478,3663.05637104,L LIQ
2024-07-16 10:00:29.069,WIF,BUY,LIMIT,IOC,1725.5,2.2038958,2.172067,FILLED,63.5,1725.5,1721124029069,3802.8222029,S LIQ
2024-07-16 10:00:59.461,WIF,BUY,LIMIT,IOC,2393.7,2.205966,2.1732905,FILLED,43.7,2393.7,1721124059461,5280.4208142,S LIQ
2024-07-16 10:06:56.091,WIF,BUY,LIMIT,IOC,1432.7,2.2111859,2.1798895,FILLED,436.1,1432.7,1721124416091,3167.9660389299997,S LIQ
2024-07-16 10:19:00.386,WIF,BUY,LIMIT,IOC,3345.4,2.229075,2.1965706,FILLED,148.7,3345.4,1721125140386,7457.147505,S LIQ
2024-07-16 10:19:12.133,WIF,BUY,LIMIT,IOC,2316.9,2.228785,2.1967,FILLED,876.2,2316.9,1721125152133,5163.8719665,S LIQ
2024-07-16 10:19:13.275,WIF,BUY,LIMIT,IOC,1667.0,2.2295583,2.1963314,FILLED,173.5,1667.0,1721125153275,3716.6736861,S LIQ
2024-07-16 10:22:22.142,WIF,BUY,LIMIT,IOC,2254.8,2.2363283,2.2043263,FILLED,155.7,2254.8,1721125342142,5042.47305084,S LIQ
2024-07-16 10:22:45.475,WIF,BUY,LIMIT,IOC,1642.9,2.2413229,2.2097925,FILLED,381.1,1642.9,1721125365475,3682.26939241,S LIQ
2024-07-16 10:25:10.335,WIF,SELL,LIMIT,IOC,1782.1,2.1707562,2.2022505,FILLED,137.5,1782.1,1721125510335,3868.50462402,L LIQ
2024-07-16 10:33:31.548,WIF,BUY,LIMIT,IOC,1399.9,2.2496021,2.2164593,FILLED,155.4,1399.9,1721126011548,3149.2179797900003,S LIQ
2024-07-16 10:34:12.228,WIF,BUY,LIMIT,IOC,1783.0,2.2542174,2.2202246,FILLED,179.9,1783.0,1721126052228,4019.2696242,S LIQ
2024-07-16 10:45:39.314,WIF,BUY,LIMIT,IOC,1374.4,2.2606754,2.2298767,FILLED,12.1,1374.4,1721126739314,3107.07226976,S LIQ
2024-07-16 10:50:38.192,WIF,SELL,LIMIT,IOC,1475.3,2.175431,2.2070352,FILLED,101.4,1475.3,1721127038192,3209.4133543000003,L LIQ
2024-07-16 10:59:59.351,WIF,SELL,LIMIT,IOC,1490.9,2.1628092,2.1937,FILLED,579.3,1490.9,1721127599351,3224.53223628,L LIQ
2024-07-16 11:32:49.223,WIF,SELL,LIMIT,IOC,2271.9,2.1563665,2.1881038,FILLED,281.4,2271.9,1721129569223,4899.04905135,L LIQ
2024-07-16 12:00:33.489,WIF,BUY,LIMIT,IOC,2138.3,2.2251215,2.1947402,FILLED,81.5,2138.3,1721131233489,4757.977303450001,S LIQ
2024-07-16 12:08:10.324,WIF,SELL,LIMIT,IOC,2265.9,2.1396171,2.1717309,FILLED,1298.3,2265.9,1721131690324,4848.158386890001,L LIQ
2024-07-16 12:17:36.562,WIF,SELL,LIMIT,IOC,2168.5,2.145154,2.177289,FILLED,69.2,2168.5,1721132256562,4651.766449,L LIQ
2024-07-16 12:29:46.241,WIF,BUY,LIMIT,IOC,2081.9,2.2542695,2.2217191,FILLED,85.4,2081.9,1721132986241,4693.16367205,S LIQ
2024-07-16 12:38:10.065,WIF,BUY,LIMIT,IOC,1385.0,2.2418549,2.2080679,FILLED,324.4,1385.0,1721133490065,3104.9690364999997,S LIQ
2024-07-16 12:42:03.211,WIF,SELL,LIMIT,IOC,1581.8,2.1655832,2.1976883,FILLED,420.8,1581.8,1721133723211,3425.51950576,L LIQ
2024-07-16 12:54:51.410,WIF,SELL,LIMIT,IOC,1630.0,2.1381214,2.1679223,FILLED,32.4,1630.0,1721134491410,3485.1378820000004,L LIQ
2024-07-16 12:54:58.374,WIF,SELL,LIMIT,IOC,1776.3,2.1355761,2.1663354,FILLED,50.4,1776.3,1721134498374,3793.42382643,L LIQ
2024-07-16 13:00:44.144,WIF,BUY,LIMIT,IOC,2296.6,2.1428511,2.1428511,FILLED,2296.6,2296.6,1721134844144,4921.27183626,S LIQ
2024-07-16 13:00:58.136,WIF,BUY,LIMIT,IOC,2296.8,2.169298,2.169298,FILLED,2296.8,2296.8,1721134858136,4982.4436464,S LIQ
2024-07-16 13:01:16.534,WIF,SELL,LIMIT,IOC,2293.7,2.1346058,2.1627484,FILLED,246.8,2293.7,1721134876534,4896.145323459999,L LIQ
2024-07-16 13:01:26.392,WIF,SELL,LIMIT,IOC,1842.4,2.1290284,2.1603121,FILLED,36.7,1842.4,1721134886392,3922.52192416,L LIQ
2024-07-16 13:24:03.072,WIF,SELL,LIMIT,IOC,1819.8,2.163567,2.1964536,FILLED,428.9,1819.8,1721136243072,3937.2592266,L LIQ
2024-07-16 13:58:17.253,WIF,SELL,LIMIT,IOC,1500.0,2.1502415,2.1821,FILLED,69.0,1500.0,1721138297253,3225.3622499999997,L LIQ
2024-07-16 13:59:04.516,WIF,SELL,LIMIT,IOC,2259.3,2.1464664,2.1777321,FILLED,20.3,2259.3,1721138344516,4849.51153752,L LIQ
2024-07-16 14:05:21.113,WIF,SELL,LIMIT,IOC,2262.4,2.1427161,2.1692872,FILLED,54.3,2262.4,1721138721113,4847.68090464,L LIQ
2024-07-16 15:09:13.300,WIF,BUY,LIMIT,IOC,2000.0,2.227855,2.1954161,FILLED,353.3,2000.0,1721142553300,4455.71,S LIQ
2024-07-16 15:10:10.359,WIF,BUY,LIMIT,IOC,2214.8,2.2349641,2.2041378,FILLED,496.8,2214.8,1721142610359,4949.99848868,S LIQ
2024-07-16 15:18:11.471,WIF,BUY,LIMIT,IOC,2245.7,2.2474262,2.215,FILLED,523.2,2245.7,1721143091471,5047.0450173399995,S LIQ
2024-07-16 15:24:13.251,WIF,SELL,LIMIT,IOC,1613.9,2.1882637,2.2185586,FILLED,248.4,1613.9,1721143453251,3531.63878543,L LIQ
2024-07-16 15:25:33.176,WIF,SELL,LIMIT,IOC,2236.8,2.1841845,2.2141326,FILLED,157.3,2236.8,1721143533176,4885.5838896000005,L LIQ
2024-07-16 15:28:15.058,WIF,BUY,LIMIT,IOC,18364.6,2.2860647,2.2438844,FILLED,16471.3,18364.6,1721143695058,41982.66378962,S LIQ
2024-07-16 15:32:03.356,WIF,BUY,LIMIT,IOC,2326.8,2.2779316,2.2430791,FILLED,160.4,2326.8,1721143923356,5300.2912468800005,S LIQ
2024-07-16 15:40:08.542,WIF,BUY,LIMIT,IOC,2311.4,2.2749852,2.2470388,FILLED,48.6,2311.4,1721144408542,5258.400791280001,S LIQ
2024-07-16 15:41:16.107,WIF,BUY,LIMIT,IOC,1379.0,2.2877164,2.257171,FILLED,66.8,1379.0,1721144476107,3154.7609156,S LIQ
2024-07-16 15:42:24.391,WIF,BUY,LIMIT,IOC,4221.4,2.3097162,2.2736556,FILLED,148.7,4221.4,1721144544391,9750.235966679998,S LIQ
2024-07-16 15:43:34.361,WIF,SELL,LIMIT,IOC,1651.4,2.2235715,2.2557734,FILLED,25.3,1651.4,1721144614361,3672.0059751,L LIQ
2024-07-16 15:45:43.065,WIF,BUY,LIMIT,IOC,1600.2,2.300156,2.2706086,FILLED,66.7,1600.2,1721144743065,3680.7096312,S LIQ
2024-07-16 15:47:21.528,WIF,BUY,LIMIT,IOC,3000.0,2.3045801,2.2670229,FILLED,30.7,3000.0,1721144841528,6913.7402999999995,S LIQ
2024-07-16 15:53:45.122,WIF,BUY,LIMIT,IOC,1549.4,2.3130444,2.2793877,FILLED,0.6,1549.4,1721145225122,3583.83099336,S LIQ
2024-07-16 15:55:35.091,WIF,BUY,LIMIT,IOC,4926.1,2.3280662,2.2869472,FILLED,4.7,4926.1,1721145335091,11468.28690782,S LIQ
2024-07-16 15:55:56.101,WIF,BUY,LIMIT,IOC,1943.0,2.325307,2.2917296,FILLED,77.5,1943.0,1721145356101,4518.071501,S LIQ
2024-07-16 15:56:00.087,WIF,BUY,LIMIT,IOC,2170.2,2.3266843,2.2940694,FILLED,180.7,2170.2,1721145360087,5049.37026786,S LIQ
2024-07-16 15:58:08.073,WIF,BUY,LIMIT,IOC,4283.0,2.328912,2.2897069,FILLED,320.2,4283.0,1721145488073,9974.730096,S LIQ
2024-07-16 16:07:38.319,WIF,SELL,LIMIT,IOC,1675.4,2.216017,2.2448797,FILLED,198.4,1675.4,1721146058319,3712.7148818,L LIQ
2024-07-16 16:12:26.267,WIF,SELL,LIMIT,IOC,3480.0,2.1828851,2.2133739,FILLED,73.4,3480.0,1721146346267,7596.440148,L LIQ
2024-07-16 16:35:21.211,WIF,SELL,LIMIT,IOC,5501.3,2.1635817,2.2011257,FILLED,308.3,5501.3,1721147721211,11902.51200621,L LIQ
2024-07-16 16:41:04.229,WIF,BUY,LIMIT,IOC,2263.8,2.2499887,2.2177543,FILLED,105.8,2263.8,1721148064229,5093.52441906,S LIQ
2024-07-16 16:44:31.167,WIF,SELL,LIMIT,IOC,1783.4,2.1663175,2.1947426,FILLED,3.5,1783.4,1721148271167,3863.4106295,L LIQ
2024-07-16 16:45:06.137,WIF,SELL,LIMIT,IOC,3710.2,2.153867,2.1857,FILLED,157.0,3710.2,1721148306137,7991.277343399999,L LIQ
2024-07-16 17:25:56.180,WIF,BUY,LIMIT,IOC,4255.1,2.2795995,2.2429003,FILLED,85.8,4255.1,1721150756180,9699.92383245,S LIQ
2024-07-16 17:26:20.179,WIF,BUY,LIMIT,IOC,1996.4,2.2784814,2.2461969,FILLED,96.8,1996.4,1721150780179,4548.76026696,S LIQ
2024-07-16 19:45:03.496,WIF,SELL,LIMIT,IOC,16284.4,2.1310854,2.1732074,FILLED,1599.5,16284.4,1721159103496,34703.447087759996,L LIQ
2024-07-16 19:45:58.139,WIF,SELL,LIMIT,IOC,2090.3,2.1176787,2.1405769,FILLED,44.7,2090.3,1721159158139,4426.58378661,L LIQ
2024-07-16 19:46:39.157,WIF,SELL,LIMIT,IOC,2309.8,2.1121422,2.1425069,FILLED,1740.3,2309.8,1721159199157,4878.62605356,L LIQ
2024-07-16 19:46:41.243,WIF,SELL,LIMIT,IOC,2179.1,2.1110827,2.1434,FILLED,234.6,2179.1,1721159201243,4600.260311569999,L LIQ
2024-07-16 22:08:23.393,WIF,SELL,LIMIT,IOC,2587.5,2.137491,2.1704912,FILLED,76.1,2587.5,1721167703393,5530.7579625,L LIQ
2024-07-16 22:29:25.338,WIF,SELL,LIMIT,IOC,2219.1,2.1186044,2.1494831,FILLED,461.1,2219.1,1721168965338,4701.39502404,L LIQ
2024-07-16 22:39:51.775,WIF,SELL,LIMIT,IOC,2255.2,2.1065211,2.1388403,FILLED,229.4,2255.2,1721169591775,4750.62638472,L LIQ
2024-07-16 23:29:50.163,WIF,BUY,LIMIT,IOC,2624.1,2.2385666,2.2037222,FILLED,279.4,2624.1,1721172590163,5874.22261506,S LIQ
2024-07-16 23:30:21.122,WIF,BUY,LIMIT,IOC,2895.9,2.2428288,2.208,FILLED,2895.9,2895.9,1721172621122,6495.00792192,S LIQ
2024-07-16 23:30:40.206,WIF,BUY,LIMIT,IOC,2417.4,2.2463003,2.2134631,FILLED,185.9,2417.4,1721172640206,5430.206345220001,S LIQ
2024-07-16 23:33:24.445,WIF,BUY,LIMIT,IOC,1683.7,2.2506242,2.2180767,FILLED,73.6,1683.7,1721172804445,3789.37596554,S LIQ
2024-07-17 00:15:05.120,WIF,SELL,LIMIT,IOC,1529.7,2.1776909,2.2087152,FILLED,5.0,1529.7,1721175305120,3331.21376973,L LIQ
2024-07-17 01:02:50.261,WIF,BUY,LIMIT,IOC,1679.1,2.2527605,2.2196684,FILLED,111.0,1679.1,1721178170261,3782.610155549999,S LIQ
2024-07-17 01:03:50.075,WIF,BUY,LIMIT,IOC,5019.2,2.2670226,2.22758,FILLED,4012.3,5019.2,1721178230075,11378.63983392,S LIQ
2024-07-17 01:04:20.404,WIF,BUY,LIMIT,IOC,2723.2,2.2664114,2.2322542,FILLED,737.7,2723.2,1721178260404,6171.891524479999,S LIQ
2024-07-17 01:04:26.245,WIF,BUY,LIMIT,IOC,9744.1,2.2760416,2.2348907,FILLED,4712.0,9744.1,1721178266245,22177.976954560003,S LIQ
2024-07-17 01:04:31.293,WIF,BUY,LIMIT,IOC,2323.9,2.2691617,2.2374765,FILLED,65.3,2323.9,1721178271293,5273.304874630001,S LIQ
2024-07-17 01:05:09.306,WIF,BUY,LIMIT,IOC,1659.0,2.2782858,2.2454516,FILLED,81.6,1659.0,1721178309306,3779.6761422,S LIQ
2024-07-17 01:11:45.422,WIF,BUY,LIMIT,IOC,2037.8,2.286237,2.2518555,FILLED,49.6,2037.8,1721178705422,4658.893758599999,S LIQ
2024-07-17 01:14:59.342,WIF,BUY,LIMIT,IOC,4532.6,2.3161056,2.2752834,FILLED,324.3,4532.6,1721178899342,10497.98024256,S LIQ
2024-07-17 01:15:39.423,WIF,BUY,LIMIT,IOC,9049.5,2.3204281,2.2791017,FILLED,36.1,9049.5,1721178939423,20998.71409095,S LIQ
2024-07-17 01:21:30.062,WIF,SELL,LIMIT,IOC,2180.2,2.2460448,2.27615,FILLED,19.8,2180.2,1721179290062,4896.8268729599995,L LIQ
2024-07-17 03:01:32.457,WIF,SELL,LIMIT,IOC,3691.9,2.1875235,2.2228282,FILLED,399.1,3691.9,1721185292457,8076.118009650001,L LIQ
2024-07-17 03:07:42.432,WIF,SELL,LIMIT,IOC,2371.8,2.1756433,2.208563,FILLED,59.6,2371.8,1721185662432,5160.19077894,L LIQ
2024-07-17 03:11:18.121,WIF,SELL,LIMIT,IOC,1689.7,2.1617431,2.1942318,FILLED,1149.1,1689.7,1721185878121,3652.69731607,L LIQ
2024-07-17 03:35:14.069,WIF,BUY,LIMIT,IOC,2273.9,2.2507536,2.2180895,FILLED,2.1,2273.9,1721187314069,5117.98861104,S LIQ
2024-07-17 06:40:27.463,WIF,BUY,LIMIT,IOC,1676.1,2.2594579,2.2260657,FILLED,110.9,1676.1,1721198427463,3787.07738619,S LIQ
2024-07-17 07:00:52.089,WIF,BUY,LIMIT,IOC,2583.2,2.2561714,2.2205801,FILLED,635.1,2583.2,1721199652089,5828.141960479999,S LIQ
2024-07-17 08:13:14.040,WIF,SELL,LIMIT,IOC,2160.4,2.16126,2.1930829,FILLED,14.3,2160.4,1721203994040,4669.186104,L LIQ
2024-07-17 08:13:31.293,WIF,SELL,LIMIT,IOC,3070.1,2.1511376,2.1855656,FILLED,103.1,3070.1,1721204011293,6604.20754576,L LIQ
2024-07-17 08:13:34.513,WIF,SELL,LIMIT,IOC,1763.3,2.1524128,2.1834611,FILLED,12.9,1763.3,1721204014513,3795.34949024,L LIQ
2024-07-17 08:16:37.414,WIF,SELL,LIMIT,IOC,1449.4,2.1439383,2.1745415,FILLED,156.5,1449.4,1721204197414,3107.42417202,L LIQ
2024-07-17 08:19:30.137,WIF,SELL,LIMIT,IOC,1492.1,2.1294534,2.1608,FILLED,1492.1,1492.1,1721204370137,3177.35741814,L LIQ
2024-07-17 08:22:24.400,WIF,SELL,LIMIT,IOC,1500.0,2.130006,2.1622618,FILLED,170.2,1500.0,1721204544400,3195.0089999999996,L LIQ
2024-07-17 08:24:21.118,WIF,BUY,LIMIT,IOC,2263.6,2.2168304,2.1860506,FILLED,201.2,2263.6,1721204661118,5018.01729344,S LIQ
2024-07-17 11:03:16.077,WIF,SELL,LIMIT,IOC,2291.8,2.1332031,2.1646892,FILLED,55.4,2291.8,1721214196077,4888.87486458,L LIQ
2024-07-17 11:11:25.132,WIF,SELL,LIMIT,IOC,2274.7,2.1304309,2.1617438,FILLED,908.1,2274.7,1721214685132,4846.091168229999,L LIQ
2024-07-17 11:16:22.378,WIF,SELL,LIMIT,IOC,2945.0,2.1217536,2.1555108,FILLED,155.5,2945.0,1721214982378,6248.564351999999,L LIQ
2024-07-17 11:17:23.457,WIF,SELL,LIMIT,IOC,1647.1,2.1218319,2.1537,FILLED,26.3,1647.1,1721215043457,3494.86932249,L LIQ
2024-07-17 11:35:36.343,WIF,BUY,LIMIT,IOC,2536.3,2.1728982,2.1397506,FILLED,504.1,2536.3,1721216136343,5511.12170466,S LIQ
2024-07-17 11:46:38.194,WIF,BUY,LIMIT,IOC,2306.2,2.1947292,2.1628371,FILLED,166.9,2306.2,1721216798194,5061.484481039999,S LIQ
2024-07-17 13:03:02.477,WIF,BUY,LIMIT,IOC,7862.1,2.231346,2.1912485,FILLED,26.8,7862.1,1721221382477,17543.0653866,S LIQ
2024-07-17 13:53:49.366,WIF,BUY,LIMIT,IOC,1358.5,2.2344221,2.2037049,FILLED,1.4,1358.5,1721224429366,3035.46242285,S LIQ
2024-07-17 14:07:04.281,WIF,SELL,LIMIT,IOC,2283.8,2.13178,2.1657295,FILLED,369.2,2283.8,1721225224281,4868.559164,L LIQ
2024-07-17 15:45:51.464,WIF,SELL,LIMIT,IOC,1500.0,2.128038,2.1595477,FILLED,748.8,1500.0,1721231151464,3192.057,L LIQ
2024-07-17 15:46:28.176,WIF,SELL,LIMIT,IOC,2270.6,2.1173845,2.1472396,FILLED,176.4,2270.6,1721231188176,4807.7332457,L LIQ
2024-07-17 15:49:44.228,WIF,SELL,LIMIT,IOC,2201.2,2.1153012,2.1460499,FILLED,154.1,2201.2,1721231384228,4656.20100144,L LIQ
2024-07-17 16:02:44.134,WIF,SELL,LIMIT,IOC,2267.1,2.1177718,2.1488332,FILLED,532.9,2267.1,1721232164134,4801.200447779999,L LIQ
2024-07-17 16:11:43.569,WIF,SELL,LIMIT,IOC,2224.0,2.098441,2.1286518,FILLED,37.8,2224.0,1721232703569,4666.932784,L LIQ
2024-07-17 16:13:52.446,WIF,SELL,LIMIT,IOC,6945.1,2.0862599,2.124513,FILLED,228.3,6945.1,1721232832446,14489.28363149,L LIQ
2024-07-17 16:16:32.567,WIF,SELL,LIMIT,IOC,2245.0,2.0958905,2.1244269,FILLED,61.2,2245.0,1721232992567,4705.2741725,L LIQ
2024-07-17 16:19:24.189,WIF,SELL,LIMIT,IOC,2268.1,2.0944404,2.1262116,FILLED,37.9,2268.1,1721233164189,4750.40027124,L LIQ
2024-07-17 16:28:59.439,WIF,SELL,LIMIT,IOC,1510.1,2.0808198,2.1114168,FILLED,215.5,1510.1,1721233739439,3142.24597998,L LIQ
2024-07-17 16:42:59.088,WIF,SELL,LIMIT,IOC,2359.8,2.0748521,2.1001714,FILLED,129.2,2359.8,1721234579088,4896.2359855800005,L LIQ
2024-07-17 16:43:09.518,WIF,SELL,LIMIT,IOC,11852.1,2.0610209,2.0980231,FILLED,5534.9,11852.1,1721234589518,24427.42580889,L LIQ
2024-07-17 16:43:48.261,WIF,BUY,LIMIT,IOC,1904.7,2.1422429,2.1108754,FILLED,20.8,1904.7,1721234628261,4080.33005163,S LIQ
2024-07-17 17:14:19.390,WIF,SELL,LIMIT,IOC,1979.2,2.083037,2.1127364,FILLED,35.1,1979.2,1721236459390,4122.7468304,L LIQ
2024-07-17 17:21:02.280,WIF,SELL,LIMIT,IOC,1674.2,2.0780239,2.1098415,FILLED,66.7,1674.2,1721236862280,3479.02761338,L LIQ
2024-07-17 18:49:38.053,WIF,SELL,LIMIT,IOC,2325.5,2.107221,2.1385297,FILLED,164.3,2325.5,1721242178053,4900.3424355,L LIQ
2024-07-17 19:28:25.456,WIF,BUY,LIMIT,IOC,2000.0,2.1884404,2.1559302,FILLED,226.9,2000.0,1721244505456,4376.8808,S LIQ
2024-07-17 19:38:30.315,WIF,BUY,LIMIT,IOC,1984.6,2.2082383,2.1764794,FILLED,256.9,1984.6,1721245110315,4382.46973018,S LIQ
2024-07-17 19:39:06.284,WIF,BUY,LIMIT,IOC,14195.3,2.2186768,2.1771114,FILLED,423.3,14195.3,1721245146284,31494.782779039997,S LIQ
2024-07-17 19:52:05.178,WIF,BUY,LIMIT,IOC,2290.1,2.2151359,2.1824541,FILLED,1128.4,2290.1,1721245925178,5072.882724589999,S LIQ
2024-07-17 20:32:46.261,WIF,BUY,LIMIT,IOC,1614.0,2.228534,2.1957,FILLED,1071.1,1614.0,1721248366261,3596.8538759999997,S LIQ
2024-07-17 20:35:38.449,WIF,BUY,LIMIT,IOC,2848.4,2.2401125,2.2047902,FILLED,47.6,2848.4,1721248538449,6380.7364450000005,S LIQ
2024-07-17 20:40:37.550,WIF,SELL,LIMIT,IOC,1734.7,2.1581225,2.1903431,FILLED,165.3,1734.7,1721248837550,3743.69510075,L LIQ
2024-07-17 21:03:02.098,WIF,SELL,LIMIT,IOC,1737.4,2.1315936,2.1649381,FILLED,21.9,1737.4,1721250182098,3703.43072064,L LIQ
2024-07-17 21:04:37.056,WIF,SELL,LIMIT,IOC,2298.4,2.1307004,2.161892,FILLED,58.6,2298.4,1721250277056,4897.20179936,L LIQ
2024-07-17 21:21:16.203,WIF,BUY,LIMIT,IOC,1732.5,2.2240893,2.1918172,FILLED,310.4,1732.5,1721251276203,3853.234712250001,S LIQ
2024-07-17 23:26:54.410,WIF,BUY,LIMIT,IOC,2285.7,2.2302534,2.1977769,FILLED,29.7,2285.7,1721258814410,5097.69019638,S LIQ
2024-07-17 23:42:30.117,WIF,SELL,LIMIT,IOC,2238.4,2.1480103,2.1802408,FILLED,32.1,2238.4,1721259750117,4808.106255520001,L LIQ
2024-07-18 00:02:30.411,WIF,BUY,LIMIT,IOC,2220.3,2.2237823,2.191133,FILLED,372.1,2220.3,1721260950411,4937.46384069,S LIQ
2024-07-18 00:26:05.209,WIF,BUY,LIMIT,IOC,1749.6,2.2271003,2.1944505,FILLED,231.7,1749.6,1721262365209,3896.53468488,S LIQ
2024-07-18 00:39:40.105,WIF,BUY,LIMIT,IOC,1366.5,2.2418089,2.211158,FILLED,540.8,1366.5,1721263180105,3063.43186185,S LIQ
2024-07-18 01:15:49.258,WIF,BUY,LIMIT,IOC,2248.8,2.2671543,2.235046,FILLED,104.2,2248.8,1721265349258,5098.376589840001,S LIQ
2024-07-18 01:17:54.352,WIF,BUY,LIMIT,IOC,2779.8,2.2903671,2.2570834,FILLED,53.5,2779.8,1721265474352,6366.762464580001,S LIQ
2024-07-18 01:53:38.369,WIF,SELL,LIMIT,IOC,1603.7,2.1843379,2.217,FILLED,107.8,1603.7,1721267618369,3503.02269023,L LIQ
2024-07-18 02:01:16.356,WIF,BUY,LIMIT,IOC,1367.8,2.2682131,2.241104,FILLED,217.6,1367.8,1721268076356,3102.46187818,S LIQ
2024-07-18 02:16:24.218,WIF,SELL,LIMIT,IOC,2241.9,2.1585319,2.1909351,FILLED,339.6,2241.9,1721268984218,4839.21266661,L LIQ
2024-07-18 02:48:47.234,WIF,BUY,LIMIT,IOC,1734.8,2.2610592,2.2333798,FILLED,7.2,1734.8,1721270927234,3922.48550016,S LIQ
2024-07-18 03:06:57.393,WIF,BUY,LIMIT,IOC,1341.8,2.2798507,2.2462463,FILLED,129.8,1341.8,1721272017393,3059.1036692599996,S LIQ
2024-07-18 03:11:00.338,WIF,BUY,LIMIT,IOC,6000.0,2.2927928,2.2537737,FILLED,130.0,6000.0,1721272260338,13756.7568,S LIQ
2024-07-18 03:14:12.194,WIF,BUY,LIMIT,IOC,1662.1,2.2836883,2.2491321,FILLED,235.0,1662.1,1721272452194,3795.71832343,S LIQ
2024-07-18 03:17:12.501,WIF,BUY,LIMIT,IOC,1603.6,2.2907489,2.2572652,FILLED,485.6,1603.6,1721272632501,3673.44493604,S LIQ
2024-07-18 03:31:06.472,WIF,BUY,LIMIT,IOC,2205.5,2.3109902,2.2780406,FILLED,143.4,2205.5,1721273466472,5096.8888861,S LIQ
2024-07-18 04:01:10.062,WIF,SELL,LIMIT,IOC,1632.9,2.2092973,2.2426,FILLED,1548.1,1632.9,1721275270062,3607.56156117,L LIQ
2024-07-18 05:10:59.528,WIF,SELL,LIMIT,IOC,1483.7,2.1795936,2.212765,FILLED,184.8,1483.7,1721279459528,3233.86302432,L LIQ
2024-07-18 05:46:29.220,WIF,BUY,LIMIT,IOC,4292.1,2.3100546,2.2705482,FILLED,81.2,4292.1,1721281589220,9914.98534866,S LIQ
2024-07-18 05:49:41.493,WIF,BUY,LIMIT,IOC,1356.1,2.3223675,2.287807,FILLED,5.2,1356.1,1721281781493,3149.3625667499996,S LIQ
2024-07-18 06:00:48.274,WIF,SELL,LIMIT,IOC,2190.5,2.2357382,2.2659113,FILLED,168.1,2190.5,1721282448274,4897.3845271,L LIQ
2024-07-18 07:53:04.465,WIF,SELL,LIMIT,IOC,2201.0,2.2141764,2.244928,FILLED,60.5,2201.0,1721289184465,4873.4022564,L LIQ
2024-07-18 08:55:21.232,WIF,BUY,LIMIT,IOC,1887.4,2.3828811,2.3470375,FILLED,131.2,1887.4,1721292921232,4497.44978814,S LIQ
2024-07-18 08:55:48.251,WIF,BUY,LIMIT,IOC,1567.9,2.3918643,2.3567886,FILLED,47.1,1567.9,1721292948251,3750.20403597,S LIQ
2024-07-18 08:59:02.091,WIF,BUY,LIMIT,IOC,4380.5,2.4146523,2.3807775,FILLED,162.5,4380.5,1721293142091,10577.38440015,S LIQ
2024-07-18 09:28:27.503,WIF,BUY,LIMIT,IOC,2004.3,2.4172107,2.3839931,FILLED,172.6,2004.3,1721294907503,4844.81540601,S LIQ
2024-07-18 09:39:50.527,WIF,BUY,LIMIT,IOC,1744.0,2.4089515,2.3748001,FILLED,16.9,1744.0,1721295590527,4201.211416,S LIQ
2024-07-18 09:59:16.588,WIF,BUY,LIMIT,IOC,2112.0,2.4133779,2.3776675,FILLED,3.2,2112.0,1721296756588,5097.0541248,S LIQ
2024-07-18 10:25:30.080,WIF,SELL,LIMIT,IOC,2102.1,2.3226633,2.356608,FILLED,132.2,2102.1,1721298330080,4882.47052293,L LIQ
2024-07-18 10:58:44.067,WIF,BUY,LIMIT,IOC,1999.3,2.4540526,2.4195498,FILLED,633.1,1999.3,1721300324067,4906.38736318,S LIQ
2024-07-18 11:28:32.534,WIF,BUY,LIMIT,IOC,1627.6,2.473983,2.4377371,FILLED,55.1,1627.6,1721302112534,4026.6547308,S LIQ
